"Priority (ex: before first A race, between A races etc)","Base (Strong, Weak, StrangWeak)",Age (Recovery Cycle 4 Weeks for Under 40 and 3 weeks for Over 40),Weeks To Race,1.0,2.0,3.0,4.0,5.0,6.0,7.0,8.0,9.0,10.0,11.0,12.0,13.0,14.0,15.0,16.0,17.0,18.0,19.0,20.0,21.0,22.0,23.0,24.0,25.0,26.0,27.0,28.0,29.0,30.0,31.0,32.0,33.0,34.0,35.0,36.0,37.0,38.0,39.0,40.0,41.0,42.0,43.0,44.0,45.0,46.0,47.0,48.0
PriorA,SW,Over40,1.0,Race,NULL,NULL,NULL,NULL,NULL,NULL,NULL,NULL,NULL,NULL,NULL,NULL,NULL,NULL,NULL,NULL,NULL,NULL,NULL,NULL,NULL,NULL,NULL,NULL,NULL,NULL,NULL,NULL,NULL,NULL,NULL,NULL,NULL,NULL,NULL,NULL,NULL,NULL,NULL,NULL,NULL,NULL,NULL,NULL,NULL,NULL,NULL
PriorA,SW,Over40,2.0,Base 2 -week 2,Race,NULL,NULL,NULL,NULL,NULL,NULL,NULL,NULL,NULL,NULL,NULL,NULL,NULL,NULL,NULL,NULL,NULL,NULL,NULL,NULL,NULL,NULL,NULL,NULL,NULL,NULL,NULL,NULL,NULL,NULL,NULL,NULL,NULL,NULL,NULL,NULL,NULL,NULL,NULL,NULL,NULL,NULL,NULL,NULL,NULL,NULL
PriorA,SW,Over40,3.0,Base 2 -week 1,Base 2 -week 2,Race,NULL,NULL,NULL,NULL,NULL,NULL,NULL,NULL,NULL,NULL,NULL,NULL,NULL,NULL,NULL,NULL,NULL,NULL,NULL,NULL,NULL,NULL,NULL,NULL,NULL,NULL,NULL,NULL,NULL,NULL,NULL,NULL,NULL,NULL,NULL,NULL,NULL,NULL,NULL,NULL,NULL,NULL,NULL,NULL,NULL
PriorA,SW,Over40,4.0,Base 2 -week 1,Base 2 -week 2,Base 2 -week 4,Race,NULL,NULL,NULL,NULL,NULL,NULL,NULL,NULL,NULL,NULL,NULL,NULL,NULL,NULL,NULL,NULL,NULL,NULL,NULL,NULL,NULL,NULL,NULL,NULL,NULL,NULL,NULL,NULL,NULL,NULL,NULL,NULL,NULL,NULL,NULL,NULL,NULL,NULL,NULL,NULL,NULL,NULL,NULL,NULL
PriorA,SW,Over40,5.0,Preparation,Base 2 -week 1,Base 2 -week 2,Base 2 -week 4,Race,NULL,NULL,NULL,NULL,NULL,NULL,NULL,NULL,NULL,NULL,NULL,NULL,NULL,NULL,NULL,NULL,NULL,NULL,NULL,NULL,NULL,NULL,NULL,NULL,NULL,NULL,NULL,NULL,NULL,NULL,NULL,NULL,NULL,NULL,NULL,NULL,NULL,NULL,NULL,NULL,NULL,NULL,NULL
PriorA,SW,Over40,6.0,Base 1 -week 2,Base 1 -week 4,Base 2 -week 1,Base 2 -week 2,Base 2 -week 4,Race,NULL,NULL,NULL,NULL,NULL,NULL,NULL,NULL,NULL,NULL,NULL,NULL,NULL,NULL,NULL,NULL,NULL,NULL,NULL,NULL,NULL,NULL,NULL,NULL,NULL,NULL,NULL,NULL,NULL,NULL,NULL,NULL,NULL,NULL,NULL,NULL,NULL,NULL,NULL,NULL,NULL,NULL
PriorA,SW,Over40,7.0,Base 1 -week 2,Base 1 -week 4,Base 2 -week 1,Base 2 -week 2,Base 2 -week 4,Base 3 -week 1,Race,NULL,NULL,NULL,NULL,NULL,NULL,NULL,NULL,NULL,NULL,NULL,NULL,NULL,NULL,NULL,NULL,NULL,NULL,NULL,NULL,NULL,NULL,NULL,NULL,NULL,NULL,NULL,NULL,NULL,NULL,NULL,NULL,NULL,NULL,NULL,NULL,NULL,NULL,NULL,NULL,NULL
PriorA,SW,Over40,8.0,Base 1 -week 2,Base 1 -week 4,Base 2 -week 1,Base 2 -week 2,Base 2 -week 4,Base 3 -week 1,Base 3 -week 4,Race,NULL,NULL,NULL,NULL,NULL,NULL,NULL,NULL,NULL,NULL,NULL,NULL,NULL,NULL,NULL,NULL,NULL,NULL,NULL,NULL,NULL,NULL,NULL,NULL,NULL,NULL,NULL,NULL,NULL,NULL,NULL,NULL,NULL,NULL,NULL,NULL,NULL,NULL,NULL,NULL
PriorA,SW,Over40,9.0,Base 1 -week 2,Base 1 -week 4,Base 2 -week 1,Base 2 -week 2,Base 2 -week 4,Base 3 -week 1,Base 3 -week 2,Base 3 -week 4,Race,NULL,NULL,NULL,NULL,NULL,NULL,NULL,NULL,NULL,NULL,NULL,NULL,NULL,NULL,NULL,NULL,NULL,NULL,NULL,NULL,NULL,NULL,NULL,NULL,NULL,NULL,NULL,NULL,NULL,NULL,NULL,NULL,NULL,NULL,NULL,NULL,NULL,NULL,NULL
PriorA,SW,Over40,10.0,Base 1 -week 1,Base 1 -week 2,Base 1 -week 4,Base 2 -week 1,Base 2 -week 2,Base 2 -week 4,Base 3 -week 1,Base 3 -week 2,Base 3 -week 4,Race,NULL,NULL,NULL,NULL,NULL,NULL,NULL,NULL,NULL,NULL,NULL,NULL,NULL,NULL,NULL,NULL,NULL,NULL,NULL,NULL,NULL,NULL,NULL,NULL,NULL,NULL,NULL,NULL,NULL,NULL,NULL,NULL,NULL,NULL,NULL,NULL,NULL,NULL
PriorA,SW,Over40,11.0,Base 1 -week 1,Base 1 -week 2,Base 1 -week 4,Base 2 -week 1,Base 2 -week 2,Base 2 -week 4,Base 3 -week 1,Base 3 -week 2,Base 3 -week 4,Build 1 -week 1,Race,NULL,NULL,NULL,NULL,NULL,NULL,NULL,NULL,NULL,NULL,NULL,NULL,NULL,NULL,NULL,NULL,NULL,NULL,NULL,NULL,NULL,NULL,NULL,NULL,NULL,NULL,NULL,NULL,NULL,NULL,NULL,NULL,NULL,NULL,NULL,NULL,NULL
PriorA,SW,Over40,12.0,Base 1 -week 1,Base 1 -week 2,Base 1 -week 4,Base 2 -week 1,Base 2 -week 2,Base 2 -week 4,Base 3 -week 1,Base 3 -week 2,Base 3 -week 4,Build 1 -week 1,Build 1 -week 4,Race,NULL,NULL,NULL,NULL,NULL,NULL,NULL,NULL,NULL,NULL,NULL,NULL,NULL,NULL,NULL,NULL,NULL,NULL,NULL,NULL,NULL,NULL,NULL,NULL,NULL,NULL,NULL,NULL,NULL,NULL,NULL,NULL,NULL,NULL,NULL,NULL
PriorA,SW,Over40,13.0,Base 1 -week 1,Base 1 -week 2,Base 1 -week 4,Base 2 -week 1,Base 2 -week 2,Base 2 -week 4,Base 3 -week 1,Base 3 -week 2,Base 3 -week 4,Build 1 -week 1,Build 1 -week 2,Build 1 -week 4,Race,NULL,NULL,NULL,NULL,NULL,NULL,NULL,NULL,NULL,NULL,NULL,NULL,NULL,NULL,NULL,NULL,NULL,NULL,NULL,NULL,NULL,NULL,NULL,NULL,NULL,NULL,NULL,NULL,NULL,NULL,NULL,NULL,NULL,NULL,NULL
PriorA,SW,Over40,14.0,Preparation,Base 1 -week 1,Base 1 -week 2,Base 1 -week 4,Base 2 -week 1,Base 2 -week 2,Base 2 -week 4,Base 3 -week 1,Base 3 -week 2,Base 3 -week 4,Build 1 -week 1,Build 1 -week 2,Build 1 -week 4,Race,NULL,NULL,NULL,NULL,NULL,NULL,NULL,NULL,NULL,NULL,NULL,NULL,NULL,NULL,NULL,NULL,NULL,NULL,NULL,NULL,NULL,NULL,NULL,NULL,NULL,NULL,NULL,NULL,NULL,NULL,NULL,NULL,NULL,NULL
PriorA,SW,Over40,15.0,Preparation,Preparation,Base 1 -week 1,Base 1 -week 2,Base 1 -week 4,Base 2 -week 1,Base 2 -week 2,Base 2 -week 4,Base 3 -week 1,Base 3 -week 2,Base 3 -week 4,Build 1 -week 1,Build 1 -week 2,Build 1 -week 4,Race,NULL,NULL,NULL,NULL,NULL,NULL,NULL,NULL,NULL,NULL,NULL,NULL,NULL,NULL,NULL,NULL,NULL,NULL,NULL,NULL,NULL,NULL,NULL,NULL,NULL,NULL,NULL,NULL,NULL,NULL,NULL,NULL,NULL
PriorA,SW,Over40,16.0,Base 1 -week 1,Base 1 -week 2,Base 1 -week 4,Base 2 -week 1,Base 2 -week 2,Base 2 -week 4,Base 3 -week 1,Base 3 -week 2,Base 3 -week 4,Build 1 -week 1,Build 1 -week 2,Build 1 -week 4,Build 2 -week 1,Build 2 -week 2,Build 2 -week 4,Race,NULL,NULL,NULL,NULL,NULL,NULL,NULL,NULL,NULL,NULL,NULL,NULL,NULL,NULL,NULL,NULL,NULL,NULL,NULL,NULL,NULL,NULL,NULL,NULL,NULL,NULL,NULL,NULL,NULL,NULL,NULL,NULL
PriorA,SW,Over40,17.0,Base 1 -week 1,Base 1 -week 2,Base 1 -week 4,Base 2 -week 1,Base 2 -week 2,Base 2 -week 4,Base 3 -week 1,Base 3 -week 2,Base 3 -week 4,Build 1 -week 1,Build 1 -week 2,Build 1 -week 4,Build 2 -week 1,Build 2 -week 2,Build 2 -week 4,Peak -week 1,Race,NULL,NULL,NULL,NULL,NULL,NULL,NULL,NULL,NULL,NULL,NULL,NULL,NULL,NULL,NULL,NULL,NULL,NULL,NULL,NULL,NULL,NULL,NULL,NULL,NULL,NULL,NULL,NULL,NULL,NULL,NULL
PriorA,SW,Over40,18.0,Preparation,Base 1 -week 1,Base 1 -week 2,Base 1 -week 4,Base 2 -week 1,Base 2 -week 2,Base 2 -week 4,Base 3 -week 1,Base 3 -week 2,Base 3 -week 4,Build 1 -week 1,Build 1 -week 2,Build 1 -week 4,Build 2 -week 1,Build 2 -week 2,Build 2 -week 4,Peak -week 1,Race,NULL,NULL,NULL,NULL,NULL,NULL,NULL,NULL,NULL,NULL,NULL,NULL,NULL,NULL,NULL,NULL,NULL,NULL,NULL,NULL,NULL,NULL,NULL,NULL,NULL,NULL,NULL,NULL,NULL,NULL
PriorA,SW,Over40,19.0,Base 1 -week 1,Base 1 -week 2,Base 1 -week 4,Base 2 -week 1,Base 2 -week 2,Base 2 -week 4,Base 3 -week 1,Base 3 -week 2,Base 3 -week 4,Base 3 -week 1,Base 3 -week 2,Base 3 -week 4,Build 1 -week 1,Build 1 -week 2,Build 1 -week 4,Build 2 -week 1,Build 2 -week 2,Build 2 -week 4,Race,NULL,NULL,NULL,NULL,NULL,NULL,NULL,NULL,NULL,NULL,NULL,NULL,NULL,NULL,NULL,NULL,NULL,NULL,NULL,NULL,NULL,NULL,NULL,NULL,NULL,NULL,NULL,NULL,NULL
PriorA,SW,Under40,1.0,Race,NULL,NULL,NULL,NULL,NULL,NULL,NULL,NULL,NULL,NULL,NULL,NULL,NULL,NULL,NULL,NULL,NULL,NULL,NULL,NULL,NULL,NULL,NULL,NULL,NULL,NULL,NULL,NULL,NULL,NULL,NULL,NULL,NULL,NULL,NULL,NULL,NULL,NULL,NULL,NULL,NULL,NULL,NULL,NULL,NULL,NULL,NULL
PriorA,SW,Under40,2.0,Base 2 -week 2,Race,NULL,NULL,NULL,NULL,NULL,NULL,NULL,NULL,NULL,NULL,NULL,NULL,NULL,NULL,NULL,NULL,NULL,NULL,NULL,NULL,NULL,NULL,NULL,NULL,NULL,NULL,NULL,NULL,NULL,NULL,NULL,NULL,NULL,NULL,NULL,NULL,NULL,NULL,NULL,NULL,NULL,NULL,NULL,NULL,NULL,NULL
PriorA,SW,Under40,3.0,Base 2 -week 1,Base 2 -week 2,Race,NULL,NULL,NULL,NULL,NULL,NULL,NULL,NULL,NULL,NULL,NULL,NULL,NULL,NULL,NULL,NULL,NULL,NULL,NULL,NULL,NULL,NULL,NULL,NULL,NULL,NULL,NULL,NULL,NULL,NULL,NULL,NULL,NULL,NULL,NULL,NULL,NULL,NULL,NULL,NULL,NULL,NULL,NULL,NULL,NULL
PriorA,SW,Under40,4.0,Base 2 -week 1,Base 2 -week 2,Base 2 -week 3,Race,NULL,NULL,NULL,NULL,NULL,NULL,NULL,NULL,NULL,NULL,NULL,NULL,NULL,NULL,NULL,NULL,NULL,NULL,NULL,NULL,NULL,NULL,NULL,NULL,NULL,NULL,NULL,NULL,NULL,NULL,NULL,NULL,NULL,NULL,NULL,NULL,NULL,NULL,NULL,NULL,NULL,NULL,NULL,NULL
PriorA,SW,Under40,5.0,Base 2 -week 1,Base 2 -week 2,Base 2 -week 4,Base 3 -week 1,Race,NULL,NULL,NULL,NULL,NULL,NULL,NULL,NULL,NULL,NULL,NULL,NULL,NULL,NULL,NULL,NULL,NULL,NULL,NULL,NULL,NULL,NULL,NULL,NULL,NULL,NULL,NULL,NULL,NULL,NULL,NULL,NULL,NULL,NULL,NULL,NULL,NULL,NULL,NULL,NULL,NULL,NULL,NULL
PriorA,SW,Under40,6.0,Base 2 -week 1,Base 2 -week 2,Base 2 -week 4,Base 3 -week 1,Base 3 -week 2,Race,NULL,NULL,NULL,NULL,NULL,NULL,NULL,NULL,NULL,NULL,NULL,NULL,NULL,NULL,NULL,NULL,NULL,NULL,NULL,NULL,NULL,NULL,NULL,NULL,NULL,NULL,NULL,NULL,NULL,NULL,NULL,NULL,NULL,NULL,NULL,NULL,NULL,NULL,NULL,NULL,NULL,NULL
PriorA,SW,Under40,7.0,Base 2 -week 1,Base 2 -week 2,Base 2 -week 4,Base 3 -week 1,Base 3 -week 2,Base 3 -week 4,Race,NULL,NULL,NULL,NULL,NULL,NULL,NULL,NULL,NULL,NULL,NULL,NULL,NULL,NULL,NULL,NULL,NULL,NULL,NULL,NULL,NULL,NULL,NULL,NULL,NULL,NULL,NULL,NULL,NULL,NULL,NULL,NULL,NULL,NULL,NULL,NULL,NULL,NULL,NULL,NULL,NULL
PriorA,SW,Under40,8.0,Base 1 -week 2,Base 1 -week 4,Base 2 -week 1,Base 2 -week 2,Base 2 -week 4,Base 3 -week 1,Base 3 -week 2,Race,NULL,NULL,NULL,NULL,NULL,NULL,NULL,NULL,NULL,NULL,NULL,NULL,NULL,NULL,NULL,NULL,NULL,NULL,NULL,NULL,NULL,NULL,NULL,NULL,NULL,NULL,NULL,NULL,NULL,NULL,NULL,NULL,NULL,NULL,NULL,NULL,NULL,NULL,NULL,NULL
PriorA,SW,Over40,20.0,Base 1 -week 1,Base 1 -week 2,Base 1 -week 4,Base 2 -week 1,Base 2 -week 2,Base 2 -week 4,Base 3 -week 1,Base 3 -week 2,Base 3 -week 4,Base 3 -week 1,Base 3 -week 2,Base 3 -week 4,Build 1 -week 1,Build 1 -week 2,Build 1 -week 4,Build 2 -week 1,Build 2 -week 2,Build 2 -week 4,Peak -week 1,Race,NULL,NULL,NULL,NULL,NULL,NULL,NULL,NULL,NULL,NULL,NULL,NULL,NULL,NULL,NULL,NULL,NULL,NULL,NULL,NULL,NULL,NULL,NULL,NULL,NULL,NULL,NULL,NULL
PriorA,SW,Over40,21.0,Base 1 -week 1,Base 1 -week 2,Base 1 -week 4,Base 2 -week 1,Base 2 -week 2,Base 2 -week 4,Base 3 -week 1,Base 3 -week 2,Base 3 -week 4,Base 3 -week 1,Base 3 -week 2,Base 3 -week 4,Build 1 -week 1,Build 1 -week 2,Build 1 -week 4,Build 2 -week 1,Build 2 -week 2,Build 2 -week 4,Build 2 -week 2,Build 2 -week 4,Race,NULL,NULL,NULL,NULL,NULL,NULL,NULL,NULL,NULL,NULL,NULL,NULL,NULL,NULL,NULL,NULL,NULL,NULL,NULL,NULL,NULL,NULL,NULL,NULL,NULL,NULL,NULL
PriorA,SW,Over40,22.0,Base 1 -week 1,Base 1 -week 2,Base 1 -week 4,Base 2 -week 1,Base 2 -week 2,Base 2 -week 4,Base 3 -week 1,Base 3 -week 2,Base 3 -week 4,Base 3 -week 1,Base 3 -week 2,Base 3 -week 4,Build 1 -week 1,Build 1 -week 2,Build 1 -week 4,Build 2 -week 1,Build 2 -week 2,Build 2 -week 4,Build 2 -week 2,Build 2 -week 4,Peak -week 1,Race,NULL,NULL,NULL,NULL,NULL,NULL,NULL,NULL,NULL,NULL,NULL,NULL,NULL,NULL,NULL,NULL,NULL,NULL,NULL,NULL,NULL,NULL,NULL,NULL,NULL,NULL
PriorA,SW,Over40,23.0,Base 1 -week 1,Base 1 -week 2,Base 1 -week 4,Base 2 -week 1,Base 2 -week 2,Base 2 -week 4,Base 3 -week 1,Base 3 -week 2,Base 3 -week 4,Base 3 -week 1,Base 3 -week 2,Base 3 -week 4,Build 1 -week 1,Build 1 -week 2,Build 1 -week 4,Build 2 -week 1,Build 2 -week 2,Build 2 -week 4,Build 2 -week 1,Build 2 -week 2,Build 2 -week 4,Peak -week 1,Race,NULL,NULL,NULL,NULL,NULL,NULL,NULL,NULL,NULL,NULL,NULL,NULL,NULL,NULL,NULL,NULL,NULL,NULL,NULL,NULL,NULL,NULL,NULL,NULL,NULL
PriorA,SW,Over40,24.0,Preparation,Base 1 -week 1,Base 1 -week 2,Base 1 -week 4,Base 2 -week 1,Base 2 -week 2,Base 2 -week 4,Base 3 -week 1,Base 3 -week 2,Base 3 -week 4,Base 3 -week 1,Base 3 -week 2,Base 3 -week 4,Build 1 -week 1,Build 1 -week 2,Build 1 -week 4,Build 2 -week 1,Build 2 -week 2,Build 2 -week 4,Build 2 -week 1,Build 2 -week 2,Build 2 -week 4,Peak -week 1,Race,NULL,NULL,NULL,NULL,NULL,NULL,NULL,NULL,NULL,NULL,NULL,NULL,NULL,NULL,NULL,NULL,NULL,NULL,NULL,NULL,NULL,NULL,NULL,NULL
PriorA,SW,Over40,25.0,Preparation,Preparation,Base 1 -week 1,Base 1 -week 2,Base 1 -week 4,Base 2 -week 1,Base 2 -week 2,Base 2 -week 4,Base 3 -week 1,Base 3 -week 2,Base 3 -week 4,Base 3 -week 1,Base 3 -week 2,Base 3 -week 4,Build 1 -week 1,Build 1 -week 2,Build 1 -week 4,Build 2 -week 1,Build 2 -week 2,Build 2 -week 4,Build 2 -week 1,Build 2 -week 2,Build 2 -week 4,Peak -week 1,Race,NULL,NULL,NULL,NULL,NULL,NULL,NULL,NULL,NULL,NULL,NULL,NULL,NULL,NULL,NULL,NULL,NULL,NULL,NULL,NULL,NULL,NULL,NULL
PriorA,SW,Over40,26.0,Preparation,Preparation,Base 1 -week 1,Base 1 -week 2,Base 1 -week 4,Base 2 -week 1,Base 2 -week 2,Base 2 -week 4,Base 3 -week 1,Base 3 -week 2,Base 3 -week 4,Base 3 -week 1,Base 3 -week 2,Base 3 -week 4,Build 1 -week 1,Build 1 -week 2,Build 1 -week 4,Build 2 -week 1,Build 2 -week 2,Build 2 -week 4,Build 2 -week 1,Build 2 -week 2,Build 2 -week 4,Peak -week 1,Peak -week 2,Race,NULL,NULL,NULL,NULL,NULL,NULL,NULL,NULL,NULL,NULL,NULL,NULL,NULL,NULL,NULL,NULL,NULL,NULL,NULL,NULL,NULL,NULL
PriorA,SW,Over40,27.0,Preparation,Preparation,Preparation,Base 1 -week 1,Base 1 -week 2,Base 1 -week 4,Base 2 -week 1,Base 2 -week 2,Base 2 -week 4,Base 3 -week 1,Base 3 -week 2,Base 3 -week 4,Base 3 -week 1,Base 3 -week 2,Base 3 -week 4,Build 1 -week 1,Build 1 -week 2,Build 1 -week 4,Build 2 -week 1,Build 2 -week 2,Build 2 -week 4,Build 2 -week 1,Build 2 -week 2,Build 2 -week 4,Peak -week 1,Peak -week 2,Race,NULL,NULL,NULL,NULL,NULL,NULL,NULL,NULL,NULL,NULL,NULL,NULL,NULL,NULL,NULL,NULL,NULL,NULL,NULL,NULL,NULL
PriorA,SW,Over40,28.0,Preparation,Preparation,Preparation,Preparation,Base 1 -week 1,Base 1 -week 2,Base 1 -week 4,Base 2 -week 1,Base 2 -week 2,Base 2 -week 4,Base 3 -week 1,Base 3 -week 2,Base 3 -week 4,Base 3 -week 1,Base 3 -week 2,Base 3 -week 4,Build 1 -week 1,Build 1 -week 2,Build 1 -week 4,Build 2 -week 1,Build 2 -week 2,Build 2 -week 4,Build 2 -week 1,Build 2 -week 2,Build 2 -week 4,Peak -week 1,Peak -week 2,Race,NULL,NULL,NULL,NULL,NULL,NULL,NULL,NULL,NULL,NULL,NULL,NULL,NULL,NULL,NULL,NULL,NULL,NULL,NULL,NULL
PriorA,SW,Under40,9.0,Base 1 -week 2,Base 1 -week 4,Base 2 -week 1,Base 2 -week 2,Base 2 -week 4,Base 3 -week 1,Base 3 -week 2,Base 3 -week 4,Race,NULL,NULL,NULL,NULL,NULL,NULL,NULL,NULL,NULL,NULL,NULL,NULL,NULL,NULL,NULL,NULL,NULL,NULL,NULL,NULL,NULL,NULL,NULL,NULL,NULL,NULL,NULL,NULL,NULL,NULL,NULL,NULL,NULL,NULL,NULL,NULL,NULL,NULL,NULL
PriorA,SW,Under40,10.0,Base 1 -week 1,Base 1 -week 2,Base 1 -week 4,Base 2 -week 1,Base 2 -week 2,Base 2 -week 4,Base 3 -week 1,Base 3 -week 2,Base 3 -week 4,Race,NULL,NULL,NULL,NULL,NULL,NULL,NULL,NULL,NULL,NULL,NULL,NULL,NULL,NULL,NULL,NULL,NULL,NULL,NULL,NULL,NULL,NULL,NULL,NULL,NULL,NULL,NULL,NULL,NULL,NULL,NULL,NULL,NULL,NULL,NULL,NULL,NULL,NULL
PriorA,SW,Under40,11.0,Base 1 -week 1,Base 1 -week 2,Base 1 -week 4,Base 2 -week 1,Base 2 -week 2,Base 2 -week 4,Base 3 -week 1,Base 3 -week 2,Base 3 -week 3,Base 3 -week 4,Race,NULL,NULL,NULL,NULL,NULL,NULL,NULL,NULL,NULL,NULL,NULL,NULL,NULL,NULL,NULL,NULL,NULL,NULL,NULL,NULL,NULL,NULL,NULL,NULL,NULL,NULL,NULL,NULL,NULL,NULL,NULL,NULL,NULL,NULL,NULL,NULL,NULL
PriorA,SW,Over40,29.0,Preparation,Preparation,Preparation,Preparation,Preparation,Base 1 -week 1,Base 1 -week 2,Base 1 -week 4,Base 2 -week 1,Base 2 -week 2,Base 2 -week 4,Base 3 -week 1,Base 3 -week 2,Base 3 -week 4,Base 3 -week 1,Base 3 -week 2,Base 3 -week 4,Build 1 -week 1,Build 1 -week 2,Build 1 -week 4,Build 2 -week 1,Build 2 -week 2,Build 2 -week 4,Build 2 -week 1,Build 2 -week 2,Build 2 -week 4,Peak -week 1,Peak -week 2,Race,NULL,NULL,NULL,NULL,NULL,NULL,NULL,NULL,NULL,NULL,NULL,NULL,NULL,NULL,NULL,NULL,NULL,NULL,NULL
PriorA,SW,Over40,30.0,Preparation,Preparation,Preparation,Preparation,Preparation,Preparation,Base 1 -week 1,Base 1 -week 2,Base 1 -week 4,Base 2 -week 1,Base 2 -week 2,Base 2 -week 4,Base 3 -week 1,Base 3 -week 2,Base 3 -week 4,Base 3 -week 1,Base 3 -week 2,Base 3 -week 4,Build 1 -week 1,Build 1 -week 2,Build 1 -week 4,Build 2 -week 1,Build 2 -week 2,Build 2 -week 4,Build 2 -week 1,Build 2 -week 2,Build 2 -week 4,Peak -week 1,Peak -week 2,Race,NULL,NULL,NULL,NULL,NULL,NULL,NULL,NULL,NULL,NULL,NULL,NULL,NULL,NULL,NULL,NULL,NULL,NULL
PriorA,SW,Over40,31.0,Preparation,Preparation,Preparation,Preparation,Base 1 -week 1,Base 1 -week 2,Base 1 -week 4,Base 2 -week 1,Base 2 -week 2,Base 2 -week 4,Base 3 -week 1,Base 3 -week 2,Base 3 -week 4,Base 3 -week 1,Base 3 -week 2,Base 3 -week 4,Base 3 -week 1,Base 3 -week 2,Base 3 -week 4,Build 1 -week 1,Build 1 -week 2,Build 1 -week 4,Build 2 -week 1,Build 2 -week 2,Build 2 -week 4,Build 2 -week 1,Build 2 -week 2,Build 2 -week 4,Peak -week 1,Peak -week 2,Race,NULL,NULL,NULL,NULL,NULL,NULL,NULL,NULL,NULL,NULL,NULL,NULL,NULL,NULL,NULL,NULL,NULL
PriorA,SW,Over40,32.0,Preparation,Preparation,Preparation,Preparation,Preparation,Base 1 -week 1,Base 1 -week 2,Base 1 -week 4,Base 2 -week 1,Base 2 -week 2,Base 2 -week 4,Base 3 -week 1,Base 3 -week 2,Base 3 -week 4,Base 3 -week 1,Base 3 -week 2,Base 3 -week 4,Base 3 -week 1,Base 3 -week 2,Base 3 -week 4,Build 1 -week 1,Build 1 -week 2,Build 1 -week 4,Build 2 -week 1,Build 2 -week 2,Build 2 -week 4,Build 2 -week 1,Build 2 -week 2,Build 2 -week 4,Peak -week 1,Peak -week 2,Race,NULL,NULL,NULL,NULL,NULL,NULL,NULL,NULL,NULL,NULL,NULL,NULL,NULL,NULL,NULL,NULL
PriorA,SW,Over40,33.0,Preparation,Preparation,Preparation,Preparation,Preparation,Preparation,Base 1 -week 1,Base 1 -week 2,Base 1 -week 4,Base 2 -week 1,Base 2 -week 2,Base 2 -week 4,Base 3 -week 1,Base 3 -week 2,Base 3 -week 4,Base 3 -week 1,Base 3 -week 2,Base 3 -week 4,Base 3 -week 1,Base 3 -week 2,Base 3 -week 4,Build 1 -week 1,Build 1 -week 2,Build 1 -week 4,Build 2 -week 1,Build 2 -week 2,Build 2 -week 4,Build 2 -week 1,Build 2 -week 2,Build 2 -week 4,Peak -week 1,Peak -week 2,Race,NULL,NULL,NULL,NULL,NULL,NULL,NULL,NULL,NULL,NULL,NULL,NULL,NULL,NULL,NULL
PriorA,SW,Over40,34.0,Preparation,Preparation,Preparation,Preparation,Base 1 -week 1,Base 1 -week 2,Base 1 -week 4,Base 2 -week 1,Base 2 -week 2,Base 2 -week 4,Base 3 -week 1,Base 3 -week 2,Base 3 -week 4,Base 3 -week 1,Base 3 -week 2,Base 3 -week 4,Base 3 -week 1,Base 3 -week 2,Base 3 -week 4,Base 3 -week 1,Base 3 -week 2,Base 3 -week 4,Build 1 -week 1,Build 1 -week 2,Build 1 -week 4,Build 2 -week 1,Build 2 -week 2,Build 2 -week 4,Build 2 -week 1,Build 2 -week 2,Build 2 -week 4,Peak -week 1,Peak -week 2,Race,NULL,NULL,NULL,NULL,NULL,NULL,NULL,NULL,NULL,NULL,NULL,NULL,NULL,NULL
PriorA,SW,Over40,35.0,Preparation,Preparation,Preparation,Preparation,Preparation,Base 1 -week 1,Base 1 -week 2,Base 1 -week 4,Base 2 -week 1,Base 2 -week 2,Base 2 -week 4,Base 3 -week 1,Base 3 -week 2,Base 3 -week 4,Base 3 -week 1,Base 3 -week 2,Base 3 -week 4,Base 3 -week 1,Base 3 -week 2,Base 3 -week 4,Base 3 -week 1,Base 3 -week 2,Base 3 -week 4,Build 1 -week 1,Build 1 -week 2,Build 1 -week 4,Build 2 -week 1,Build 2 -week 2,Build 2 -week 4,Build 2 -week 1,Build 2 -week 2,Build 2 -week 4,Peak -week 1,Peak -week 2,Race,NULL,NULL,NULL,NULL,NULL,NULL,NULL,NULL,NULL,NULL,NULL,NULL,NULL
A-A,S,Over40,9.0,Transition,Build 1 -week 1,Build 1 -week 2,Build 2 -week 1,Build 2 -week 2,Build 2 -week 4,Build 2 -week 1,Peak -week 1,Race,NULL,NULL,NULL,NULL,NULL,NULL,NULL,NULL,NULL,NULL,NULL,NULL,NULL,NULL,NULL,NULL,NULL,NULL,NULL,NULL,NULL,NULL,NULL,NULL,NULL,NULL,NULL,NULL,NULL,NULL,NULL,NULL,NULL,NULL,NULL,NULL,NULL,NULL,NULL
A-A,S,Over40,10.0,Transition,Build 1 -week 1,Build 1 -week 2,Build 1 -week 4,Build 2 -week 1,Build 2 -week 2,Build 2 -week 4,Build 2 -week 1,Peak -week 1,Race,NULL,NULL,NULL,NULL,NULL,NULL,NULL,NULL,NULL,NULL,NULL,NULL,NULL,NULL,NULL,NULL,NULL,NULL,NULL,NULL,NULL,NULL,NULL,NULL,NULL,NULL,NULL,NULL,NULL,NULL,NULL,NULL,NULL,NULL,NULL,NULL,NULL,NULL
A-A,S,Over40,7.0,Build 1 -week 4,Build 2 -week 1,Build 2 -week 2,Build 2 -week 4,Build 2 -week 1,Peak -week 1,Race,NULL,NULL,NULL,NULL,NULL,NULL,NULL,NULL,NULL,NULL,NULL,NULL,NULL,NULL,NULL,NULL,NULL,NULL,NULL,NULL,NULL,NULL,NULL,NULL,NULL,NULL,NULL,NULL,NULL,NULL,NULL,NULL,NULL,NULL,NULL,NULL,NULL,NULL,NULL,NULL,NULL
PriorA,SW,Over40,36.0,Preparation,Preparation,Preparation,Preparation,Preparation,Preparation,Base 1 -week 1,Base 1 -week 2,Base 1 -week 4,Base 2 -week 1,Base 2 -week 2,Base 2 -week 4,Base 3 -week 1,Base 3 -week 2,Base 3 -week 4,Base 3 -week 1,Base 3 -week 2,Base 3 -week 4,Base 3 -week 1,Base 3 -week 2,Base 3 -week 4,Base 3 -week 1,Base 3 -week 2,Base 3 -week 4,Build 1 -week 1,Build 1 -week 2,Build 1 -week 4,Build 2 -week 1,Build 2 -week 2,Build 2 -week 4,Build 2 -week 1,Build 2 -week 2,Build 2 -week 4,Peak -week 1,Peak -week 2,Race,NULL,NULL,NULL,NULL,NULL,NULL,NULL,NULL,NULL,NULL,NULL,NULL
PriorA,SW,Over40,37.0,Preparation,Preparation,Preparation,Preparation,Base 1 -week 1,Base 1 -week 2,Base 1 -week 4,Base 2 -week 1,Base 2 -week 2,Base 2 -week 4,Base 2 -week 1,Base 2 -week 2,Base 2 -week 4,Base 3 -week 1,Base 3 -week 2,Base 3 -week 4,Base 3 -week 1,Base 3 -week 2,Base 3 -week 4,Base 3 -week 1,Base 3 -week 2,Base 3 -week 4,Base 3 -week 1,Base 3 -week 2,Base 3 -week 4,Build 1 -week 1,Build 1 -week 2,Build 1 -week 4,Build 2 -week 1,Build 2 -week 2,Build 2 -week 4,Build 2 -week 1,Build 2 -week 2,Build 2 -week 4,Peak -week 1,Peak -week 2,Race,NULL,NULL,NULL,NULL,NULL,NULL,NULL,NULL,NULL,NULL,NULL
PriorA,SW,Over40,38.0,Preparation,Preparation,Preparation,Preparation,Preparation,Base 1 -week 1,Base 1 -week 2,Base 1 -week 4,Base 2 -week 1,Base 2 -week 2,Base 2 -week 4,Base 2 -week 1,Base 2 -week 2,Base 2 -week 4,Base 3 -week 1,Base 3 -week 2,Base 3 -week 4,Base 3 -week 1,Base 3 -week 2,Base 3 -week 4,Base 3 -week 1,Base 3 -week 2,Base 3 -week 4,Base 3 -week 1,Base 3 -week 2,Base 3 -week 4,Build 1 -week 1,Build 1 -week 2,Build 1 -week 4,Build 2 -week 1,Build 2 -week 2,Build 2 -week 4,Build 2 -week 1,Build 2 -week 2,Build 2 -week 4,Peak -week 1,Peak -week 2,Race,NULL,NULL,NULL,NULL,NULL,NULL,NULL,NULL,NULL,NULL
PriorA,SW,Over40,39.0,Preparation,Preparation,Preparation,Preparation,Preparation,Preparation,Base 1 -week 1,Base 1 -week 2,Base 1 -week 4,Base 2 -week 1,Base 2 -week 2,Base 2 -week 4,Base 2 -week 1,Base 2 -week 2,Base 2 -week 4,Base 3 -week 1,Base 3 -week 2,Base 3 -week 4,Base 3 -week 1,Base 3 -week 2,Base 3 -week 4,Base 3 -week 1,Base 3 -week 2,Base 3 -week 4,Base 3 -week 1,Base 3 -week 2,Base 3 -week 4,Build 1 -week 1,Build 1 -week 2,Build 1 -week 4,Build 2 -week 1,Build 2 -week 2,Build 2 -week 4,Build 2 -week 1,Build 2 -week 2,Build 2 -week 4,Peak -week 1,Peak -week 2,Race,NULL,NULL,NULL,NULL,NULL,NULL,NULL,NULL,NULL
PriorA,SW,Over40,40.0,Preparation,Preparation,Preparation,Preparation,Base 1 -week 1,Base 1 -week 2,Base 1 -week 4,Base 1 -week 1,Base 1 -week 2,Base 1 -week 4,Base 2 -week 1,Base 2 -week 2,Base 2 -week 4,Base 2 -week 1,Base 2 -week 2,Base 2 -week 4,Base 3 -week 1,Base 3 -week 2,Base 3 -week 4,Base 3 -week 1,Base 3 -week 2,Base 3 -week 4,Base 3 -week 1,Base 3 -week 2,Base 3 -week 4,Base 3 -week 1,Base 3 -week 2,Base 3 -week 4,Build 1 -week 1,Build 1 -week 2,Build 1 -week 4,Build 2 -week 1,Build 2 -week 2,Build 2 -week 4,Build 2 -week 1,Build 2 -week 2,Build 2 -week 4,Peak -week 1,Peak -week 2,Race,NULL,NULL,NULL,NULL,NULL,NULL,NULL,NULL
PriorA,SW,Over40,41.0,Preparation,Preparation,Preparation,Preparation,Preparation,Base 1 -week 1,Base 1 -week 2,Base 1 -week 4,Base 1 -week 1,Base 1 -week 2,Base 1 -week 4,Base 2 -week 1,Base 2 -week 2,Base 2 -week 4,Base 2 -week 1,Base 2 -week 2,Base 2 -week 4,Base 3 -week 1,Base 3 -week 2,Base 3 -week 4,Base 3 -week 1,Base 3 -week 2,Base 3 -week 4,Base 3 -week 1,Base 3 -week 2,Base 3 -week 4,Base 3 -week 1,Base 3 -week 2,Base 3 -week 4,Build 1 -week 1,Build 1 -week 2,Build 1 -week 4,Build 2 -week 1,Build 2 -week 2,Build 2 -week 4,Build 2 -week 1,Build 2 -week 2,Build 2 -week 4,Peak -week 1,Peak -week 2,Race,NULL,NULL,NULL,NULL,NULL,NULL,NULL
A-A,S,Over40,11.0,Transition,Build 1 -week 1,Build 1 -week 2,Build 1 -week 4,Build 2 -week 1,Build 2 -week 2,Build 2 -week 4,Build 2 -week 1,Build 2 -week 4,Peak -week 1,Race,NULL,NULL,NULL,NULL,NULL,NULL,NULL,NULL,NULL,NULL,NULL,NULL,NULL,NULL,NULL,NULL,NULL,NULL,NULL,NULL,NULL,NULL,NULL,NULL,NULL,NULL,NULL,NULL,NULL,NULL,NULL,NULL,NULL,NULL,NULL,NULL,NULL
A-A,W,Over40,10.0,Transition,Base 3 -week 1,Base 3 -week 2,Base 3 -week 4,Build 1 -week 1,Build 1 -week 2,Build 1 -week 4,Peak -week 1,Peak -week 2,Race,NULL,NULL,NULL,NULL,NULL,NULL,NULL,NULL,NULL,NULL,NULL,NULL,NULL,NULL,NULL,NULL,NULL,NULL,NULL,NULL,NULL,NULL,NULL,NULL,NULL,NULL,NULL,NULL,NULL,NULL,NULL,NULL,NULL,NULL,NULL,NULL,NULL,NULL
PriorA,SW,Over40,42.0,Preparation,Preparation,Preparation,Preparation,Preparation,Preparation,Base 1 -week 1,Base 1 -week 2,Base 1 -week 4,Base 1 -week 1,Base 1 -week 2,Base 1 -week 4,Base 2 -week 1,Base 2 -week 2,Base 2 -week 4,Base 2 -week 1,Base 2 -week 2,Base 2 -week 4,Base 3 -week 1,Base 3 -week 2,Base 3 -week 4,Base 3 -week 1,Base 3 -week 2,Base 3 -week 4,Base 3 -week 1,Base 3 -week 2,Base 3 -week 4,Base 3 -week 1,Base 3 -week 2,Base 3 -week 4,Build 1 -week 1,Build 1 -week 2,Build 1 -week 4,Build 2 -week 1,Build 2 -week 2,Build 2 -week 4,Build 2 -week 1,Build 2 -week 2,Build 2 -week 4,Peak -week 1,Peak -week 2,Race,NULL,NULL,NULL,NULL,NULL,NULL
PriorA,SW,Over40,43.0,Preparation,Preparation,Preparation,Preparation,Base 1 -week 1,Base 1 -week 2,Base 1 -week 4,Base 1 -week 1,Base 1 -week 2,Base 1 -week 4,Base 2 -week 1,Base 2 -week 2,Base 2 -week 4,Base 2 -week 1,Base 2 -week 2,Base 2 -week 4,Base 3 -week 1,Base 3 -week 2,Base 3 -week 4,Base 3 -week 1,Base 3 -week 2,Base 3 -week 4,Base 3 -week 1,Base 3 -week 2,Base 3 -week 4,Base 3 -week 1,Base 3 -week 2,Base 3 -week 4,Base 3 -week 1,Base 3 -week 2,Base 3 -week 4,Build 1 -week 1,Build 1 -week 2,Build 1 -week 4,Build 2 -week 1,Build 2 -week 2,Build 2 -week 4,Build 2 -week 1,Build 2 -week 2,Build 2 -week 4,Peak -week 1,Peak -week 2,Race,NULL,NULL,NULL,NULL,NULL
PriorA,SW,Over40,44.0,Preparation,Preparation,Preparation,Preparation,Preparation,Base 1 -week 1,Base 1 -week 2,Base 1 -week 4,Base 1 -week 1,Base 1 -week 2,Base 1 -week 4,Base 2 -week 1,Base 2 -week 2,Base 2 -week 4,Base 2 -week 1,Base 2 -week 2,Base 2 -week 4,Base 3 -week 1,Base 3 -week 2,Base 3 -week 4,Base 3 -week 1,Base 3 -week 2,Base 3 -week 4,Base 3 -week 1,Base 3 -week 2,Base 3 -week 4,Base 3 -week 1,Base 3 -week 2,Base 3 -week 4,Base 3 -week 1,Base 3 -week 2,Base 3 -week 4,Build 1 -week 1,Build 1 -week 2,Build 1 -week 4,Build 2 -week 1,Build 2 -week 2,Build 2 -week 4,Build 2 -week 1,Build 2 -week 2,Build 2 -week 4,Peak -week 1,Peak -week 2,Race,NULL,NULL,NULL,NULL
PriorA,SW,Over40,45.0,Preparation,Preparation,Preparation,Preparation,Preparation,Preparation,Base 1 -week 1,Base 1 -week 2,Base 1 -week 4,Base 1 -week 1,Base 1 -week 2,Base 1 -week 4,Base 2 -week 1,Base 2 -week 2,Base 2 -week 4,Base 2 -week 1,Base 2 -week 2,Base 2 -week 4,Base 3 -week 1,Base 3 -week 2,Base 3 -week 4,Base 3 -week 1,Base 3 -week 2,Base 3 -week 4,Base 3 -week 1,Base 3 -week 2,Base 3 -week 4,Base 3 -week 1,Base 3 -week 2,Base 3 -week 4,Base 3 -week 1,Base 3 -week 2,Base 3 -week 4,Build 1 -week 1,Build 1 -week 2,Build 1 -week 4,Build 2 -week 1,Build 2 -week 2,Build 2 -week 4,Build 2 -week 1,Build 2 -week 2,Build 2 -week 4,Peak -week 1,Peak -week 2,Race,NULL,NULL,NULL
PriorA,SW,Over40,46.0,Preparation,Preparation,Preparation,Preparation,Base 1 -week 1,Base 1 -week 2,Base 1 -week 4,Base 1 -week 1,Base 1 -week 2,Base 1 -week 4,Base 2 -week 1,Base 2 -week 2,Base 2 -week 4,Base 2 -week 1,Base 2 -week 2,Base 2 -week 4,Base 2 -week 1,Base 2 -week 2,Base 2 -week 4,Base 3 -week 1,Base 3 -week 2,Base 3 -week 4,Base 3 -week 1,Base 3 -week 2,Base 3 -week 4,Base 3 -week 1,Base 3 -week 2,Base 3 -week 4,Base 3 -week 1,Base 3 -week 2,Base 3 -week 4,Base 3 -week 1,Base 3 -week 2,Base 3 -week 4,Build 1 -week 1,Build 1 -week 2,Build 1 -week 4,Build 2 -week 1,Build 2 -week 2,Build 2 -week 4,Build 2 -week 1,Build 2 -week 2,Build 2 -week 4,Peak -week 1,Peak -week 2,Race,NULL,NULL
PriorB1,SW,Over40,8.0,Base 1 -week 1,Base 1 -week 2,Base 1 -week 4,Base 2 -week 1,Base 2 -week 2,Base 2 -week 4,Base 3 -week 1,Base 3 -week 4,NULL,NULL,NULL,NULL,NULL,NULL,NULL,NULL,NULL,NULL,NULL,NULL,NULL,NULL,NULL,NULL,NULL,NULL,NULL,NULL,NULL,NULL,NULL,NULL,NULL,NULL,NULL,NULL,NULL,NULL,NULL,NULL,NULL,NULL,NULL,NULL,NULL,NULL,NULL,NULL
A-A,S,Over40,1.0,Race,NULL,NULL,NULL,NULL,NULL,NULL,NULL,NULL,NULL,NULL,NULL,NULL,NULL,NULL,NULL,NULL,NULL,NULL,NULL,NULL,NULL,NULL,NULL,NULL,NULL,NULL,NULL,NULL,NULL,NULL,NULL,NULL,NULL,NULL,NULL,NULL,NULL,NULL,NULL,NULL,NULL,NULL,NULL,NULL,NULL,NULL,NULL
A-A,S,Over40,2.0,Peak -week 1,Race,NULL,NULL,NULL,NULL,NULL,NULL,NULL,NULL,NULL,NULL,NULL,NULL,NULL,NULL,NULL,NULL,NULL,NULL,NULL,NULL,NULL,NULL,NULL,NULL,NULL,NULL,NULL,NULL,NULL,NULL,NULL,NULL,NULL,NULL,NULL,NULL,NULL,NULL,NULL,NULL,NULL,NULL,NULL,NULL,NULL,NULL
A-A,S,Over40,3.0,Build 2 -week 1,Peak -week 1,Race,NULL,NULL,NULL,NULL,NULL,NULL,NULL,NULL,NULL,NULL,NULL,NULL,NULL,NULL,NULL,NULL,NULL,NULL,NULL,NULL,NULL,NULL,NULL,NULL,NULL,NULL,NULL,NULL,NULL,NULL,NULL,NULL,NULL,NULL,NULL,NULL,NULL,NULL,NULL,NULL,NULL,NULL,NULL,NULL,NULL
A-A,S,Over40,4.0,Build 2 -week 1,Build 2 -week 2,Peak -week 1,Race,NULL,NULL,NULL,NULL,NULL,NULL,NULL,NULL,NULL,NULL,NULL,NULL,NULL,NULL,NULL,NULL,NULL,NULL,NULL,NULL,NULL,NULL,NULL,NULL,NULL,NULL,NULL,NULL,NULL,NULL,NULL,NULL,NULL,NULL,NULL,NULL,NULL,NULL,NULL,NULL,NULL,NULL,NULL,NULL
A-A,S,Over40,5.0,Build 1 -week 4,Build 2 -week 1,Build 2 -week 2,Peak -week 1,Race,NULL,NULL,NULL,NULL,NULL,NULL,NULL,NULL,NULL,NULL,NULL,NULL,NULL,NULL,NULL,NULL,NULL,NULL,NULL,NULL,NULL,NULL,NULL,NULL,NULL,NULL,NULL,NULL,NULL,NULL,NULL,NULL,NULL,NULL,NULL,NULL,NULL,NULL,NULL,NULL,NULL,NULL,NULL
A-A,S,Over40,6.0,Build 1 -week 4,Build 2 -week 1,Build 2 -week 2,Build 2 -week 4,Peak -week 1,Race,NULL,NULL,NULL,NULL,NULL,NULL,NULL,NULL,NULL,NULL,NULL,NULL,NULL,NULL,NULL,NULL,NULL,NULL,NULL,NULL,NULL,NULL,NULL,NULL,NULL,NULL,NULL,NULL,NULL,NULL,NULL,NULL,NULL,NULL,NULL,NULL,NULL,NULL,NULL,NULL,NULL,NULL
PriorA,SW,Over40,47.0,Preparation,Preparation,Preparation,Preparation,Preparation,Base 1 -week 1,Base 1 -week 2,Base 1 -week 4,Base 1 -week 1,Base 1 -week 2,Base 1 -week 4,Base 2 -week 1,Base 2 -week 2,Base 2 -week 4,Base 2 -week 1,Base 2 -week 2,Base 2 -week 4,Base 2 -week 1,Base 2 -week 2,Base 2 -week 4,Base 3 -week 1,Base 3 -week 2,Base 3 -week 4,Base 3 -week 1,Base 3 -week 2,Base 3 -week 4,Base 3 -week 1,Base 3 -week 2,Base 3 -week 4,Base 3 -week 1,Base 3 -week 2,Base 3 -week 4,Base 3 -week 1,Base 3 -week 2,Base 3 -week 4,Build 1 -week 1,Build 1 -week 2,Build 1 -week 4,Build 2 -week 1,Build 2 -week 2,Build 2 -week 4,Build 2 -week 1,Build 2 -week 2,Build 2 -week 4,Peak -week 1,Peak -week 2,Race,NULL
PriorA,SW,Over40,48.0,Preparation,Preparation,Preparation,Preparation,Preparation,Preparation,Base 1 -week 1,Base 1 -week 2,Base 1 -week 4,Base 1 -week 1,Base 1 -week 2,Base 1 -week 4,Base 2 -week 1,Base 2 -week 2,Base 2 -week 4,Base 2 -week 1,Base 2 -week 2,Base 2 -week 4,Base 2 -week 1,Base 2 -week 2,Base 2 -week 4,Base 3 -week 1,Base 3 -week 2,Base 3 -week 4,Base 3 -week 1,Base 3 -week 2,Base 3 -week 4,Base 3 -week 1,Base 3 -week 2,Base 3 -week 4,Base 3 -week 1,Base 3 -week 2,Base 3 -week 4,Base 3 -week 1,Base 3 -week 2,Base 3 -week 4,Build 1 -week 1,Build 1 -week 2,Build 1 -week 4,Build 2 -week 1,Build 2 -week 2,Build 2 -week 4,Build 2 -week 1,Build 2 -week 2,Build 2 -week 4,Peak -week 1,Peak -week 2,Race
PriorA,SW,Under40,12.0,Base 1 -week 2,Base 1 -week 4,Base 2 -week 1,Base 2 -week 2,Base 2 -week 4,Base 3 -week 1,Base 3 -week 2,Base 3 -week 4,Build 1 -week 1,Build 1 -week 2,Build 1 -week 4,Race,NULL,NULL,NULL,NULL,NULL,NULL,NULL,NULL,NULL,NULL,NULL,NULL,NULL,NULL,NULL,NULL,NULL,NULL,NULL,NULL,NULL,NULL,NULL,NULL,NULL,NULL,NULL,NULL,NULL,NULL,NULL,NULL,NULL,NULL,NULL,NULL
PriorA,SW,Under40,13.0,Base 1 -week 1,Base 1 -week 2,Base 1 -week 4,Base 2 -week 1,Base 2 -week 2,Base 2 -week 4,Base 3 -week 1,Base 3 -week 2,Base 3 -week 4,Build 1 -week 1,Build 1 -week 2,Build 1 -week 4,Race,NULL,NULL,NULL,NULL,NULL,NULL,NULL,NULL,NULL,NULL,NULL,NULL,NULL,NULL,NULL,NULL,NULL,NULL,NULL,NULL,NULL,NULL,NULL,NULL,NULL,NULL,NULL,NULL,NULL,NULL,NULL,NULL,NULL,NULL,NULL
PriorA,SW,Under40,14.0,Base 1 -week 1,Base 1 -week 2,Base 1 -week 4,Base 2 -week 1,Base 2 -week 2,Base 2 -week 4,Base 3 -week 1,Base 3 -week 2,Base 3 -week 3,Base 3 -week 4,Build 1 -week 1,Build 1 -week 2,Build 1 -week 4,Race,NULL,NULL,NULL,NULL,NULL,NULL,NULL,NULL,NULL,NULL,NULL,NULL,NULL,NULL,NULL,NULL,NULL,NULL,NULL,NULL,NULL,NULL,NULL,NULL,NULL,NULL,NULL,NULL,NULL,NULL,NULL,NULL,NULL,NULL
PriorA,SW,Under40,15.0,Base 1 -week 1,Base 1 -week 2,Base 1 -week 4,Base 2 -week 1,Base 2 -week 2,Base 2 -week 3,Base 2 -week 4,Base 3 -week 1,Base 3 -week 2,Base 3 -week 3,Base 3 -week 4,Build 1 -week 1,Build 1 -week 2,Build 1 -week 4,Race,NULL,NULL,NULL,NULL,NULL,NULL,NULL,NULL,NULL,NULL,NULL,NULL,NULL,NULL,NULL,NULL,NULL,NULL,NULL,NULL,NULL,NULL,NULL,NULL,NULL,NULL,NULL,NULL,NULL,NULL,NULL,NULL,NULL
PriorA,SW,Under40,16.0,Base 1 -week 1,Base 1 -week 2,Base 1 -week 4,Base 2 -week 1,Base 2 -week 2,Base 2 -week 3,Base 2 -week 4,Base 3 -week 1,Base 3 -week 2,Base 3 -week 3,Base 3 -week 4,Build 1 -week 1,Build 1 -week 2,Build 1 -week 3,Build 1 -week 4,Race,NULL,NULL,NULL,NULL,NULL,NULL,NULL,NULL,NULL,NULL,NULL,NULL,NULL,NULL,NULL,NULL,NULL,NULL,NULL,NULL,NULL,NULL,NULL,NULL,NULL,NULL,NULL,NULL,NULL,NULL,NULL,NULL
PriorA,SW,Under40,17.0,Base 1 -week 1,Base 1 -week 2,Base 1 -week 4,Base 2 -week 1,Base 2 -week 2,Base 2 -week 4,Base 3 -week 1,Base 3 -week 2,Base 3 -week 3,Base 3 -week 4,Build 1 -week 1,Build 1 -week 2,Build 1 -week 4,Build 2 -week 1,Build 2 -week 2,Build 2 -week 4,Race,NULL,NULL,NULL,NULL,NULL,NULL,NULL,NULL,NULL,NULL,NULL,NULL,NULL,NULL,NULL,NULL,NULL,NULL,NULL,NULL,NULL,NULL,NULL,NULL,NULL,NULL,NULL,NULL,NULL,NULL,NULL
PriorA,SW,Under40,18.0,Base 1 -week 1,Base 1 -week 2,Base 1 -week 4,Base 2 -week 1,Base 2 -week 2,Base 2 -week 4,Base 3 -week 1,Base 3 -week 2,Base 3 -week 3,Base 3 -week 4,Build 1 -week 1,Build 1 -week 2,Build 1 -week 3,Build 1 -week 4,Build 2 -week 1,Build 2 -week 2,Build 2 -week 4,Race,NULL,NULL,NULL,NULL,NULL,NULL,NULL,NULL,NULL,NULL,NULL,NULL,NULL,NULL,NULL,NULL,NULL,NULL,NULL,NULL,NULL,NULL,NULL,NULL,NULL,NULL,NULL,NULL,NULL,NULL
PriorA,SW,Under40,19.0,Base 1 -week 1,Base 1 -week 2,Base 1 -week 4,Base 2 -week 1,Base 2 -week 2,Base 2 -week 4,Base 3 -week 1,Base 3 -week 2,Base 3 -week 3,Base 3 -week 4,Build 1 -week 1,Build 1 -week 2,Build 1 -week 3,Build 1 -week 4,Build 2 -week 1,Build 2 -week 2,Build 2 -week 3,Build 2 -week 4,Race,NULL,NULL,NULL,NULL,NULL,NULL,NULL,NULL,NULL,NULL,NULL,NULL,NULL,NULL,NULL,NULL,NULL,NULL,NULL,NULL,NULL,NULL,NULL,NULL,NULL,NULL,NULL,NULL,NULL
A-A,S,Over40,8.0,Build 1 -week 4,Build 2 -week 1,Build 2 -week 2,Build 2 -week 4,Build 2 -week 1,Build 2 -week 2,Peak -week 1,Race,NULL,NULL,NULL,NULL,NULL,NULL,NULL,NULL,NULL,NULL,NULL,NULL,NULL,NULL,NULL,NULL,NULL,NULL,NULL,NULL,NULL,NULL,NULL,NULL,NULL,NULL,NULL,NULL,NULL,NULL,NULL,NULL,NULL,NULL,NULL,NULL,NULL,NULL,NULL,NULL
A-A,S,Under40,2.0,Peak -week 1,Race,NULL,NULL,NULL,NULL,NULL,NULL,NULL,NULL,NULL,NULL,NULL,NULL,NULL,NULL,NULL,NULL,NULL,NULL,NULL,NULL,NULL,NULL,NULL,NULL,NULL,NULL,NULL,NULL,NULL,NULL,NULL,NULL,NULL,NULL,NULL,NULL,NULL,NULL,NULL,NULL,NULL,NULL,NULL,NULL,NULL,NULL
A-A,S,Under40,3.0,Build 1 -week 1,Peak -week 1,Race,NULL,NULL,NULL,NULL,NULL,NULL,NULL,NULL,NULL,NULL,NULL,NULL,NULL,NULL,NULL,NULL,NULL,NULL,NULL,NULL,NULL,NULL,NULL,NULL,NULL,NULL,NULL,NULL,NULL,NULL,NULL,NULL,NULL,NULL,NULL,NULL,NULL,NULL,NULL,NULL,NULL,NULL,NULL,NULL,NULL
A-A,S,Under40,4.0,Build 1 -week 1,Build 1 -week 2,Peak -week 1,Race,NULL,NULL,NULL,NULL,NULL,NULL,NULL,NULL,NULL,NULL,NULL,NULL,NULL,NULL,NULL,NULL,NULL,NULL,NULL,NULL,NULL,NULL,NULL,NULL,NULL,NULL,NULL,NULL,NULL,NULL,NULL,NULL,NULL,NULL,NULL,NULL,NULL,NULL,NULL,NULL,NULL,NULL,NULL,NULL
A-A,S,Under40,5.0,Build 1 -week 1,Build 1 -week 2,Build 1 -week 3,Peak -week 1,Race,NULL,NULL,NULL,NULL,NULL,NULL,NULL,NULL,NULL,NULL,NULL,NULL,NULL,NULL,NULL,NULL,NULL,NULL,NULL,NULL,NULL,NULL,NULL,NULL,NULL,NULL,NULL,NULL,NULL,NULL,NULL,NULL,NULL,NULL,NULL,NULL,NULL,NULL,NULL,NULL,NULL,NULL,NULL
PriorA,SW,Under40,20.0,Base 1 -week 1,Base 1 -week 2,Base 1 -week 4,Base 2 -week 1,Base 2 -week 2,Base 2 -week 4,Base 3 -week 1,Base 3 -week 2,Base 3 -week 3,Base 3 -week 3,Base 3 -week 4,Build 1 -week 1,Build 1 -week 2,Build 1 -week 3,Build 1 -week 4,Build 2 -week 1,Build 2 -week 2,Build 2 -week 3,Build 2 -week 4,Race,NULL,NULL,NULL,NULL,NULL,NULL,NULL,NULL,NULL,NULL,NULL,NULL,NULL,NULL,NULL,NULL,NULL,NULL,NULL,NULL,NULL,NULL,NULL,NULL,NULL,NULL,NULL,NULL
PriorA,SW,Under40,21.0,Base 1 -week 1,Base 1 -week 2,Base 1 -week 3,Base 1 -week 4,Base 2 -week 1,Base 2 -week 2,Base 2 -week 3,Base 2 -week 4,Base 3 -week 1,Base 3 -week 2,Base 3 -week 3,Base 3 -week 4,Build 1 -week 1,Build 1 -week 2,Build 1 -week 3,Build 1 -week 4,Build 2 -week 1,Build 2 -week 2,Build 2 -week 3,Build 2 -week 4,Race,NULL,NULL,NULL,NULL,NULL,NULL,NULL,NULL,NULL,NULL,NULL,NULL,NULL,NULL,NULL,NULL,NULL,NULL,NULL,NULL,NULL,NULL,NULL,NULL,NULL,NULL,NULL
PriorA,SW,Under40,22.0,Base 1 -week 1,Base 1 -week 2,Base 1 -week 3,Base 1 -week 4,Base 2 -week 1,Base 2 -week 2,Base 2 -week 3,Base 2 -week 4,Base 3 -week 1,Base 3 -week 2,Base 3 -week 3,Base 3 -week 4,Build 1 -week 1,Build 1 -week 2,Build 1 -week 3,Build 1 -week 4,Build 2 -week 1,Build 2 -week 2,Build 2 -week 3,Build 2 -week 4,Peak -week 1,Race,NULL,NULL,NULL,NULL,NULL,NULL,NULL,NULL,NULL,NULL,NULL,NULL,NULL,NULL,NULL,NULL,NULL,NULL,NULL,NULL,NULL,NULL,NULL,NULL,NULL,NULL
PriorA,SW,Under40,23.0,Base 1 -week 1,Base 1 -week 2,Base 1 -week 3,Base 1 -week 4,Base 2 -week 1,Base 2 -week 2,Base 2 -week 3,Base 2 -week 4,Base 3 -week 1,Base 3 -week 2,Base 3 -week 3,Base 3 -week 4,Build 1 -week 1,Build 1 -week 2,Build 1 -week 3,Build 1 -week 4,Build 2 -week 1,Build 2 -week 2,Build 2 -week 3,Build 2 -week 4,Peak -week 1,Peak -week 2,Race,NULL,NULL,NULL,NULL,NULL,NULL,NULL,NULL,NULL,NULL,NULL,NULL,NULL,NULL,NULL,NULL,NULL,NULL,NULL,NULL,NULL,NULL,NULL,NULL,NULL
PriorA,SW,Under40,24.0,Preparation,Base 1 -week 1,Base 1 -week 2,Base 1 -week 3,Base 1 -week 4,Base 2 -week 1,Base 2 -week 2,Base 2 -week 3,Base 2 -week 4,Base 3 -week 1,Base 3 -week 2,Base 3 -week 3,Base 3 -week 4,Build 1 -week 1,Build 1 -week 2,Build 1 -week 3,Build 1 -week 4,Build 2 -week 1,Build 2 -week 2,Build 2 -week 3,Build 2 -week 4,Peak -week 1,Peak -week 2,Race,NULL,NULL,NULL,NULL,NULL,NULL,NULL,NULL,NULL,NULL,NULL,NULL,NULL,NULL,NULL,NULL,NULL,NULL,NULL,NULL,NULL,NULL,NULL,NULL
PriorA,SW,Under40,25.0,Preparation,Preparation,Base 1 -week 1,Base 1 -week 2,Base 1 -week 3,Base 1 -week 4,Base 2 -week 1,Base 2 -week 2,Base 2 -week 3,Base 2 -week 4,Base 3 -week 1,Base 3 -week 2,Base 3 -week 3,Base 3 -week 4,Build 1 -week 1,Build 1 -week 2,Build 1 -week 3,Build 1 -week 4,Build 2 -week 1,Build 2 -week 2,Build 2 -week 3,Build 2 -week 4,Peak -week 1,Peak -week 2,Race,NULL,NULL,NULL,NULL,NULL,NULL,NULL,NULL,NULL,NULL,NULL,NULL,NULL,NULL,NULL,NULL,NULL,NULL,NULL,NULL,NULL,NULL,NULL
PriorA,SW,Under40,26.0,Preparation,Preparation,Preparation,Base 1 -week 1,Base 1 -week 2,Base 1 -week 3,Base 1 -week 4,Base 2 -week 1,Base 2 -week 2,Base 2 -week 3,Base 2 -week 4,Base 3 -week 1,Base 3 -week 2,Base 3 -week 3,Base 3 -week 4,Build 1 -week 1,Build 1 -week 2,Build 1 -week 3,Build 1 -week 4,Build 2 -week 1,Build 2 -week 2,Build 2 -week 3,Build 2 -week 4,Peak -week 1,Peak -week 2,Race,NULL,NULL,NULL,NULL,NULL,NULL,NULL,NULL,NULL,NULL,NULL,NULL,NULL,NULL,NULL,NULL,NULL,NULL,NULL,NULL,NULL,NULL
PriorA,SW,Under40,27.0,Preparation,Preparation,Preparation,Preparation,Base 1 -week 1,Base 1 -week 2,Base 1 -week 3,Base 1 -week 4,Base 2 -week 1,Base 2 -week 2,Base 2 -week 3,Base 2 -week 4,Base 3 -week 1,Base 3 -week 2,Base 3 -week 3,Base 3 -week 4,Build 1 -week 1,Build 1 -week 2,Build 1 -week 3,Build 1 -week 4,Build 2 -week 1,Build 2 -week 2,Build 2 -week 3,Build 2 -week 4,Peak -week 1,Peak -week 2,Race,NULL,NULL,NULL,NULL,NULL,NULL,NULL,NULL,NULL,NULL,NULL,NULL,NULL,NULL,NULL,NULL,NULL,NULL,NULL,NULL,NULL
PriorA,SW,Under40,28.0,Preparation,Base 1 -week 1,Base 1 -week 2,Base 1 -week 3,Base 1 -week 4,Base 2 -week 1,Base 2 -week 2,Base 2 -week 3,Base 2 -week 4,Base 2 -week 1,Base 2 -week 2,Base 2 -week 3,Base 2 -week 4,Base 3 -week 1,Base 3 -week 2,Base 3 -week 3,Base 3 -week 4,Build 1 -week 1,Build 1 -week 2,Build 1 -week 3,Build 1 -week 4,Build 2 -week 1,Build 2 -week 2,Build 2 -week 3,Build 2 -week 4,Peak -week 1,Peak -week 2,Race,NULL,NULL,NULL,NULL,NULL,NULL,NULL,NULL,NULL,NULL,NULL,NULL,NULL,NULL,NULL,NULL,NULL,NULL,NULL,NULL
A-A,S,Under40,6.0,Build 1 -week 1,Build 1 -week 2,Build 1 -week 4,Build 2 -week 1,Peak -week 1,Race,NULL,NULL,NULL,NULL,NULL,NULL,NULL,NULL,NULL,NULL,NULL,NULL,NULL,NULL,NULL,NULL,NULL,NULL,NULL,NULL,NULL,NULL,NULL,NULL,NULL,NULL,NULL,NULL,NULL,NULL,NULL,NULL,NULL,NULL,NULL,NULL,NULL,NULL,NULL,NULL,NULL,NULL
A-A,S,Under40,7.0,Build 1 -week 1,Build 1 -week 2,Build 1 -week 3,Build 1 -week 4,Build 2 -week 1,Peak -week 1,Race,NULL,NULL,NULL,NULL,NULL,NULL,NULL,NULL,NULL,NULL,NULL,NULL,NULL,NULL,NULL,NULL,NULL,NULL,NULL,NULL,NULL,NULL,NULL,NULL,NULL,NULL,NULL,NULL,NULL,NULL,NULL,NULL,NULL,NULL,NULL,NULL,NULL,NULL,NULL,NULL,NULL
A-A,W,Under40,5.0,Base 3 -week 1,Base 3 -week 2,Base 3 -week 3,Base 3 -week 4,Race,NULL,NULL,NULL,NULL,NULL,NULL,NULL,NULL,NULL,NULL,NULL,NULL,NULL,NULL,NULL,NULL,NULL,NULL,NULL,NULL,NULL,NULL,NULL,NULL,NULL,NULL,NULL,NULL,NULL,NULL,NULL,NULL,NULL,NULL,NULL,NULL,NULL,NULL,NULL,NULL,NULL,NULL,NULL
A-A,W,Under40,6.0,Base 3 -week 1,Base 3 -week 2,Base 3 -week 3,Base 3 -week 4,Peak -week 1,Race,NULL,NULL,NULL,NULL,NULL,NULL,NULL,NULL,NULL,NULL,NULL,NULL,NULL,NULL,NULL,NULL,NULL,NULL,NULL,NULL,NULL,NULL,NULL,NULL,NULL,NULL,NULL,NULL,NULL,NULL,NULL,NULL,NULL,NULL,NULL,NULL,NULL,NULL,NULL,NULL,NULL,NULL
PriorA,SW,Under40,29.0,Preparation,Preparation,Base 1 -week 1,Base 1 -week 2,Base 1 -week 3,Base 1 -week 4,Base 2 -week 1,Base 2 -week 2,Base 2 -week 3,Base 2 -week 4,Base 2 -week 1,Base 2 -week 2,Base 2 -week 3,Base 2 -week 4,Base 3 -week 1,Base 3 -week 2,Base 3 -week 3,Base 3 -week 4,Build 1 -week 1,Build 1 -week 2,Build 1 -week 3,Build 1 -week 4,Build 2 -week 1,Build 2 -week 2,Build 2 -week 3,Build 2 -week 4,Peak -week 1,Peak -week 2,Race,NULL,NULL,NULL,NULL,NULL,NULL,NULL,NULL,NULL,NULL,NULL,NULL,NULL,NULL,NULL,NULL,NULL,NULL,NULL
PriorA,SW,Under40,30.0,Preparation,Preparation,Preparation,Base 1 -week 1,Base 1 -week 2,Base 1 -week 3,Base 1 -week 4,Base 2 -week 1,Base 2 -week 2,Base 2 -week 3,Base 2 -week 4,Base 2 -week 1,Base 2 -week 2,Base 2 -week 3,Base 2 -week 4,Base 3 -week 1,Base 3 -week 2,Base 3 -week 3,Base 3 -week 4,Build 1 -week 1,Build 1 -week 2,Build 1 -week 3,Build 1 -week 4,Build 2 -week 1,Build 2 -week 2,Build 2 -week 3,Build 2 -week 4,Peak -week 1,Peak -week 2,Race,NULL,NULL,NULL,NULL,NULL,NULL,NULL,NULL,NULL,NULL,NULL,NULL,NULL,NULL,NULL,NULL,NULL,NULL
PriorA,SW,Under40,31.0,Preparation,Preparation,Preparation,Preparation,Base 1 -week 1,Base 1 -week 2,Base 1 -week 3,Base 1 -week 4,Base 2 -week 1,Base 2 -week 2,Base 2 -week 3,Base 2 -week 4,Base 2 -week 1,Base 2 -week 2,Base 2 -week 3,Base 2 -week 4,Base 3 -week 1,Base 3 -week 2,Base 3 -week 3,Base 3 -week 4,Build 1 -week 1,Build 1 -week 2,Build 1 -week 3,Build 1 -week 4,Build 2 -week 1,Build 2 -week 2,Build 2 -week 3,Build 2 -week 4,Peak -week 1,Peak -week 2,Race,NULL,NULL,NULL,NULL,NULL,NULL,NULL,NULL,NULL,NULL,NULL,NULL,NULL,NULL,NULL,NULL,NULL
PriorA,SW,Under40,32.0,Preparation,Preparation,Preparation,Preparation,Preparation,Base 1 -week 1,Base 1 -week 2,Base 1 -week 3,Base 1 -week 4,Base 2 -week 1,Base 2 -week 2,Base 2 -week 3,Base 2 -week 4,Base 2 -week 1,Base 2 -week 2,Base 2 -week 3,Base 2 -week 4,Base 3 -week 1,Base 3 -week 2,Base 3 -week 3,Base 3 -week 4,Build 1 -week 1,Build 1 -week 2,Build 1 -week 3,Build 1 -week 4,Build 2 -week 1,Build 2 -week 2,Build 2 -week 3,Build 2 -week 4,Peak -week 1,Peak -week 2,Race,NULL,NULL,NULL,NULL,NULL,NULL,NULL,NULL,NULL,NULL,NULL,NULL,NULL,NULL,NULL,NULL
PriorA,SW,Under40,33.0,Preparation,Preparation,Preparation,Preparation,Preparation,Preparation,Base 1 -week 1,Base 1 -week 2,Base 1 -week 3,Base 1 -week 4,Base 2 -week 1,Base 2 -week 2,Base 2 -week 3,Base 2 -week 4,Base 2 -week 1,Base 2 -week 2,Base 2 -week 3,Base 2 -week 4,Base 3 -week 1,Base 3 -week 2,Base 3 -week 3,Base 3 -week 4,Build 1 -week 1,Build 1 -week 2,Build 1 -week 3,Build 1 -week 4,Build 2 -week 1,Build 2 -week 2,Build 2 -week 3,Build 2 -week 4,Peak -week 1,Peak -week 2,Race,NULL,NULL,NULL,NULL,NULL,NULL,NULL,NULL,NULL,NULL,NULL,NULL,NULL,NULL,NULL
PriorA,SW,Under40,34.0,Preparation,Preparation,Preparation,Base 1 -week 1,Base 1 -week 2,Base 1 -week 3,Base 1 -week 4,Base 2 -week 1,Base 2 -week 2,Base 2 -week 3,Base 2 -week 4,Base 2 -week 1,Base 2 -week 2,Base 2 -week 3,Base 2 -week 4,Base 3 -week 1,Base 3 -week 2,Base 3 -week 3,Base 3 -week 4,Base 3 -week 1,Base 3 -week 2,Base 3 -week 3,Base 3 -week 4,Build 1 -week 1,Build 1 -week 2,Build 1 -week 3,Build 1 -week 4,Build 2 -week 1,Build 2 -week 2,Build 2 -week 3,Build 2 -week 4,Peak -week 1,Peak -week 2,Race,NULL,NULL,NULL,NULL,NULL,NULL,NULL,NULL,NULL,NULL,NULL,NULL,NULL,NULL
PriorA,SW,Under40,35.0,Preparation,Preparation,Preparation,Preparation,Base 1 -week 1,Base 1 -week 2,Base 1 -week 3,Base 1 -week 4,Base 2 -week 1,Base 2 -week 2,Base 2 -week 3,Base 2 -week 4,Base 2 -week 1,Base 2 -week 2,Base 2 -week 3,Base 2 -week 4,Base 3 -week 1,Base 3 -week 2,Base 3 -week 3,Base 3 -week 4,Base 3 -week 1,Base 3 -week 2,Base 3 -week 3,Base 3 -week 4,Build 1 -week 1,Build 1 -week 2,Build 1 -week 3,Build 1 -week 4,Build 2 -week 1,Build 2 -week 2,Build 2 -week 3,Build 2 -week 4,Peak -week 1,Peak -week 2,Race,NULL,NULL,NULL,NULL,NULL,NULL,NULL,NULL,NULL,NULL,NULL,NULL,NULL
PriorB1,SW,Over40,10.0,Base 1 -week 1,Base 1 -week 2,Base 1 -week 4,Base 2 -week 1,Base 2 -week 2,Base 2 -week 4,Base 3 -week 1,Base 3 -week 4,Build 1 -week 1,Build 1 -week 4,NULL,NULL,NULL,NULL,NULL,NULL,NULL,NULL,NULL,NULL,NULL,NULL,NULL,NULL,NULL,NULL,NULL,NULL,NULL,NULL,NULL,NULL,NULL,NULL,NULL,NULL,NULL,NULL,NULL,NULL,NULL,NULL,NULL,NULL,NULL,NULL,NULL,NULL
PriorB1,SW,Over40,9.0,Base 1 -week 1,Base 1 -week 2,Base 1 -week 4,Base 2 -week 1,Base 2 -week 2,Base 2 -week 4,Base 3 -week 1,Base 3 -week 2,Base 3 -week 4,NULL,NULL,NULL,NULL,NULL,NULL,NULL,NULL,NULL,NULL,NULL,NULL,NULL,NULL,NULL,NULL,NULL,NULL,NULL,NULL,NULL,NULL,NULL,NULL,NULL,NULL,NULL,NULL,NULL,NULL,NULL,NULL,NULL,NULL,NULL,NULL,NULL,NULL,NULL
PriorB1,SW,Over40,11.0,Base 1 -week 1,Base 1 -week 2,Base 1 -week 4,Base 2 -week 1,Base 2 -week 2,Base 2 -week 4,Base 3 -week 1,Base 3 -week 2,Base 3 -week 4,Build 1 -week 1,Build 1 -week 4,NULL,NULL,NULL,NULL,NULL,NULL,NULL,NULL,NULL,NULL,NULL,NULL,NULL,NULL,NULL,NULL,NULL,NULL,NULL,NULL,NULL,NULL,NULL,NULL,NULL,NULL,NULL,NULL,NULL,NULL,NULL,NULL,NULL,NULL,NULL,NULL,NULL
PriorA,SW,Under40,36.0,Preparation,Preparation,Preparation,Preparation,Preparation,Base 1 -week 1,Base 1 -week 2,Base 1 -week 3,Base 1 -week 4,Base 2 -week 1,Base 2 -week 2,Base 2 -week 3,Base 2 -week 4,Base 2 -week 1,Base 2 -week 2,Base 2 -week 3,Base 2 -week 4,Base 3 -week 1,Base 3 -week 2,Base 3 -week 3,Base 3 -week 4,Base 3 -week 1,Base 3 -week 2,Base 3 -week 3,Base 3 -week 4,Build 1 -week 1,Build 1 -week 2,Build 1 -week 3,Build 1 -week 4,Build 2 -week 1,Build 2 -week 2,Build 2 -week 3,Build 2 -week 4,Peak -week 1,Peak -week 2,Race,NULL,NULL,NULL,NULL,NULL,NULL,NULL,NULL,NULL,NULL,NULL,NULL
PriorA,SW,Under40,37.0,Preparation,Preparation,Preparation,Preparation,Preparation,Preparation,Base 1 -week 1,Base 1 -week 2,Base 1 -week 3,Base 1 -week 4,Base 2 -week 1,Base 2 -week 2,Base 2 -week 3,Base 2 -week 4,Base 2 -week 1,Base 2 -week 2,Base 2 -week 3,Base 2 -week 4,Base 3 -week 1,Base 3 -week 2,Base 3 -week 3,Base 3 -week 4,Base 3 -week 1,Base 3 -week 2,Base 3 -week 3,Base 3 -week 4,Build 1 -week 1,Build 1 -week 2,Build 1 -week 3,Build 1 -week 4,Build 2 -week 1,Build 2 -week 2,Build 2 -week 3,Build 2 -week 4,Peak -week 1,Peak -week 2,Race,NULL,NULL,NULL,NULL,NULL,NULL,NULL,NULL,NULL,NULL,NULL
PriorA,SW,Under40,38.0,Preparation,Preparation,Preparation,Preparation,Base 1 -week 1,Base 1 -week 2,Base 1 -week 3,Base 1 -week 4,Base 2 -week 1,Base 2 -week 2,Base 2 -week 3,Base 2 -week 4,Base 2 -week 1,Base 2 -week 2,Base 2 -week 3,Base 2 -week 4,Base 3 -week 1,Base 3 -week 2,Base 3 -week 3,Base 3 -week 4,Base 3 -week 1,Base 3 -week 2,Base 3 -week 3,Base 3 -week 4,Base 3 -week 1,Base 3 -week 2,Base 3 -week 4,Build 1 -week 1,Build 1 -week 2,Build 1 -week 3,Build 1 -week 4,Build 2 -week 1,Build 2 -week 2,Build 2 -week 3,Build 2 -week 4,Peak -week 1,Peak -week 2,Race,NULL,NULL,NULL,NULL,NULL,NULL,NULL,NULL,NULL,NULL
PriorA,SW,Under40,39.0,Preparation,Preparation,Preparation,Preparation,Preparation,Base 1 -week 1,Base 1 -week 2,Base 1 -week 3,Base 1 -week 4,Base 2 -week 1,Base 2 -week 2,Base 2 -week 3,Base 2 -week 4,Base 2 -week 1,Base 2 -week 2,Base 2 -week 3,Base 2 -week 4,Base 3 -week 1,Base 3 -week 2,Base 3 -week 3,Base 3 -week 4,Base 3 -week 1,Base 3 -week 2,Base 3 -week 3,Base 3 -week 4,Base 3 -week 1,Base 3 -week 2,Base 3 -week 4,Build 1 -week 1,Build 1 -week 2,Build 1 -week 3,Build 1 -week 4,Build 2 -week 1,Build 2 -week 2,Build 2 -week 3,Build 2 -week 4,Peak -week 1,Peak -week 2,Race,NULL,NULL,NULL,NULL,NULL,NULL,NULL,NULL,NULL
PriorA,SW,Under40,40.0,Preparation,Preparation,Preparation,Preparation,Preparation,Base 1 -week 1,Base 1 -week 2,Base 1 -week 3,Base 1 -week 4,Base 2 -week 1,Base 2 -week 2,Base 2 -week 3,Base 2 -week 4,Base 2 -week 1,Base 2 -week 2,Base 2 -week 3,Base 2 -week 4,Base 3 -week 1,Base 3 -week 2,Base 3 -week 3,Base 3 -week 4,Base 3 -week 1,Base 3 -week 2,Base 3 -week 3,Base 3 -week 4,Base 3 -week 1,Base 3 -week 2,Base 3 -week 3,Base 3 -week 4,Build 1 -week 1,Build 1 -week 2,Build 1 -week 3,Build 1 -week 4,Build 2 -week 1,Build 2 -week 2,Build 2 -week 3,Build 2 -week 4,Peak -week 1,Peak -week 2,Race,NULL,NULL,NULL,NULL,NULL,NULL,NULL,NULL
PriorA,SW,Under40,41.0,Preparation,Preparation,Preparation,Preparation,Preparation,Preparation,Base 1 -week 1,Base 1 -week 2,Base 1 -week 3,Base 1 -week 4,Base 2 -week 1,Base 2 -week 2,Base 2 -week 3,Base 2 -week 4,Base 2 -week 1,Base 2 -week 2,Base 2 -week 3,Base 2 -week 4,Base 3 -week 1,Base 3 -week 2,Base 3 -week 3,Base 3 -week 4,Base 3 -week 1,Base 3 -week 2,Base 3 -week 3,Base 3 -week 4,Base 3 -week 1,Base 3 -week 2,Base 3 -week 3,Base 3 -week 4,Build 1 -week 1,Build 1 -week 2,Build 1 -week 3,Build 1 -week 4,Build 2 -week 1,Build 2 -week 2,Build 2 -week 3,Build 2 -week 4,Peak -week 1,Peak -week 2,Race,NULL,NULL,NULL,NULL,NULL,NULL,NULL
A-A,W,Over40,6.0,Base 3 -week 1,Base 3 -week 2,Base 3 -week 4,Base 3 -week 1,Peak -week 1,Race,NULL,NULL,NULL,NULL,NULL,NULL,NULL,NULL,NULL,NULL,NULL,NULL,NULL,NULL,NULL,NULL,NULL,NULL,NULL,NULL,NULL,NULL,NULL,NULL,NULL,NULL,NULL,NULL,NULL,NULL,NULL,NULL,NULL,NULL,NULL,NULL,NULL,NULL,NULL,NULL,NULL,NULL
A-A,W,Over40,12.0,Transition,Base 3 -week 1,Base 3 -week 2,Base 3 -week 4,Build 1 -week 1,Build 1 -week 2,Build 1 -week 4,Build 2 -week 1,Build 2 -week 2,Peak -week 1,Peak -week 2,Race,NULL,NULL,NULL,NULL,NULL,NULL,NULL,NULL,NULL,NULL,NULL,NULL,NULL,NULL,NULL,NULL,NULL,NULL,NULL,NULL,NULL,NULL,NULL,NULL,NULL,NULL,NULL,NULL,NULL,NULL,NULL,NULL,NULL,NULL,NULL,NULL
A-A,S,Under40,1.0,Race,NULL,NULL,NULL,NULL,NULL,NULL,NULL,NULL,NULL,NULL,NULL,NULL,NULL,NULL,NULL,NULL,NULL,NULL,NULL,NULL,NULL,NULL,NULL,NULL,NULL,NULL,NULL,NULL,NULL,NULL,NULL,NULL,NULL,NULL,NULL,NULL,NULL,NULL,NULL,NULL,NULL,NULL,NULL,NULL,NULL,NULL,NULL
PriorA,SW,Under40,42.0,Preparation,Preparation,Preparation,Preparation,Base 1 -week 1,Base 1 -week 2,Base 1 -week 3,Base 1 -week 4,Base 2 -week 1,Base 2 -week 2,Base 2 -week 3,Base 2 -week 4,Base 2 -week 1,Base 2 -week 2,Base 2 -week 3,Base 2 -week 4,Base 3 -week 1,Base 3 -week 2,Base 3 -week 3,Base 3 -week 4,Base 3 -week 1,Base 3 -week 2,Base 3 -week 3,Base 3 -week 4,Base 3 -week 1,Base 3 -week 2,Base 3 -week 4,Base 3 -week 1,Base 3 -week 2,Base 3 -week 3,Base 3 -week 4,Build 1 -week 1,Build 1 -week 2,Build 1 -week 3,Build 1 -week 4,Build 2 -week 1,Build 2 -week 2,Build 2 -week 3,Build 2 -week 4,Peak -week 1,Peak -week 2,Race,NULL,NULL,NULL,NULL,NULL,NULL
PriorA,SW,Under40,43.0,Preparation,Preparation,Preparation,Preparation,Preparation,Base 1 -week 1,Base 1 -week 2,Base 1 -week 3,Base 1 -week 4,Base 2 -week 1,Base 2 -week 2,Base 2 -week 3,Base 2 -week 4,Base 2 -week 1,Base 2 -week 2,Base 2 -week 3,Base 2 -week 4,Base 3 -week 1,Base 3 -week 2,Base 3 -week 3,Base 3 -week 4,Base 3 -week 1,Base 3 -week 2,Base 3 -week 3,Base 3 -week 4,Base 3 -week 1,Base 3 -week 2,Base 3 -week 4,Base 3 -week 1,Base 3 -week 2,Base 3 -week 3,Base 3 -week 4,Build 1 -week 1,Build 1 -week 2,Build 1 -week 3,Build 1 -week 4,Build 2 -week 1,Build 2 -week 2,Build 2 -week 3,Build 2 -week 4,Peak -week 1,Peak -week 2,Race,NULL,NULL,NULL,NULL,NULL
PriorA,SW,Under40,44.0,Preparation,Preparation,Preparation,Preparation,Preparation,Base 1 -week 1,Base 1 -week 2,Base 1 -week 3,Base 1 -week 4,Base 2 -week 1,Base 2 -week 2,Base 2 -week 3,Base 2 -week 4,Base 2 -week 1,Base 2 -week 2,Base 2 -week 3,Base 2 -week 4,Base 3 -week 1,Base 3 -week 2,Base 3 -week 3,Base 3 -week 4,Base 3 -week 1,Base 3 -week 2,Base 3 -week 3,Base 3 -week 4,Base 3 -week 1,Base 3 -week 2,Base 3 -week 3,Base 3 -week 4,Base 3 -week 1,Base 3 -week 2,Base 3 -week 3,Base 3 -week 4,Build 1 -week 1,Build 1 -week 2,Build 1 -week 3,Build 1 -week 4,Build 2 -week 1,Build 2 -week 2,Build 2 -week 3,Build 2 -week 4,Peak -week 1,Peak -week 2,Race,NULL,NULL,NULL,NULL
PriorA,SW,Under40,45.0,Preparation,Preparation,Preparation,Preparation,Preparation,Preparation,Base 1 -week 1,Base 1 -week 2,Base 1 -week 3,Base 1 -week 4,Base 2 -week 1,Base 2 -week 2,Base 2 -week 3,Base 2 -week 4,Base 2 -week 1,Base 2 -week 2,Base 2 -week 3,Base 2 -week 4,Base 3 -week 1,Base 3 -week 2,Base 3 -week 3,Base 3 -week 4,Base 3 -week 1,Base 3 -week 2,Base 3 -week 3,Base 3 -week 4,Base 3 -week 1,Base 3 -week 2,Base 3 -week 3,Base 3 -week 4,Base 3 -week 1,Base 3 -week 2,Base 3 -week 3,Base 3 -week 4,Build 1 -week 1,Build 1 -week 2,Build 1 -week 3,Build 1 -week 4,Build 2 -week 1,Build 2 -week 2,Build 2 -week 3,Build 2 -week 4,Peak -week 1,Peak -week 2,Race,NULL,NULL,NULL
PriorA,SW,Under40,46.0,Preparation,Preparation,Preparation,Preparation,Base 1 -week 1,Base 1 -week 2,Base 1 -week 3,Base 1 -week 4,Base 2 -week 1,Base 2 -week 2,Base 2 -week 3,Base 2 -week 4,Base 2 -week 1,Base 2 -week 2,Base 2 -week 3,Base 2 -week 4,Base 3 -week 1,Base 3 -week 2,Base 3 -week 3,Base 3 -week 4,Base 3 -week 1,Base 3 -week 2,Base 3 -week 3,Base 3 -week 4,Base 3 -week 1,Base 3 -week 2,Base 3 -week 3,Base 3 -week 4,Base 3 -week 1,Base 3 -week 2,Base 3 -week 4,Base 3 -week 1,Base 3 -week 2,Base 3 -week 3,Base 3 -week 4,Build 1 -week 1,Build 1 -week 2,Build 1 -week 3,Build 1 -week 4,Build 2 -week 1,Build 2 -week 2,Build 2 -week 3,Build 2 -week 4,Peak -week 1,Peak -week 2,Race,NULL,NULL
A-A,S,Over40,12.0,Transition,Build 1 -week 1,Build 1 -week 2,Build 1 -week 4,Build 2 -week 1,Build 2 -week 2,Build 2 -week 4,Build 2 -week 1,Build 2 -week 2,Build 2 -week 4,Peak -week 1,Race,NULL,NULL,NULL,NULL,NULL,NULL,NULL,NULL,NULL,NULL,NULL,NULL,NULL,NULL,NULL,NULL,NULL,NULL,NULL,NULL,NULL,NULL,NULL,NULL,NULL,NULL,NULL,NULL,NULL,NULL,NULL,NULL,NULL,NULL,NULL,NULL
A-A,W,Over40,1.0,Race,NULL,NULL,NULL,NULL,NULL,NULL,NULL,NULL,NULL,NULL,NULL,NULL,NULL,NULL,NULL,NULL,NULL,NULL,NULL,NULL,NULL,NULL,NULL,NULL,NULL,NULL,NULL,NULL,NULL,NULL,NULL,NULL,NULL,NULL,NULL,NULL,NULL,NULL,NULL,NULL,NULL,NULL,NULL,NULL,NULL,NULL,NULL
A-A,W,Over40,2.0,Base 3 -week 1,Race,NULL,NULL,NULL,NULL,NULL,NULL,NULL,NULL,NULL,NULL,NULL,NULL,NULL,NULL,NULL,NULL,NULL,NULL,NULL,NULL,NULL,NULL,NULL,NULL,NULL,NULL,NULL,NULL,NULL,NULL,NULL,NULL,NULL,NULL,NULL,NULL,NULL,NULL,NULL,NULL,NULL,NULL,NULL,NULL,NULL,NULL
A-A,W,Over40,3.0,Base 3 -week 1,Base 3 -week 2,Race,NULL,NULL,NULL,NULL,NULL,NULL,NULL,NULL,NULL,NULL,NULL,NULL,NULL,NULL,NULL,NULL,NULL,NULL,NULL,NULL,NULL,NULL,NULL,NULL,NULL,NULL,NULL,NULL,NULL,NULL,NULL,NULL,NULL,NULL,NULL,NULL,NULL,NULL,NULL,NULL,NULL,NULL,NULL,NULL,NULL
A-A,W,Over40,4.0,Base 3 -week 1,Base 3 -week 2,Peak -week 1,Race,NULL,NULL,NULL,NULL,NULL,NULL,NULL,NULL,NULL,NULL,NULL,NULL,NULL,NULL,NULL,NULL,NULL,NULL,NULL,NULL,NULL,NULL,NULL,NULL,NULL,NULL,NULL,NULL,NULL,NULL,NULL,NULL,NULL,NULL,NULL,NULL,NULL,NULL,NULL,NULL,NULL,NULL,NULL,NULL
A-A,W,Over40,5.0,Base 3 -week 1,Base 3 -week 2,Base 3 -week 4,Peak -week 1,Race,NULL,NULL,NULL,NULL,NULL,NULL,NULL,NULL,NULL,NULL,NULL,NULL,NULL,NULL,NULL,NULL,NULL,NULL,NULL,NULL,NULL,NULL,NULL,NULL,NULL,NULL,NULL,NULL,NULL,NULL,NULL,NULL,NULL,NULL,NULL,NULL,NULL,NULL,NULL,NULL,NULL,NULL,NULL
PriorA,SW,Under40,47.0,Preparation,Preparation,Preparation,Preparation,Preparation,Base 1 -week 1,Base 1 -week 2,Base 1 -week 3,Base 1 -week 4,Base 2 -week 1,Base 2 -week 2,Base 2 -week 3,Base 2 -week 4,Base 2 -week 1,Base 2 -week 2,Base 2 -week 3,Base 2 -week 4,Base 3 -week 1,Base 3 -week 2,Base 3 -week 3,Base 3 -week 4,Base 3 -week 1,Base 3 -week 2,Base 3 -week 3,Base 3 -week 4,Base 3 -week 1,Base 3 -week 2,Base 3 -week 3,Base 3 -week 4,Base 3 -week 1,Base 3 -week 2,Base 3 -week 4,Base 3 -week 1,Base 3 -week 2,Base 3 -week 3,Base 3 -week 4,Build 1 -week 1,Build 1 -week 2,Build 1 -week 3,Build 1 -week 4,Build 2 -week 1,Build 2 -week 2,Build 2 -week 3,Build 2 -week 4,Peak -week 1,Peak -week 2,Race,NULL
PriorA,SW,Under40,48.0,Preparation,Preparation,Preparation,Preparation,Preparation,Preparation,Base 1 -week 1,Base 1 -week 2,Base 1 -week 3,Base 1 -week 4,Base 2 -week 1,Base 2 -week 2,Base 2 -week 3,Base 2 -week 4,Base 2 -week 1,Base 2 -week 2,Base 2 -week 3,Base 2 -week 4,Base 3 -week 1,Base 3 -week 2,Base 3 -week 3,Base 3 -week 4,Base 3 -week 1,Base 3 -week 2,Base 3 -week 3,Base 3 -week 4,Base 3 -week 1,Base 3 -week 2,Base 3 -week 3,Base 3 -week 4,Base 3 -week 1,Base 3 -week 2,Base 3 -week 4,Base 3 -week 1,Base 3 -week 2,Base 3 -week 3,Base 3 -week 4,Build 1 -week 1,Build 1 -week 2,Build 1 -week 3,Build 1 -week 4,Build 2 -week 1,Build 2 -week 2,Build 2 -week 3,Build 2 -week 4,Peak -week 1,Peak -week 2,Race
A-A,S,Over40,13.0,Transition,Build 1 -week 1,Build 1 -week 2,Build 1 -week 4,Build 2 -week 1,Build 2 -week 2,Build 2 -week 4,Build 2 -week 1,Build 2 -week 2,Build 2 -week 4,Peak -week 1,Peak -week 2,Race,NULL,NULL,NULL,NULL,NULL,NULL,NULL,NULL,NULL,NULL,NULL,NULL,NULL,NULL,NULL,NULL,NULL,NULL,NULL,NULL,NULL,NULL,NULL,NULL,NULL,NULL,NULL,NULL,NULL,NULL,NULL,NULL,NULL,NULL,NULL
A-A,S,Over40,14.0,Transition,Base 3 -week 4,Build 1 -week 1,Build 1 -week 2,Build 1 -week 4,Build 2 -week 1,Build 2 -week 2,Build 2 -week 4,Build 2 -week 1,Build 2 -week 2,Build 2 -week 4,Peak -week 1,Peak -week 2,Race,NULL,NULL,NULL,NULL,NULL,NULL,NULL,NULL,NULL,NULL,NULL,NULL,NULL,NULL,NULL,NULL,NULL,NULL,NULL,NULL,NULL,NULL,NULL,NULL,NULL,NULL,NULL,NULL,NULL,NULL,NULL,NULL,NULL,NULL
A-A,S,Over40,15.0,Transition,Base 3 -week 2,Base 3 -week 4,Build 1 -week 1,Build 1 -week 2,Build 1 -week 4,Build 2 -week 1,Build 2 -week 2,Build 2 -week 4,Build 2 -week 1,Build 2 -week 2,Build 2 -week 4,Peak -week 1,Peak -week 2,Race,NULL,NULL,NULL,NULL,NULL,NULL,NULL,NULL,NULL,NULL,NULL,NULL,NULL,NULL,NULL,NULL,NULL,NULL,NULL,NULL,NULL,NULL,NULL,NULL,NULL,NULL,NULL,NULL,NULL,NULL,NULL,NULL,NULL
A-A,S,Over40,16.0,Transition,Base 3 -week 1,Base 3 -week 2,Base 3 -week 4,Build 1 -week 1,Build 1 -week 2,Build 1 -week 4,Build 2 -week 1,Build 2 -week 2,Build 2 -week 4,Build 2 -week 1,Build 2 -week 2,Build 2 -week 4,Peak -week 1,Peak -week 2,Race,NULL,NULL,NULL,NULL,NULL,NULL,NULL,NULL,NULL,NULL,NULL,NULL,NULL,NULL,NULL,NULL,NULL,NULL,NULL,NULL,NULL,NULL,NULL,NULL,NULL,NULL,NULL,NULL,NULL,NULL,NULL,NULL
A-A,S,Over40,17.0,Transition,Base 3 -week 4,Base 3 -week 1,Base 3 -week 2,Base 3 -week 4,Build 1 -week 1,Build 1 -week 2,Build 1 -week 4,Build 2 -week 1,Build 2 -week 2,Build 2 -week 4,Build 2 -week 1,Build 2 -week 2,Build 2 -week 4,Peak -week 1,Peak -week 2,Race,NULL,NULL,NULL,NULL,NULL,NULL,NULL,NULL,NULL,NULL,NULL,NULL,NULL,NULL,NULL,NULL,NULL,NULL,NULL,NULL,NULL,NULL,NULL,NULL,NULL,NULL,NULL,NULL,NULL,NULL,NULL
A-A,S,Over40,18.0,Transition,Base 3 -week 1,Base 3 -week 4,Base 3 -week 1,Base 3 -week 2,Base 3 -week 4,Build 1 -week 1,Build 1 -week 2,Build 1 -week 4,Build 2 -week 1,Build 2 -week 2,Build 2 -week 4,Build 2 -week 1,Build 2 -week 2,Build 2 -week 4,Peak -week 1,Peak -week 2,Race,NULL,NULL,NULL,NULL,NULL,NULL,NULL,NULL,NULL,NULL,NULL,NULL,NULL,NULL,NULL,NULL,NULL,NULL,NULL,NULL,NULL,NULL,NULL,NULL,NULL,NULL,NULL,NULL,NULL,NULL
A-A,S,Over40,19.0,Transition,Base 3 -week 1,Base 3 -week 2,Base 3 -week 4,Base 3 -week 1,Base 3 -week 2,Base 3 -week 4,Build 1 -week 1,Build 1 -week 2,Build 1 -week 4,Build 2 -week 1,Build 2 -week 2,Build 2 -week 4,Build 2 -week 1,Build 2 -week 2,Build 2 -week 4,Peak -week 1,Peak -week 2,Race,NULL,NULL,NULL,NULL,NULL,NULL,NULL,NULL,NULL,NULL,NULL,NULL,NULL,NULL,NULL,NULL,NULL,NULL,NULL,NULL,NULL,NULL,NULL,NULL,NULL,NULL,NULL,NULL,NULL
A2-A3,W,Over40,12.0,Base 3 -week 1,Base 3 -week 2,Base 3 -week 4,Base 3 -week 1,Base 3 -week 2,Base 3 -week 4,Build 1 -week 1,Build 1 -week 2,Build 1 -week 4,Peak -week 1,Peak -week 2,Race,NULL,NULL,NULL,NULL,NULL,NULL,NULL,NULL,NULL,NULL,NULL,NULL,NULL,NULL,NULL,NULL,NULL,NULL,NULL,NULL,NULL,NULL,NULL,NULL,NULL,NULL,NULL,NULL,NULL,NULL,NULL,NULL,NULL,NULL,NULL,NULL
A-A,W,Over40,7.0,Base 3 -week 4,Base 3 -week 1,Base 3 -week 2,Base 3 -week 4,Base 3 -week 1,Peak -week 1,Race,NULL,NULL,NULL,NULL,NULL,NULL,NULL,NULL,NULL,NULL,NULL,NULL,NULL,NULL,NULL,NULL,NULL,NULL,NULL,NULL,NULL,NULL,NULL,NULL,NULL,NULL,NULL,NULL,NULL,NULL,NULL,NULL,NULL,NULL,NULL,NULL,NULL,NULL,NULL,NULL,NULL
A-A,W,Over40,8.0,Base 3 -week 2,Base 3 -week 4,Base 3 -week 1,Base 3 -week 2,Base 3 -week 4,Base 3 -week 1,Peak -week 1,Race,NULL,NULL,NULL,NULL,NULL,NULL,NULL,NULL,NULL,NULL,NULL,NULL,NULL,NULL,NULL,NULL,NULL,NULL,NULL,NULL,NULL,NULL,NULL,NULL,NULL,NULL,NULL,NULL,NULL,NULL,NULL,NULL,NULL,NULL,NULL,NULL,NULL,NULL,NULL,NULL
A-A,W,Over40,9.0,Transition,Base 3 -week 1,Base 3 -week 2,Base 3 -week 4,Build 1 -week 1,Build 1 -week 2,Build 1 -week 4,Peak -week 1,Race,NULL,NULL,NULL,NULL,NULL,NULL,NULL,NULL,NULL,NULL,NULL,NULL,NULL,NULL,NULL,NULL,NULL,NULL,NULL,NULL,NULL,NULL,NULL,NULL,NULL,NULL,NULL,NULL,NULL,NULL,NULL,NULL,NULL,NULL,NULL,NULL,NULL,NULL,NULL
A-A,W,Over40,11.0,Transition,Base 3 -week 1,Base 3 -week 2,Base 3 -week 4,Build 1 -week 1,Build 1 -week 2,Build 1 -week 4,Build 2 -week 1,Peak -week 1,Peak -week 2,Race,NULL,NULL,NULL,NULL,NULL,NULL,NULL,NULL,NULL,NULL,NULL,NULL,NULL,NULL,NULL,NULL,NULL,NULL,NULL,NULL,NULL,NULL,NULL,NULL,NULL,NULL,NULL,NULL,NULL,NULL,NULL,NULL,NULL,NULL,NULL,NULL,NULL
A-A,S,Over40,20.0,Transition,Base 3 -week 4,Base 3 -week 1,Base 3 -week 2,Base 3 -week 4,Base 3 -week 1,Base 3 -week 2,Base 3 -week 4,Build 1 -week 1,Build 1 -week 2,Build 1 -week 4,Build 2 -week 1,Build 2 -week 2,Build 2 -week 4,Build 2 -week 1,Build 2 -week 2,Build 2 -week 4,Peak -week 1,Peak -week 2,Race,NULL,NULL,NULL,NULL,NULL,NULL,NULL,NULL,NULL,NULL,NULL,NULL,NULL,NULL,NULL,NULL,NULL,NULL,NULL,NULL,NULL,NULL,NULL,NULL,NULL,NULL,NULL,NULL
A-A,S,Over40,21.0,Transition,Base 3 -week 1,Base 3 -week 2,Base 3 -week 4,Build 1 -week 1,Build 1 -week 4,Base 3 -week 1,Base 3 -week 2,Base 3 -week 4,Build 1 -week 1,Build 1 -week 2,Build 1 -week 4,Build 2 -week 1,Build 2 -week 2,Build 2 -week 4,Build 2 -week 1,Build 2 -week 2,Build 2 -week 4,Peak -week 1,Peak -week 2,Race,NULL,NULL,NULL,NULL,NULL,NULL,NULL,NULL,NULL,NULL,NULL,NULL,NULL,NULL,NULL,NULL,NULL,NULL,NULL,NULL,NULL,NULL,NULL,NULL,NULL,NULL,NULL
A-A,S,Over40,22.0,Transition,Base 3 -week 1,Base 3 -week 2,Base 3 -week 4,Build 1 -week 1,Build 1 -week 2,Build 1 -week 4,Base 3 -week 1,Base 3 -week 2,Base 3 -week 4,Build 1 -week 1,Build 1 -week 2,Build 1 -week 4,Build 2 -week 1,Build 2 -week 2,Build 2 -week 4,Build 2 -week 1,Build 2 -week 2,Build 2 -week 4,Peak -week 1,Peak -week 2,Race,NULL,NULL,NULL,NULL,NULL,NULL,NULL,NULL,NULL,NULL,NULL,NULL,NULL,NULL,NULL,NULL,NULL,NULL,NULL,NULL,NULL,NULL,NULL,NULL,NULL,NULL
A-A,S,Over40,23.0,Transition,Base 3 -week 2,Base 3 -week 4,Base 3 -week 1,Base 3 -week 2,Base 3 -week 4,Build 1 -week 1,Build 1 -week 4,Base 3 -week 1,Base 3 -week 2,Base 3 -week 4,Build 1 -week 1,Build 1 -week 2,Build 1 -week 4,Build 2 -week 1,Build 2 -week 2,Build 2 -week 4,Build 2 -week 1,Build 2 -week 2,Build 2 -week 4,Peak -week 1,Peak -week 2,Race,NULL,NULL,NULL,NULL,NULL,NULL,NULL,NULL,NULL,NULL,NULL,NULL,NULL,NULL,NULL,NULL,NULL,NULL,NULL,NULL,NULL,NULL,NULL,NULL,NULL
A-A,S,Over40,24.0,Transition,Base 3 -week 1,Base 3 -week 2,Base 3 -week 4,Base 3 -week 1,Base 3 -week 2,Base 3 -week 4,Build 1 -week 1,Build 1 -week 4,Base 3 -week 1,Base 3 -week 2,Base 3 -week 4,Build 1 -week 1,Build 1 -week 2,Build 1 -week 4,Build 2 -week 1,Build 2 -week 2,Build 2 -week 4,Build 2 -week 1,Build 2 -week 2,Build 2 -week 4,Peak -week 1,Peak -week 2,Race,NULL,NULL,NULL,NULL,NULL,NULL,NULL,NULL,NULL,NULL,NULL,NULL,NULL,NULL,NULL,NULL,NULL,NULL,NULL,NULL,NULL,NULL,NULL,NULL
A-A,S,Over40,25.0,Transition,Base 3 -week 1,Base 3 -week 2,Base 3 -week 4,Base 3 -week 1,Base 3 -week 2,Base 3 -week 4,Build 1 -week 1,Build 1 -week 2,Build 1 -week 4,Base 3 -week 1,Base 3 -week 2,Base 3 -week 4,Build 1 -week 1,Build 1 -week 2,Build 1 -week 4,Build 2 -week 1,Build 2 -week 2,Build 2 -week 4,Build 2 -week 1,Build 2 -week 2,Build 2 -week 4,Peak -week 1,Peak -week 2,Race,NULL,NULL,NULL,NULL,NULL,NULL,NULL,NULL,NULL,NULL,NULL,NULL,NULL,NULL,NULL,NULL,NULL,NULL,NULL,NULL,NULL,NULL,NULL
A-A,S,Over40,26.0,Transition,Base 3 -week 4,Base 3 -week 1,Base 3 -week 2,Base 3 -week 4,Base 3 -week 1,Base 3 -week 2,Base 3 -week 4,Build 1 -week 1,Build 1 -week 2,Build 1 -week 4,Base 3 -week 1,Base 3 -week 2,Base 3 -week 4,Build 1 -week 1,Build 1 -week 2,Build 1 -week 4,Build 2 -week 1,Build 2 -week 2,Build 2 -week 4,Build 2 -week 1,Build 2 -week 2,Build 2 -week 4,Peak -week 1,Peak -week 2,Race,NULL,NULL,NULL,NULL,NULL,NULL,NULL,NULL,NULL,NULL,NULL,NULL,NULL,NULL,NULL,NULL,NULL,NULL,NULL,NULL,NULL,NULL
A-A,S,Over40,27.0,Transition,Base 3 -week 1,Base 3 -week 2,Base 3 -week 4,Build 1 -week 1,Build 1 -week 4,Base 3 -week 1,Base 3 -week 2,Base 3 -week 4,Build 1 -week 1,Build 1 -week 2,Build 1 -week 4,Base 3 -week 1,Base 3 -week 2,Base 3 -week 4,Build 1 -week 1,Build 1 -week 2,Build 1 -week 4,Build 2 -week 1,Build 2 -week 2,Build 2 -week 4,Build 2 -week 1,Build 2 -week 2,Build 2 -week 4,Peak -week 1,Peak -week 2,Race,NULL,NULL,NULL,NULL,NULL,NULL,NULL,NULL,NULL,NULL,NULL,NULL,NULL,NULL,NULL,NULL,NULL,NULL,NULL,NULL,NULL
A-A,S,Over40,28.0,Transition,Base 3 -week 1,Base 3 -week 2,Base 3 -week 4,Build 1 -week 1,Build 1 -week 2,Build 1 -week 4,Base 3 -week 1,Base 3 -week 2,Base 3 -week 4,Build 1 -week 1,Build 1 -week 2,Build 1 -week 4,Base 3 -week 1,Base 3 -week 2,Base 3 -week 4,Build 1 -week 1,Build 1 -week 2,Build 1 -week 4,Build 2 -week 1,Build 2 -week 2,Build 2 -week 4,Build 2 -week 1,Build 2 -week 2,Build 2 -week 4,Peak -week 1,Peak -week 2,Race,NULL,NULL,NULL,NULL,NULL,NULL,NULL,NULL,NULL,NULL,NULL,NULL,NULL,NULL,NULL,NULL,NULL,NULL,NULL,NULL
A-A,W,Under40,7.0,Base 3 -week 1,Base 3 -week 2,Base 3 -week 3,Base 3 -week 4,Build 1 -week 1,Peak -week 1,Race,NULL,NULL,NULL,NULL,NULL,NULL,NULL,NULL,NULL,NULL,NULL,NULL,NULL,NULL,NULL,NULL,NULL,NULL,NULL,NULL,NULL,NULL,NULL,NULL,NULL,NULL,NULL,NULL,NULL,NULL,NULL,NULL,NULL,NULL,NULL,NULL,NULL,NULL,NULL,NULL,NULL
A-A,S,Under40,8.0,Build 1 -week 1,Build 1 -week 2,Build 1 -week 3,Build 1 -week 4,Build 2 -week 1,Build 2 -week 2,Peak -week 1,Race,NULL,NULL,NULL,NULL,NULL,NULL,NULL,NULL,NULL,NULL,NULL,NULL,NULL,NULL,NULL,NULL,NULL,NULL,NULL,NULL,NULL,NULL,NULL,NULL,NULL,NULL,NULL,NULL,NULL,NULL,NULL,NULL,NULL,NULL,NULL,NULL,NULL,NULL,NULL,NULL
A-A,S,Under40,9.0,Transition,Build 1 -week 1,Build 1 -week 2,Build 1 -week 3,Build 1 -week 4,Build 2 -week 1,Build 2 -week 2,Peak -week 1,Race,NULL,NULL,NULL,NULL,NULL,NULL,NULL,NULL,NULL,NULL,NULL,NULL,NULL,NULL,NULL,NULL,NULL,NULL,NULL,NULL,NULL,NULL,NULL,NULL,NULL,NULL,NULL,NULL,NULL,NULL,NULL,NULL,NULL,NULL,NULL,NULL,NULL,NULL,NULL
A-A,S,Under40,10.0,Transition,Build 1 -week 1,Build 1 -week 2,Build 1 -week 3,Build 1 -week 4,Build 2 -week 1,Build 2 -week 2,Build 2 -week 4,Peak -week 1,Race,NULL,NULL,NULL,NULL,NULL,NULL,NULL,NULL,NULL,NULL,NULL,NULL,NULL,NULL,NULL,NULL,NULL,NULL,NULL,NULL,NULL,NULL,NULL,NULL,NULL,NULL,NULL,NULL,NULL,NULL,NULL,NULL,NULL,NULL,NULL,NULL,NULL,NULL
A-A,S,Over40,29.0,Transition,Base 3 -week 2,Base 3 -week 4,Base 3 -week 1,Base 3 -week 2,Base 3 -week 4,Build 1 -week 1,Build 1 -week 4,Base 3 -week 1,Base 3 -week 2,Base 3 -week 4,Build 1 -week 1,Build 1 -week 2,Build 1 -week 4,Base 3 -week 1,Base 3 -week 2,Base 3 -week 4,Build 1 -week 1,Build 1 -week 2,Build 1 -week 4,Build 2 -week 1,Build 2 -week 2,Build 2 -week 4,Build 2 -week 1,Build 2 -week 2,Build 2 -week 4,Peak -week 1,Peak -week 2,Race,NULL,NULL,NULL,NULL,NULL,NULL,NULL,NULL,NULL,NULL,NULL,NULL,NULL,NULL,NULL,NULL,NULL,NULL,NULL
A-A,S,Over40,30.0,Transition,Base 3 -week 1,Base 3 -week 2,Base 3 -week 4,Base 3 -week 1,Base 3 -week 2,Base 3 -week 4,Build 1 -week 1,Build 1 -week 4,Base 3 -week 1,Base 3 -week 2,Base 3 -week 4,Build 1 -week 1,Build 1 -week 2,Build 1 -week 4,Base 3 -week 1,Base 3 -week 2,Base 3 -week 4,Build 1 -week 1,Build 1 -week 2,Build 1 -week 4,Build 2 -week 1,Build 2 -week 2,Build 2 -week 4,Build 2 -week 1,Build 2 -week 2,Build 2 -week 4,Peak -week 1,Peak -week 2,Race,NULL,NULL,NULL,NULL,NULL,NULL,NULL,NULL,NULL,NULL,NULL,NULL,NULL,NULL,NULL,NULL,NULL,NULL
A-A,S,Over40,31.0,Transition,Base 3 -week 1,Base 3 -week 2,Base 3 -week 4,Base 3 -week 1,Base 3 -week 2,Base 3 -week 4,Build 1 -week 1,Build 1 -week 2,Build 1 -week 4,Base 3 -week 1,Base 3 -week 2,Base 3 -week 4,Build 1 -week 1,Build 1 -week 2,Build 1 -week 4,Base 3 -week 1,Base 3 -week 2,Base 3 -week 4,Build 1 -week 1,Build 1 -week 2,Build 1 -week 4,Build 2 -week 1,Build 2 -week 2,Build 2 -week 4,Build 2 -week 1,Build 2 -week 2,Build 2 -week 4,Peak -week 1,Peak -week 2,Race,NULL,NULL,NULL,NULL,NULL,NULL,NULL,NULL,NULL,NULL,NULL,NULL,NULL,NULL,NULL,NULL,NULL
A-A,S,Over40,32.0,Transition,Transition,Base 3 -week 1,Base 3 -week 2,Base 3 -week 4,Base 3 -week 1,Base 3 -week 2,Base 3 -week 4,Build 1 -week 1,Build 1 -week 2,Build 1 -week 4,Base 3 -week 1,Base 3 -week 2,Base 3 -week 4,Build 1 -week 1,Build 1 -week 2,Build 1 -week 4,Base 3 -week 1,Base 3 -week 2,Base 3 -week 4,Build 1 -week 1,Build 1 -week 2,Build 1 -week 4,Build 2 -week 1,Build 2 -week 2,Build 2 -week 4,Build 2 -week 1,Build 2 -week 2,Build 2 -week 4,Peak -week 1,Peak -week 2,Race,NULL,NULL,NULL,NULL,NULL,NULL,NULL,NULL,NULL,NULL,NULL,NULL,NULL,NULL,NULL,NULL
A-A,W,Over40,13.0,Transition,Base 3 -week 1,Base 3 -week 2,Base 3 -week 4,Build 1 -week 1,Build 1 -week 2,Build 1 -week 4,Build 2 -week 1,Build 2 -week 2,Build 2 -week 4,Peak -week 1,Peak -week 2,Race,NULL,NULL,NULL,NULL,NULL,NULL,NULL,NULL,NULL,NULL,NULL,NULL,NULL,NULL,NULL,NULL,NULL,NULL,NULL,NULL,NULL,NULL,NULL,NULL,NULL,NULL,NULL,NULL,NULL,NULL,NULL,NULL,NULL,NULL,NULL
A-A,W,Over40,14.0,Transition,Base 3 -week 1,Base 3 -week 2,Base 3 -week 4,Build 1 -week 1,Build 1 -week 2,Build 1 -week 4,Build 2 -week 1,Build 2 -week 2,Build 2 -week 4,Build 2 -week 1,Build 2 -week 4,Peak -week 1,Race,NULL,NULL,NULL,NULL,NULL,NULL,NULL,NULL,NULL,NULL,NULL,NULL,NULL,NULL,NULL,NULL,NULL,NULL,NULL,NULL,NULL,NULL,NULL,NULL,NULL,NULL,NULL,NULL,NULL,NULL,NULL,NULL,NULL,NULL
A-A,W,Over40,15.0,Transition,Base 3 -week 1,Base 3 -week 2,Base 3 -week 4,Build 1 -week 1,Build 1 -week 2,Build 1 -week 4,Build 2 -week 1,Build 2 -week 2,Build 2 -week 4,Build 2 -week 1,Build 2 -week 2,Build 2 -week 4,Peak -week 2,Race,NULL,NULL,NULL,NULL,NULL,NULL,NULL,NULL,NULL,NULL,NULL,NULL,NULL,NULL,NULL,NULL,NULL,NULL,NULL,NULL,NULL,NULL,NULL,NULL,NULL,NULL,NULL,NULL,NULL,NULL,NULL,NULL,NULL
A-A,W,Over40,16.0,Transition,Base 3 -week 1,Base 3 -week 2,Base 3 -week 4,Build 1 -week 1,Build 1 -week 2,Build 1 -week 4,Build 2 -week 1,Build 2 -week 2,Build 2 -week 4,Build 2 -week 1,Build 2 -week 2,Build 2 -week 4,Peak -week 1,Peak -week 2,Race,NULL,NULL,NULL,NULL,NULL,NULL,NULL,NULL,NULL,NULL,NULL,NULL,NULL,NULL,NULL,NULL,NULL,NULL,NULL,NULL,NULL,NULL,NULL,NULL,NULL,NULL,NULL,NULL,NULL,NULL,NULL,NULL
A-A,W,Over40,17.0,Transition,Base 3 -week 2,Base 3 -week 4,Base 3 -week 1,Base 3 -week 2,Base 3 -week 4,Build 1 -week 1,Build 1 -week 2,Build 1 -week 4,Build 2 -week 1,Build 2 -week 2,Build 2 -week 4,Build 2 -week 1,Build 2 -week 2,Build 2 -week 4,Peak -week 1,Race,NULL,NULL,NULL,NULL,NULL,NULL,NULL,NULL,NULL,NULL,NULL,NULL,NULL,NULL,NULL,NULL,NULL,NULL,NULL,NULL,NULL,NULL,NULL,NULL,NULL,NULL,NULL,NULL,NULL,NULL,NULL
A-A,W,Over40,18.0,Transition,Base 3 -week 2,Base 3 -week 4,Base 3 -week 1,Base 3 -week 2,Base 3 -week 4,Build 1 -week 1,Build 1 -week 2,Build 1 -week 4,Build 2 -week 1,Build 2 -week 2,Build 2 -week 4,Build 2 -week 1,Build 2 -week 2,Build 2 -week 4,Peak -week 1,Peak -week 2,Race,NULL,NULL,NULL,NULL,NULL,NULL,NULL,NULL,NULL,NULL,NULL,NULL,NULL,NULL,NULL,NULL,NULL,NULL,NULL,NULL,NULL,NULL,NULL,NULL,NULL,NULL,NULL,NULL,NULL,NULL
A-A,S,Under40,12.0,Transition,Build 1 -week 1,Build 1 -week 2,Build 1 -week 3,Build 1 -week 4,Build 2 -week 1,Build 2 -week 2,Build 2 -week 3,Build 2 -week 4,Peak -week 1,Peak -week 2,Race,NULL,NULL,NULL,NULL,NULL,NULL,NULL,NULL,NULL,NULL,NULL,NULL,NULL,NULL,NULL,NULL,NULL,NULL,NULL,NULL,NULL,NULL,NULL,NULL,NULL,NULL,NULL,NULL,NULL,NULL,NULL,NULL,NULL,NULL,NULL,NULL
A-A,W,Under40,2.0,Base 3 -week 2,Race,NULL,NULL,NULL,NULL,NULL,NULL,NULL,NULL,NULL,NULL,NULL,NULL,NULL,NULL,NULL,NULL,NULL,NULL,NULL,NULL,NULL,NULL,NULL,NULL,NULL,NULL,NULL,NULL,NULL,NULL,NULL,NULL,NULL,NULL,NULL,NULL,NULL,NULL,NULL,NULL,NULL,NULL,NULL,NULL,NULL,NULL
A-A,W,Under40,9.0,Base 3 -week 1,Base 3 -week 2,Base 3 -week 3,Base 3 -week 4,Build 1 -week 1,Build 1 -week 2,Build 1 -week 3,Peak -week 2,Race,NULL,NULL,NULL,NULL,NULL,NULL,NULL,NULL,NULL,NULL,NULL,NULL,NULL,NULL,NULL,NULL,NULL,NULL,NULL,NULL,NULL,NULL,NULL,NULL,NULL,NULL,NULL,NULL,NULL,NULL,NULL,NULL,NULL,NULL,NULL,NULL,NULL,NULL,NULL
A-A,W,Under40,10.0,Transition,Base 3 -week 1,Base 3 -week 2,Base 3 -week 3,Base 3 -week 4,Build 1 -week 1,Build 1 -week 2,Build 1 -week 3,Peak -week 2,Race,NULL,NULL,NULL,NULL,NULL,NULL,NULL,NULL,NULL,NULL,NULL,NULL,NULL,NULL,NULL,NULL,NULL,NULL,NULL,NULL,NULL,NULL,NULL,NULL,NULL,NULL,NULL,NULL,NULL,NULL,NULL,NULL,NULL,NULL,NULL,NULL,NULL,NULL
A-A,W,Over40,19.0,Transition,Base 3 -week 1,Base 3 -week 2,Base 3 -week 4,Base 3 -week 1,Base 3 -week 2,Base 3 -week 4,Build 1 -week 1,Build 1 -week 2,Build 1 -week 4,Build 2 -week 1,Build 2 -week 2,Build 2 -week 4,Build 2 -week 1,Build 2 -week 2,Build 2 -week 4,Peak -week 1,Peak -week 2,Race,NULL,NULL,NULL,NULL,NULL,NULL,NULL,NULL,NULL,NULL,NULL,NULL,NULL,NULL,NULL,NULL,NULL,NULL,NULL,NULL,NULL,NULL,NULL,NULL,NULL,NULL,NULL,NULL,NULL
A-A,W,Over40,20.0,Transition,Base 2 -week 4,Base 2 -week 1,Base 2 -week 2,Base 2 -week 4,Base 3 -week 1,Base 3 -week 2,Base 3 -week 4,Build 1 -week 1,Build 1 -week 2,Build 1 -week 4,Build 2 -week 1,Build 2 -week 2,Build 2 -week 4,Build 2 -week 1,Build 2 -week 2,Build 2 -week 4,Peak -week 1,Peak -week 2,Race,NULL,NULL,NULL,NULL,NULL,NULL,NULL,NULL,NULL,NULL,NULL,NULL,NULL,NULL,NULL,NULL,NULL,NULL,NULL,NULL,NULL,NULL,NULL,NULL,NULL,NULL,NULL,NULL
A-A,W,Over40,21.0,Transition,Base 2 -week 2,Base 2 -week 4,Base 2 -week 1,Base 2 -week 2,Base 2 -week 4,Base 3 -week 1,Base 3 -week 2,Base 3 -week 4,Build 1 -week 1,Build 1 -week 2,Build 1 -week 4,Build 2 -week 1,Build 2 -week 2,Build 2 -week 4,Build 2 -week 1,Build 2 -week 2,Build 2 -week 4,Peak -week 1,Peak -week 2,Race,NULL,NULL,NULL,NULL,NULL,NULL,NULL,NULL,NULL,NULL,NULL,NULL,NULL,NULL,NULL,NULL,NULL,NULL,NULL,NULL,NULL,NULL,NULL,NULL,NULL,NULL,NULL
A-A,W,Over40,22.0,Transition,Base 2 -week 1,Base 2 -week 2,Base 2 -week 4,Base 3 -week 1,Base 3 -week 2,Base 3 -week 4,Base 3 -week 1,Base 3 -week 2,Base 3 -week 4,Build 1 -week 1,Build 1 -week 2,Build 1 -week 4,Build 2 -week 1,Build 2 -week 2,Build 2 -week 4,Build 2 -week 1,Build 2 -week 2,Build 2 -week 4,Peak -week 1,Peak -week 2,Race,NULL,NULL,NULL,NULL,NULL,NULL,NULL,NULL,NULL,NULL,NULL,NULL,NULL,NULL,NULL,NULL,NULL,NULL,NULL,NULL,NULL,NULL,NULL,NULL,NULL,NULL
A-A,W,Over40,23.0,Transition,Base 2 -week 4,Base 2 -week 1,Base 2 -week 2,Base 2 -week 4,Base 3 -week 1,Base 3 -week 2,Base 3 -week 4,Base 3 -week 1,Base 3 -week 2,Base 3 -week 4,Build 1 -week 1,Build 1 -week 2,Build 1 -week 4,Build 2 -week 1,Build 2 -week 2,Build 2 -week 4,Build 2 -week 1,Build 2 -week 2,Build 2 -week 4,Peak -week 1,Peak -week 2,Race,NULL,NULL,NULL,NULL,NULL,NULL,NULL,NULL,NULL,NULL,NULL,NULL,NULL,NULL,NULL,NULL,NULL,NULL,NULL,NULL,NULL,NULL,NULL,NULL,NULL
A-A,W,Over40,24.0,Transition,Base 2 -week 2,Base 2 -week 4,Base 2 -week 1,Base 2 -week 2,Base 2 -week 4,Base 3 -week 1,Base 3 -week 2,Base 3 -week 4,Base 3 -week 1,Base 3 -week 2,Base 3 -week 4,Build 1 -week 1,Build 1 -week 2,Build 1 -week 4,Build 2 -week 1,Build 2 -week 2,Build 2 -week 4,Build 2 -week 1,Build 2 -week 2,Build 2 -week 4,Peak -week 1,Peak -week 2,Race,NULL,NULL,NULL,NULL,NULL,NULL,NULL,NULL,NULL,NULL,NULL,NULL,NULL,NULL,NULL,NULL,NULL,NULL,NULL,NULL,NULL,NULL,NULL,NULL
A-A,W,Over40,25.0,Transition,Base 2 -week 1,Base 2 -week 2,Base 2 -week 4,Base 2 -week 1,Base 2 -week 2,Base 2 -week 4,Base 3 -week 1,Base 3 -week 2,Base 3 -week 4,Base 3 -week 1,Base 3 -week 2,Base 3 -week 4,Build 1 -week 1,Build 1 -week 2,Build 1 -week 4,Build 2 -week 1,Build 2 -week 2,Build 2 -week 4,Build 2 -week 1,Build 2 -week 2,Build 2 -week 4,Peak -week 1,Peak -week 2,Race,NULL,NULL,NULL,NULL,NULL,NULL,NULL,NULL,NULL,NULL,NULL,NULL,NULL,NULL,NULL,NULL,NULL,NULL,NULL,NULL,NULL,NULL,NULL
A-A,W,Over40,26.0,Transition,Base 1 -week 4,Base 2 -week 1,Base 2 -week 2,Base 2 -week 4,Base 2 -week 1,Base 2 -week 2,Base 2 -week 4,Base 3 -week 1,Base 3 -week 2,Base 3 -week 4,Base 3 -week 1,Base 3 -week 2,Base 3 -week 4,Build 1 -week 1,Build 1 -week 2,Build 1 -week 4,Build 2 -week 1,Build 2 -week 2,Build 2 -week 4,Build 2 -week 1,Build 2 -week 2,Build 2 -week 4,Peak -week 1,Peak -week 2,Race,NULL,NULL,NULL,NULL,NULL,NULL,NULL,NULL,NULL,NULL,NULL,NULL,NULL,NULL,NULL,NULL,NULL,NULL,NULL,NULL,NULL,NULL
A-A,W,Over40,27.0,Transition,Base 1 -week 2,Base 1 -week 4,Base 2 -week 1,Base 2 -week 2,Base 2 -week 4,Base 2 -week 1,Base 2 -week 2,Base 2 -week 4,Base 3 -week 1,Base 3 -week 2,Base 3 -week 4,Base 3 -week 1,Base 3 -week 2,Base 3 -week 4,Build 1 -week 1,Build 1 -week 2,Build 1 -week 4,Build 2 -week 1,Build 2 -week 2,Build 2 -week 4,Build 2 -week 1,Build 2 -week 2,Build 2 -week 4,Peak -week 1,Peak -week 2,Race,NULL,NULL,NULL,NULL,NULL,NULL,NULL,NULL,NULL,NULL,NULL,NULL,NULL,NULL,NULL,NULL,NULL,NULL,NULL,NULL,NULL
A-A,S,Under40,11.0,Transition,Build 1 -week 2,Build 1 -week 3,Build 1 -week 4,Build 2 -week 1,Build 2 -week 2,Build 2 -week 3,Build 2 -week 4,Peak -week 1,Peak -week 1,Race,NULL,NULL,NULL,NULL,NULL,NULL,NULL,NULL,NULL,NULL,NULL,NULL,NULL,NULL,NULL,NULL,NULL,NULL,NULL,NULL,NULL,NULL,NULL,NULL,NULL,NULL,NULL,NULL,NULL,NULL,NULL,NULL,NULL,NULL,NULL,NULL,NULL
A-A,W,Under40,1.0,Race,NULL,NULL,NULL,NULL,NULL,NULL,NULL,NULL,NULL,NULL,NULL,NULL,NULL,NULL,NULL,NULL,NULL,NULL,NULL,NULL,NULL,NULL,NULL,NULL,NULL,NULL,NULL,NULL,NULL,NULL,NULL,NULL,NULL,NULL,NULL,NULL,NULL,NULL,NULL,NULL,NULL,NULL,NULL,NULL,NULL,NULL,NULL
A-A,W,Under40,3.0,Base 3 -week 2,Base 3 -week 4,Race,NULL,NULL,NULL,NULL,NULL,NULL,NULL,NULL,NULL,NULL,NULL,NULL,NULL,NULL,NULL,NULL,NULL,NULL,NULL,NULL,NULL,NULL,NULL,NULL,NULL,NULL,NULL,NULL,NULL,NULL,NULL,NULL,NULL,NULL,NULL,NULL,NULL,NULL,NULL,NULL,NULL,NULL,NULL,NULL,NULL
A-A,W,Under40,4.0,Base 3 -week 2,Base 3 -week 3,Base 3 -week 4,Race,NULL,NULL,NULL,NULL,NULL,NULL,NULL,NULL,NULL,NULL,NULL,NULL,NULL,NULL,NULL,NULL,NULL,NULL,NULL,NULL,NULL,NULL,NULL,NULL,NULL,NULL,NULL,NULL,NULL,NULL,NULL,NULL,NULL,NULL,NULL,NULL,NULL,NULL,NULL,NULL,NULL,NULL,NULL,NULL
A-A,W,Under40,11.0,Transition,Base 3 -week 1,Base 3 -week 2,Base 3 -week 3,Base 3 -week 4,Build 1 -week 1,Build 1 -week 2,Build 1 -week 3,Build 1 -week 4,Peak -week 1,Race,NULL,NULL,NULL,NULL,NULL,NULL,NULL,NULL,NULL,NULL,NULL,NULL,NULL,NULL,NULL,NULL,NULL,NULL,NULL,NULL,NULL,NULL,NULL,NULL,NULL,NULL,NULL,NULL,NULL,NULL,NULL,NULL,NULL,NULL,NULL,NULL,NULL
B1-B2,S,Over40,5.0,Build 1 -week 1,Build 1 -week 2,Build 1 -week 4,Build 2 -week 1,Build 2 -week 4,NULL,NULL,NULL,NULL,NULL,NULL,NULL,NULL,NULL,NULL,NULL,NULL,NULL,NULL,NULL,NULL,NULL,NULL,NULL,NULL,NULL,NULL,NULL,NULL,NULL,NULL,NULL,NULL,NULL,NULL,NULL,NULL,NULL,NULL,NULL,NULL,NULL,NULL,NULL,NULL,NULL,NULL,NULL
A-A,W,Over40,28.0,Transition,Base 1 -week 1,Base 1 -week 2,Base 1 -week 4,Base 2 -week 1,Base 2 -week 2,Base 2 -week 4,Base 2 -week 1,Base 2 -week 2,Base 2 -week 4,Base 3 -week 1,Base 3 -week 2,Base 3 -week 4,Base 3 -week 1,Base 3 -week 2,Base 3 -week 4,Build 1 -week 1,Build 1 -week 2,Build 1 -week 4,Build 2 -week 1,Build 2 -week 2,Build 2 -week 4,Build 2 -week 1,Build 2 -week 2,Build 2 -week 4,Peak -week 1,Peak -week 2,Race,NULL,NULL,NULL,NULL,NULL,NULL,NULL,NULL,NULL,NULL,NULL,NULL,NULL,NULL,NULL,NULL,NULL,NULL,NULL,NULL
A-A,W,Over40,29.0,Transition,Transition,Base 1 -week 1,Base 1 -week 2,Base 1 -week 4,Base 2 -week 1,Base 2 -week 2,Base 2 -week 4,Base 2 -week 1,Base 2 -week 2,Base 2 -week 4,Base 3 -week 1,Base 3 -week 2,Base 3 -week 4,Base 3 -week 1,Base 3 -week 2,Base 3 -week 4,Build 1 -week 1,Build 1 -week 2,Build 1 -week 4,Build 2 -week 1,Build 2 -week 2,Build 2 -week 4,Build 2 -week 1,Build 2 -week 2,Build 2 -week 4,Peak -week 1,Peak -week 2,Race,NULL,NULL,NULL,NULL,NULL,NULL,NULL,NULL,NULL,NULL,NULL,NULL,NULL,NULL,NULL,NULL,NULL,NULL,NULL
A-A,W,Over40,30.0,Transition,Base 1 -week 2,Base 1 -week 4,Base 1 -week 1,Base 1 -week 2,Base 1 -week 4,Base 2 -week 1,Base 2 -week 2,Base 2 -week 4,Base 2 -week 1,Base 2 -week 2,Base 2 -week 4,Base 3 -week 1,Base 3 -week 2,Base 3 -week 4,Base 3 -week 1,Base 3 -week 2,Base 3 -week 4,Build 1 -week 1,Build 1 -week 2,Build 1 -week 4,Build 2 -week 1,Build 2 -week 2,Build 2 -week 4,Build 2 -week 1,Build 2 -week 2,Build 2 -week 4,Peak -week 1,Peak -week 2,Race,NULL,NULL,NULL,NULL,NULL,NULL,NULL,NULL,NULL,NULL,NULL,NULL,NULL,NULL,NULL,NULL,NULL,NULL
A-A,W,Over40,31.0,Transition,Transition,Base 1 -week 2,Base 1 -week 4,Base 1 -week 1,Base 1 -week 2,Base 1 -week 4,Base 2 -week 1,Base 2 -week 2,Base 2 -week 4,Base 2 -week 1,Base 2 -week 2,Base 2 -week 4,Base 3 -week 1,Base 3 -week 2,Base 3 -week 4,Base 3 -week 1,Base 3 -week 2,Base 3 -week 4,Build 1 -week 1,Build 1 -week 2,Build 1 -week 4,Build 2 -week 1,Build 2 -week 2,Build 2 -week 4,Build 2 -week 1,Build 2 -week 2,Build 2 -week 4,Peak -week 1,Peak -week 2,Race,NULL,NULL,NULL,NULL,NULL,NULL,NULL,NULL,NULL,NULL,NULL,NULL,NULL,NULL,NULL,NULL,NULL
A-A,W,Over40,32.0,Transition,Transition,Base 1 -week 1,Base 1 -week 2,Base 1 -week 4,Base 1 -week 1,Base 1 -week 2,Base 1 -week 4,Base 2 -week 1,Base 2 -week 2,Base 2 -week 4,Base 2 -week 1,Base 2 -week 2,Base 2 -week 4,Base 3 -week 1,Base 3 -week 2,Base 3 -week 4,Base 3 -week 1,Base 3 -week 2,Base 3 -week 4,Build 1 -week 1,Build 1 -week 2,Build 1 -week 4,Build 2 -week 1,Build 2 -week 2,Build 2 -week 4,Build 2 -week 1,Build 2 -week 2,Build 2 -week 4,Peak -week 1,Peak -week 2,Race,NULL,NULL,NULL,NULL,NULL,NULL,NULL,NULL,NULL,NULL,NULL,NULL,NULL,NULL,NULL,NULL
A-A,S,Under40,13.0,Transition,Base 3 -week 4,Build 1 -week 1,Build 1 -week 2,Build 1 -week 3,Build 1 -week 4,Build 2 -week 1,Build 2 -week 2,Build 2 -week 3,Build 2 -week 4,Peak -week 1,Peak -week 2,Race,NULL,NULL,NULL,NULL,NULL,NULL,NULL,NULL,NULL,NULL,NULL,NULL,NULL,NULL,NULL,NULL,NULL,NULL,NULL,NULL,NULL,NULL,NULL,NULL,NULL,NULL,NULL,NULL,NULL,NULL,NULL,NULL,NULL,NULL,NULL
A-A,S,Under40,14.0,Transition,Base 3 -week 3,Base 3 -week 4,Build 1 -week 1,Build 1 -week 2,Build 1 -week 3,Build 1 -week 4,Build 2 -week 1,Build 2 -week 2,Build 2 -week 3,Build 2 -week 4,Peak -week 1,Peak -week 2,Race,NULL,NULL,NULL,NULL,NULL,NULL,NULL,NULL,NULL,NULL,NULL,NULL,NULL,NULL,NULL,NULL,NULL,NULL,NULL,NULL,NULL,NULL,NULL,NULL,NULL,NULL,NULL,NULL,NULL,NULL,NULL,NULL,NULL,NULL
A-A,S,Under40,15.0,Transition,Base 3 -week 2,Base 3 -week 3,Base 3 -week 4,Build 1 -week 1,Build 1 -week 2,Build 1 -week 3,Build 1 -week 4,Build 2 -week 1,Build 2 -week 2,Build 2 -week 3,Build 2 -week 4,Peak -week 1,Peak -week 2,Race,NULL,NULL,NULL,NULL,NULL,NULL,NULL,NULL,NULL,NULL,NULL,NULL,NULL,NULL,NULL,NULL,NULL,NULL,NULL,NULL,NULL,NULL,NULL,NULL,NULL,NULL,NULL,NULL,NULL,NULL,NULL,NULL,NULL
A-A,S,Under40,16.0,Transition,Base 3 -week 1,Base 3 -week 2,Base 3 -week 3,Base 3 -week 4,Build 1 -week 1,Build 1 -week 2,Build 1 -week 3,Build 1 -week 4,Build 2 -week 1,Build 2 -week 2,Build 2 -week 3,Build 2 -week 4,Peak -week 1,Peak -week 2,Race,NULL,NULL,NULL,NULL,NULL,NULL,NULL,NULL,NULL,NULL,NULL,NULL,NULL,NULL,NULL,NULL,NULL,NULL,NULL,NULL,NULL,NULL,NULL,NULL,NULL,NULL,NULL,NULL,NULL,NULL,NULL,NULL
A-A,W,Under40,8.0,Base 3 -week 1,Base 3 -week 2,Base 3 -week 3,Base 3 -week 4,Build 1 -week 1,Build 1 -week 2,Peak -week 2,Race,NULL,NULL,NULL,NULL,NULL,NULL,NULL,NULL,NULL,NULL,NULL,NULL,NULL,NULL,NULL,NULL,NULL,NULL,NULL,NULL,NULL,NULL,NULL,NULL,NULL,NULL,NULL,NULL,NULL,NULL,NULL,NULL,NULL,NULL,NULL,NULL,NULL,NULL,NULL,NULL
A-A,W,Under40,12.0,Transition,Base 3 -week 1,Base 3 -week 2,Base 3 -week 3,Base 3 -week 4,Build 1 -week 1,Build 1 -week 2,Build 1 -week 3,Build 1 -week 4,Peak -week 1,Peak -week 2,Race,NULL,NULL,NULL,NULL,NULL,NULL,NULL,NULL,NULL,NULL,NULL,NULL,NULL,NULL,NULL,NULL,NULL,NULL,NULL,NULL,NULL,NULL,NULL,NULL,NULL,NULL,NULL,NULL,NULL,NULL,NULL,NULL,NULL,NULL,NULL,NULL
PriorB1,SW,Over40,1.0,Base 1 -week 4,NULL,NULL,NULL,NULL,NULL,NULL,NULL,NULL,NULL,NULL,NULL,NULL,NULL,NULL,NULL,NULL,NULL,NULL,NULL,NULL,NULL,NULL,NULL,NULL,NULL,NULL,NULL,NULL,NULL,NULL,NULL,NULL,NULL,NULL,NULL,NULL,NULL,NULL,NULL,NULL,NULL,NULL,NULL,NULL,NULL,NULL,NULL
PriorB1,SW,Over40,6.0,Base 1 -week 1,Base 1 -week 2,Base 1 -week 4,Base 2 -week 1,Base 2 -week 2,Base 2 -week 4,NULL,NULL,NULL,NULL,NULL,NULL,NULL,NULL,NULL,NULL,NULL,NULL,NULL,NULL,NULL,NULL,NULL,NULL,NULL,NULL,NULL,NULL,NULL,NULL,NULL,NULL,NULL,NULL,NULL,NULL,NULL,NULL,NULL,NULL,NULL,NULL,NULL,NULL,NULL,NULL,NULL,NULL
PriorB1,SW,Under40,1.0,Base 1 -week 4,NULL,NULL,NULL,NULL,NULL,NULL,NULL,NULL,NULL,NULL,NULL,NULL,NULL,NULL,NULL,NULL,NULL,NULL,NULL,NULL,NULL,NULL,NULL,NULL,NULL,NULL,NULL,NULL,NULL,NULL,NULL,NULL,NULL,NULL,NULL,NULL,NULL,NULL,NULL,NULL,NULL,NULL,NULL,NULL,NULL,NULL,NULL
PriorB1,SW,Under40,2.0,Base 1 -week 1,Base 1 -week 4,NULL,NULL,NULL,NULL,NULL,NULL,NULL,NULL,NULL,NULL,NULL,NULL,NULL,NULL,NULL,NULL,NULL,NULL,NULL,NULL,NULL,NULL,NULL,NULL,NULL,NULL,NULL,NULL,NULL,NULL,NULL,NULL,NULL,NULL,NULL,NULL,NULL,NULL,NULL,NULL,NULL,NULL,NULL,NULL,NULL,NULL
A-A,S,Under40,17.0,Transition,Base 3 -week 4,Base 3 -week 1,Base 3 -week 2,Base 3 -week 3,Base 3 -week 4,Build 1 -week 1,Build 1 -week 2,Build 1 -week 3,Build 1 -week 4,Build 2 -week 1,Build 2 -week 2,Build 2 -week 3,Build 2 -week 4,Peak -week 1,Peak -week 2,Race,NULL,NULL,NULL,NULL,NULL,NULL,NULL,NULL,NULL,NULL,NULL,NULL,NULL,NULL,NULL,NULL,NULL,NULL,NULL,NULL,NULL,NULL,NULL,NULL,NULL,NULL,NULL,NULL,NULL,NULL,NULL
A-A,S,Under40,18.0,Transition,Base 3 -week 3,Base 3 -week 4,Base 3 -week 1,Base 3 -week 2,Base 3 -week 3,Base 3 -week 4,Build 1 -week 1,Build 1 -week 2,Build 1 -week 3,Build 1 -week 4,Build 2 -week 1,Build 2 -week 2,Build 2 -week 3,Build 2 -week 4,Peak -week 1,Peak -week 2,Race,NULL,NULL,NULL,NULL,NULL,NULL,NULL,NULL,NULL,NULL,NULL,NULL,NULL,NULL,NULL,NULL,NULL,NULL,NULL,NULL,NULL,NULL,NULL,NULL,NULL,NULL,NULL,NULL,NULL,NULL
A-A,S,Under40,19.0,Transition,Base 3 -week 2,Base 3 -week 3,Base 3 -week 4,Base 3 -week 1,Base 3 -week 2,Base 3 -week 3,Base 3 -week 4,Build 1 -week 1,Build 1 -week 2,Build 1 -week 3,Build 1 -week 4,Build 2 -week 1,Build 2 -week 2,Build 2 -week 3,Build 2 -week 4,Peak -week 1,Peak -week 2,Race,NULL,NULL,NULL,NULL,NULL,NULL,NULL,NULL,NULL,NULL,NULL,NULL,NULL,NULL,NULL,NULL,NULL,NULL,NULL,NULL,NULL,NULL,NULL,NULL,NULL,NULL,NULL,NULL,NULL
A-A,S,Under40,20.0,Transition,Base 3 -week 1,Base 3 -week 2,Base 3 -week 3,Base 3 -week 4,Base 3 -week 1,Base 3 -week 2,Base 3 -week 3,Base 3 -week 4,Build 1 -week 1,Build 1 -week 2,Build 1 -week 3,Build 1 -week 4,Build 2 -week 1,Build 2 -week 2,Build 2 -week 3,Build 2 -week 4,Peak -week 1,Peak -week 2,Race,NULL,NULL,NULL,NULL,NULL,NULL,NULL,NULL,NULL,NULL,NULL,NULL,NULL,NULL,NULL,NULL,NULL,NULL,NULL,NULL,NULL,NULL,NULL,NULL,NULL,NULL,NULL,NULL
A-A,S,Under40,21.0,Transition,Base 3 -week 2,Base 3 -week 3,Base 3 -week 4,Build 1 -week 1,Build 1 -week 4,Base 3 -week 1,Base 3 -week 2,Base 3 -week 3,Base 3 -week 4,Build 1 -week 1,Build 1 -week 2,Build 1 -week 3,Build 1 -week 4,Build 2 -week 1,Build 2 -week 2,Build 2 -week 3,Build 2 -week 4,Peak -week 1,Peak -week 2,Race,NULL,NULL,NULL,NULL,NULL,NULL,NULL,NULL,NULL,NULL,NULL,NULL,NULL,NULL,NULL,NULL,NULL,NULL,NULL,NULL,NULL,NULL,NULL,NULL,NULL,NULL,NULL
A-A,S,Under40,22.0,Transition,Base 3 -week 2,Base 3 -week 3,Base 3 -week 4,Build 1 -week 1,Build 1 -week 2,Build 1 -week 4,Base 3 -week 1,Base 3 -week 2,Base 3 -week 3,Base 3 -week 4,Build 1 -week 1,Build 1 -week 2,Build 1 -week 3,Build 1 -week 4,Build 2 -week 1,Build 2 -week 2,Build 2 -week 3,Build 2 -week 4,Peak -week 1,Peak -week 2,Race,NULL,NULL,NULL,NULL,NULL,NULL,NULL,NULL,NULL,NULL,NULL,NULL,NULL,NULL,NULL,NULL,NULL,NULL,NULL,NULL,NULL,NULL,NULL,NULL,NULL,NULL
A-A,S,Under40,23.0,Transition,Base 3 -week 1,Base 3 -week 2,Base 3 -week 3,Base 3 -week 4,Build 1 -week 1,Build 1 -week 2,Build 1 -week 4,Base 3 -week 1,Base 3 -week 2,Base 3 -week 3,Base 3 -week 4,Build 1 -week 1,Build 1 -week 2,Build 1 -week 3,Build 1 -week 4,Build 2 -week 1,Build 2 -week 2,Build 2 -week 3,Build 2 -week 4,Peak -week 1,Peak -week 2,Race,NULL,NULL,NULL,NULL,NULL,NULL,NULL,NULL,NULL,NULL,NULL,NULL,NULL,NULL,NULL,NULL,NULL,NULL,NULL,NULL,NULL,NULL,NULL,NULL,NULL
A-A,S,Under40,24.0,Transition,Base 3 -week 1,Base 3 -week 2,Base 3 -week 3,Base 3 -week 4,Build 1 -week 1,Build 1 -week 2,Build 1 -week 3,Build 1 -week 4,Base 3 -week 1,Base 3 -week 2,Base 3 -week 3,Base 3 -week 4,Build 1 -week 1,Build 1 -week 2,Build 1 -week 3,Build 1 -week 4,Build 2 -week 1,Build 2 -week 2,Build 2 -week 3,Build 2 -week 4,Peak -week 1,Peak -week 2,Race,NULL,NULL,NULL,NULL,NULL,NULL,NULL,NULL,NULL,NULL,NULL,NULL,NULL,NULL,NULL,NULL,NULL,NULL,NULL,NULL,NULL,NULL,NULL,NULL
A-A,S,Under40,25.0,Transition,Build 1 -week 4,Base 3 -week 1,Base 3 -week 2,Base 3 -week 3,Base 3 -week 4,Build 1 -week 1,Build 1 -week 2,Build 1 -week 3,Build 1 -week 4,Base 3 -week 1,Base 3 -week 2,Base 3 -week 3,Base 3 -week 4,Build 1 -week 1,Build 1 -week 2,Build 1 -week 3,Build 1 -week 4,Build 2 -week 1,Build 2 -week 2,Build 2 -week 3,Build 2 -week 4,Peak -week 1,Peak -week 2,Race,NULL,NULL,NULL,NULL,NULL,NULL,NULL,NULL,NULL,NULL,NULL,NULL,NULL,NULL,NULL,NULL,NULL,NULL,NULL,NULL,NULL,NULL,NULL
A-A,S,Under40,26.0,Transition,Build 1 -week 1,Build 1 -week 4,Base 3 -week 1,Base 3 -week 2,Base 3 -week 3,Base 3 -week 4,Build 1 -week 1,Build 1 -week 2,Build 1 -week 3,Build 1 -week 4,Base 3 -week 1,Base 3 -week 2,Base 3 -week 3,Base 3 -week 4,Build 1 -week 1,Build 1 -week 2,Build 1 -week 3,Build 1 -week 4,Build 2 -week 1,Build 2 -week 2,Build 2 -week 3,Build 2 -week 4,Peak -week 1,Peak -week 2,Race,NULL,NULL,NULL,NULL,NULL,NULL,NULL,NULL,NULL,NULL,NULL,NULL,NULL,NULL,NULL,NULL,NULL,NULL,NULL,NULL,NULL,NULL
PriorB1,SW,Over40,2.0,Base 1 -week 1,Base 1 -week 4,NULL,NULL,NULL,NULL,NULL,NULL,NULL,NULL,NULL,NULL,NULL,NULL,NULL,NULL,NULL,NULL,NULL,NULL,NULL,NULL,NULL,NULL,NULL,NULL,NULL,NULL,NULL,NULL,NULL,NULL,NULL,NULL,NULL,NULL,NULL,NULL,NULL,NULL,NULL,NULL,NULL,NULL,NULL,NULL,NULL,NULL
PriorB1,SW,Over40,3.0,Base 1 -week 1,Base 1 -week 2,Base 1 -week 4,NULL,NULL,NULL,NULL,NULL,NULL,NULL,NULL,NULL,NULL,NULL,NULL,NULL,NULL,NULL,NULL,NULL,NULL,NULL,NULL,NULL,NULL,NULL,NULL,NULL,NULL,NULL,NULL,NULL,NULL,NULL,NULL,NULL,NULL,NULL,NULL,NULL,NULL,NULL,NULL,NULL,NULL,NULL,NULL,NULL
PriorB1,SW,Over40,4.0,Base 1 -week 1,Base 1 -week 1,Base 1 -week 2,Base 1 -week 4,NULL,NULL,NULL,NULL,NULL,NULL,NULL,NULL,NULL,NULL,NULL,NULL,NULL,NULL,NULL,NULL,NULL,NULL,NULL,NULL,NULL,NULL,NULL,NULL,NULL,NULL,NULL,NULL,NULL,NULL,NULL,NULL,NULL,NULL,NULL,NULL,NULL,NULL,NULL,NULL,NULL,NULL,NULL,NULL
PriorB1,SW,Under40,7.0,Base 1 -week 1,Base 1 -week 2,Base 1 -week 3,Base 1 -week 4,Base 2 -week 1,Base 2 -week 2,Base 2 -week 4,NULL,NULL,NULL,NULL,NULL,NULL,NULL,NULL,NULL,NULL,NULL,NULL,NULL,NULL,NULL,NULL,NULL,NULL,NULL,NULL,NULL,NULL,NULL,NULL,NULL,NULL,NULL,NULL,NULL,NULL,NULL,NULL,NULL,NULL,NULL,NULL,NULL,NULL,NULL,NULL,NULL
B1-B2,S,Over40,6.0,Build 1 -week 1,Build 1 -week 2,Build 1 -week 4,Build 2 -week 1,Build 2 -week 2,Build 2 -week 4,NULL,NULL,NULL,NULL,NULL,NULL,NULL,NULL,NULL,NULL,NULL,NULL,NULL,NULL,NULL,NULL,NULL,NULL,NULL,NULL,NULL,NULL,NULL,NULL,NULL,NULL,NULL,NULL,NULL,NULL,NULL,NULL,NULL,NULL,NULL,NULL,NULL,NULL,NULL,NULL,NULL,NULL
A-A,S,Under40,27.0,Transition,Build 1 -week 1,Build 1 -week 2,Build 1 -week 4,Base 3 -week 1,Base 3 -week 2,Base 3 -week 3,Base 3 -week 4,Build 1 -week 1,Build 1 -week 2,Build 1 -week 3,Build 1 -week 4,Base 3 -week 1,Base 3 -week 2,Base 3 -week 3,Base 3 -week 4,Build 1 -week 1,Build 1 -week 2,Build 1 -week 3,Build 1 -week 4,Build 2 -week 1,Build 2 -week 2,Build 2 -week 3,Build 2 -week 4,Peak -week 1,Peak -week 2,Race,NULL,NULL,NULL,NULL,NULL,NULL,NULL,NULL,NULL,NULL,NULL,NULL,NULL,NULL,NULL,NULL,NULL,NULL,NULL,NULL,NULL
A-A,S,Under40,28.0,Transition,Base 2 -week 4,Build 1 -week 1,Build 1 -week 2,Build 1 -week 4,Base 3 -week 1,Base 3 -week 2,Base 3 -week 3,Base 3 -week 4,Build 1 -week 1,Build 1 -week 2,Build 1 -week 3,Build 1 -week 4,Base 3 -week 1,Base 3 -week 2,Base 3 -week 3,Base 3 -week 4,Build 1 -week 1,Build 1 -week 2,Build 1 -week 3,Build 1 -week 4,Build 2 -week 1,Build 2 -week 2,Build 2 -week 3,Build 2 -week 4,Peak -week 1,Peak -week 2,Race,NULL,NULL,NULL,NULL,NULL,NULL,NULL,NULL,NULL,NULL,NULL,NULL,NULL,NULL,NULL,NULL,NULL,NULL,NULL,NULL
A-A,S,Under40,29.0,Transition,Base 2 -week 3,Base 2 -week 4,Build 1 -week 1,Build 1 -week 2,Build 1 -week 4,Base 3 -week 1,Base 3 -week 2,Base 3 -week 3,Base 3 -week 4,Build 1 -week 1,Build 1 -week 2,Build 1 -week 3,Build 1 -week 4,Base 3 -week 1,Base 3 -week 2,Base 3 -week 3,Base 3 -week 4,Build 1 -week 1,Build 1 -week 2,Build 1 -week 3,Build 1 -week 4,Build 2 -week 1,Build 2 -week 2,Build 2 -week 3,Build 2 -week 4,Peak -week 1,Peak -week 2,Race,NULL,NULL,NULL,NULL,NULL,NULL,NULL,NULL,NULL,NULL,NULL,NULL,NULL,NULL,NULL,NULL,NULL,NULL,NULL
A-A,S,Under40,30.0,Transition,Base 2 -week 2,Base 2 -week 3,Base 2 -week 4,Build 1 -week 1,Build 1 -week 2,Build 1 -week 4,Base 3 -week 1,Base 3 -week 2,Base 3 -week 3,Base 3 -week 4,Build 1 -week 1,Build 1 -week 2,Build 1 -week 3,Build 1 -week 4,Base 3 -week 1,Base 3 -week 2,Base 3 -week 3,Base 3 -week 4,Build 1 -week 1,Build 1 -week 2,Build 1 -week 3,Build 1 -week 4,Build 2 -week 1,Build 2 -week 2,Build 2 -week 3,Build 2 -week 4,Peak -week 1,Peak -week 2,Race,NULL,NULL,NULL,NULL,NULL,NULL,NULL,NULL,NULL,NULL,NULL,NULL,NULL,NULL,NULL,NULL,NULL,NULL
A-A,S,Under40,31.0,Transition,Base 2 -week 1,Base 2 -week 2,Base 2 -week 3,Base 2 -week 4,Build 1 -week 1,Build 1 -week 2,Build 1 -week 4,Base 3 -week 1,Base 3 -week 2,Base 3 -week 3,Base 3 -week 4,Build 1 -week 1,Build 1 -week 2,Build 1 -week 3,Build 1 -week 4,Base 3 -week 1,Base 3 -week 2,Base 3 -week 3,Base 3 -week 4,Build 1 -week 1,Build 1 -week 2,Build 1 -week 3,Build 1 -week 4,Build 2 -week 1,Build 2 -week 2,Build 2 -week 3,Build 2 -week 4,Peak -week 1,Peak -week 2,Race,NULL,NULL,NULL,NULL,NULL,NULL,NULL,NULL,NULL,NULL,NULL,NULL,NULL,NULL,NULL,NULL,NULL
A-A,S,Under40,32.0,Transition,Transition,Base 2 -week 1,Base 2 -week 2,Base 2 -week 3,Base 2 -week 4,Build 1 -week 1,Build 1 -week 2,Build 1 -week 4,Base 3 -week 1,Base 3 -week 2,Base 3 -week 3,Base 3 -week 4,Build 1 -week 1,Build 1 -week 2,Build 1 -week 3,Build 1 -week 4,Base 3 -week 1,Base 3 -week 2,Base 3 -week 3,Base 3 -week 4,Build 1 -week 1,Build 1 -week 2,Build 1 -week 3,Build 1 -week 4,Build 2 -week 1,Build 2 -week 2,Build 2 -week 3,Build 2 -week 4,Peak -week 1,Peak -week 2,Race,NULL,NULL,NULL,NULL,NULL,NULL,NULL,NULL,NULL,NULL,NULL,NULL,NULL,NULL,NULL,NULL
A-A,W,Under40,13.0,Transition,Base 2 -week 4,Base 3 -week 1,Base 3 -week 2,Base 3 -week 3,Base 3 -week 4,Build 1 -week 1,Build 1 -week 2,Build 1 -week 3,Build 1 -week 4,Peak -week 1,Peak -week 2,Race,NULL,NULL,NULL,NULL,NULL,NULL,NULL,NULL,NULL,NULL,NULL,NULL,NULL,NULL,NULL,NULL,NULL,NULL,NULL,NULL,NULL,NULL,NULL,NULL,NULL,NULL,NULL,NULL,NULL,NULL,NULL,NULL,NULL,NULL,NULL
A-A,W,Under40,14.0,Transition,Base 3 -week 1,Base 3 -week 2,Base 3 -week 3,Base 3 -week 4,Build 1 -week 1,Build 1 -week 2,Build 1 -week 3,Build 1 -week 4,Build 2 -week 1,Build 2 -week 2,Build 2 -week 4,Peak -week 2,Race,NULL,NULL,NULL,NULL,NULL,NULL,NULL,NULL,NULL,NULL,NULL,NULL,NULL,NULL,NULL,NULL,NULL,NULL,NULL,NULL,NULL,NULL,NULL,NULL,NULL,NULL,NULL,NULL,NULL,NULL,NULL,NULL,NULL,NULL
B1-B2,S,Over40,7.0,Base 3 -week 4,Build 1 -week 1,Build 1 -week 2,Build 1 -week 4,Build 2 -week 1,Build 2 -week 2,Build 2 -week 4,NULL,NULL,NULL,NULL,NULL,NULL,NULL,NULL,NULL,NULL,NULL,NULL,NULL,NULL,NULL,NULL,NULL,NULL,NULL,NULL,NULL,NULL,NULL,NULL,NULL,NULL,NULL,NULL,NULL,NULL,NULL,NULL,NULL,NULL,NULL,NULL,NULL,NULL,NULL,NULL,NULL
PriorB1,SW,Over40,5.0,Base 1 -week 1,Base 1 -week 2,Base 1 -week 4,Base 2 -week 1,Base 2 -week 4,NULL,NULL,NULL,NULL,NULL,NULL,NULL,NULL,NULL,NULL,NULL,NULL,NULL,NULL,NULL,NULL,NULL,NULL,NULL,NULL,NULL,NULL,NULL,NULL,NULL,NULL,NULL,NULL,NULL,NULL,NULL,NULL,NULL,NULL,NULL,NULL,NULL,NULL,NULL,NULL,NULL,NULL,NULL
PriorB1,SW,Under40,6.0,Base 1 -week 1,Base 1 -week 2,Base 1 -week 3,Base 1 -week 4,Base 2 -week 1,Base 2 -week 4,NULL,NULL,NULL,NULL,NULL,NULL,NULL,NULL,NULL,NULL,NULL,NULL,NULL,NULL,NULL,NULL,NULL,NULL,NULL,NULL,NULL,NULL,NULL,NULL,NULL,NULL,NULL,NULL,NULL,NULL,NULL,NULL,NULL,NULL,NULL,NULL,NULL,NULL,NULL,NULL,NULL,NULL
B1-B2,S,Under40,3.0,Build 1 -week 1,Build 1 -week 2,Build 1 -week 4,NULL,NULL,NULL,NULL,NULL,NULL,NULL,NULL,NULL,NULL,NULL,NULL,NULL,NULL,NULL,NULL,NULL,NULL,NULL,NULL,NULL,NULL,NULL,NULL,NULL,NULL,NULL,NULL,NULL,NULL,NULL,NULL,NULL,NULL,NULL,NULL,NULL,NULL,NULL,NULL,NULL,NULL,NULL,NULL,NULL
B1-B2,W,Under40,3.0,Base 2 -week 1,Base 2 -week 2,Base 2 -week 4,NULL,NULL,NULL,NULL,NULL,NULL,NULL,NULL,NULL,NULL,NULL,NULL,NULL,NULL,NULL,NULL,NULL,NULL,NULL,NULL,NULL,NULL,NULL,NULL,NULL,NULL,NULL,NULL,NULL,NULL,NULL,NULL,NULL,NULL,NULL,NULL,NULL,NULL,NULL,NULL,NULL,NULL,NULL,NULL,NULL
B1-B2,W,Over40,7.0,Base 2 -week 4,Base 2 -week 1,Base 2 -week 2,Base 2 -week 4,Base 3 -week 1,Base 3 -week 2,Base 3 -week 4,NULL,NULL,NULL,NULL,NULL,NULL,NULL,NULL,NULL,NULL,NULL,NULL,NULL,NULL,NULL,NULL,NULL,NULL,NULL,NULL,NULL,NULL,NULL,NULL,NULL,NULL,NULL,NULL,NULL,NULL,NULL,NULL,NULL,NULL,NULL,NULL,NULL,NULL,NULL,NULL,NULL
A-A,W,Under40,15.0,Transition,Base 3 -week 1,Base 3 -week 2,Base 3 -week 3,Base 3 -week 4,Build 1 -week 1,Build 1 -week 2,Build 1 -week 3,Build 1 -week 4,Build 2 -week 1,Build 2 -week 2,Build 2 -week 3,Build 2 -week 4,Peak -week 1,Race,NULL,NULL,NULL,NULL,NULL,NULL,NULL,NULL,NULL,NULL,NULL,NULL,NULL,NULL,NULL,NULL,NULL,NULL,NULL,NULL,NULL,NULL,NULL,NULL,NULL,NULL,NULL,NULL,NULL,NULL,NULL,NULL,NULL
A-A,W,Under40,16.0,Transition,Base 3 -week 1,Base 3 -week 2,Base 3 -week 3,Base 3 -week 4,Build 1 -week 1,Build 1 -week 2,Build 1 -week 3,Build 1 -week 4,Build 2 -week 1,Build 2 -week 2,Build 2 -week 3,Build 2 -week 4,Peak -week 1,Peak -week 2,Race,NULL,NULL,NULL,NULL,NULL,NULL,NULL,NULL,NULL,NULL,NULL,NULL,NULL,NULL,NULL,NULL,NULL,NULL,NULL,NULL,NULL,NULL,NULL,NULL,NULL,NULL,NULL,NULL,NULL,NULL,NULL,NULL
A-A,W,Under40,17.0,Transition,Base 2 -week 4,Base 3 -week 1,Base 3 -week 2,Base 3 -week 3,Base 3 -week 4,Build 1 -week 1,Build 1 -week 2,Build 1 -week 3,Build 1 -week 4,Build 2 -week 1,Build 2 -week 2,Build 2 -week 3,Build 2 -week 4,Peak -week 1,Peak -week 2,Race,NULL,NULL,NULL,NULL,NULL,NULL,NULL,NULL,NULL,NULL,NULL,NULL,NULL,NULL,NULL,NULL,NULL,NULL,NULL,NULL,NULL,NULL,NULL,NULL,NULL,NULL,NULL,NULL,NULL,NULL,NULL
A-A,W,Under40,18.0,Transition,Base 2 -week 3,Base 2 -week 4,Base 3 -week 1,Base 3 -week 2,Base 3 -week 3,Base 3 -week 4,Build 1 -week 1,Build 1 -week 2,Build 1 -week 3,Build 1 -week 4,Build 2 -week 1,Build 2 -week 2,Build 2 -week 3,Build 2 -week 4,Peak -week 1,Peak -week 2,Race,NULL,NULL,NULL,NULL,NULL,NULL,NULL,NULL,NULL,NULL,NULL,NULL,NULL,NULL,NULL,NULL,NULL,NULL,NULL,NULL,NULL,NULL,NULL,NULL,NULL,NULL,NULL,NULL,NULL,NULL
A-A,W,Under40,19.0,Transition,Base 2 -week 2,Base 2 -week 3,Base 2 -week 4,Base 3 -week 1,Base 3 -week 2,Base 3 -week 3,Base 3 -week 4,Build 1 -week 1,Build 1 -week 2,Build 1 -week 3,Build 1 -week 4,Build 2 -week 1,Build 2 -week 2,Build 2 -week 3,Build 2 -week 4,Peak -week 1,Peak -week 2,Race,NULL,NULL,NULL,NULL,NULL,NULL,NULL,NULL,NULL,NULL,NULL,NULL,NULL,NULL,NULL,NULL,NULL,NULL,NULL,NULL,NULL,NULL,NULL,NULL,NULL,NULL,NULL,NULL,NULL
A-A,W,Under40,20.0,Transition,Base 2 -week 1,Base 2 -week 2,Base 2 -week 3,Base 2 -week 4,Base 3 -week 1,Base 3 -week 2,Base 3 -week 3,Base 3 -week 4,Build 1 -week 1,Build 1 -week 2,Build 1 -week 3,Build 1 -week 4,Build 2 -week 1,Build 2 -week 2,Build 2 -week 3,Build 2 -week 4,Peak -week 1,Peak -week 2,Race,NULL,NULL,NULL,NULL,NULL,NULL,NULL,NULL,NULL,NULL,NULL,NULL,NULL,NULL,NULL,NULL,NULL,NULL,NULL,NULL,NULL,NULL,NULL,NULL,NULL,NULL,NULL,NULL
A-A,W,Under40,21.0,Transition,Base 1 -week 4,Base 2 -week 1,Base 2 -week 2,Base 2 -week 3,Base 2 -week 4,Base 3 -week 1,Base 3 -week 2,Base 3 -week 3,Base 3 -week 4,Build 1 -week 1,Build 1 -week 2,Build 1 -week 3,Build 1 -week 4,Build 2 -week 1,Build 2 -week 2,Build 2 -week 3,Build 2 -week 4,Peak -week 1,Peak -week 2,Race,NULL,NULL,NULL,NULL,NULL,NULL,NULL,NULL,NULL,NULL,NULL,NULL,NULL,NULL,NULL,NULL,NULL,NULL,NULL,NULL,NULL,NULL,NULL,NULL,NULL,NULL,NULL
A-A,W,Under40,22.0,Transition,Base 1 -week 3,Base 1 -week 4,Base 2 -week 1,Base 2 -week 2,Base 2 -week 3,Base 2 -week 4,Base 3 -week 1,Base 3 -week 2,Base 3 -week 3,Base 3 -week 4,Build 1 -week 1,Build 1 -week 2,Build 1 -week 3,Build 1 -week 4,Build 2 -week 1,Build 2 -week 2,Build 2 -week 3,Build 2 -week 4,Peak -week 1,Peak -week 2,Race,NULL,NULL,NULL,NULL,NULL,NULL,NULL,NULL,NULL,NULL,NULL,NULL,NULL,NULL,NULL,NULL,NULL,NULL,NULL,NULL,NULL,NULL,NULL,NULL,NULL,NULL
A-A,W,Under40,23.0,Transition,Base 1 -week 2,Base 1 -week 3,Base 1 -week 4,Base 2 -week 1,Base 2 -week 2,Base 2 -week 3,Base 2 -week 4,Base 3 -week 1,Base 3 -week 2,Base 3 -week 3,Base 3 -week 4,Build 1 -week 1,Build 1 -week 2,Build 1 -week 3,Build 1 -week 4,Build 2 -week 1,Build 2 -week 2,Build 2 -week 3,Build 2 -week 4,Peak -week 1,Peak -week 2,Race,NULL,NULL,NULL,NULL,NULL,NULL,NULL,NULL,NULL,NULL,NULL,NULL,NULL,NULL,NULL,NULL,NULL,NULL,NULL,NULL,NULL,NULL,NULL,NULL,NULL
A-A,W,Under40,24.0,Transition,Base 1 -week 1,Base 1 -week 2,Base 1 -week 3,Base 1 -week 4,Base 2 -week 1,Base 2 -week 2,Base 2 -week 3,Base 2 -week 4,Base 3 -week 1,Base 3 -week 2,Base 3 -week 3,Base 3 -week 4,Build 1 -week 1,Build 1 -week 2,Build 1 -week 3,Build 1 -week 4,Build 2 -week 1,Build 2 -week 2,Build 2 -week 3,Build 2 -week 4,Peak -week 1,Peak -week 2,Race,NULL,NULL,NULL,NULL,NULL,NULL,NULL,NULL,NULL,NULL,NULL,NULL,NULL,NULL,NULL,NULL,NULL,NULL,NULL,NULL,NULL,NULL,NULL,NULL
A-A,W,Under40,25.0,Transition,Transition,Base 1 -week 1,Base 1 -week 2,Base 1 -week 3,Base 1 -week 4,Base 2 -week 1,Base 2 -week 2,Base 2 -week 3,Base 2 -week 4,Base 3 -week 1,Base 3 -week 2,Base 3 -week 3,Base 3 -week 4,Build 1 -week 1,Build 1 -week 2,Build 1 -week 3,Build 1 -week 4,Build 2 -week 1,Build 2 -week 2,Build 2 -week 3,Build 2 -week 4,Peak -week 1,Peak -week 2,Race,NULL,NULL,NULL,NULL,NULL,NULL,NULL,NULL,NULL,NULL,NULL,NULL,NULL,NULL,NULL,NULL,NULL,NULL,NULL,NULL,NULL,NULL,NULL
PriorB1,SW,Over40,7.0,Preparation,Base 1 -week 1,Base 1 -week 2,Base 1 -week 4,Base 2 -week 1,Base 2 -week 2,Base 2 -week 4,NULL,NULL,NULL,NULL,NULL,NULL,NULL,NULL,NULL,NULL,NULL,NULL,NULL,NULL,NULL,NULL,NULL,NULL,NULL,NULL,NULL,NULL,NULL,NULL,NULL,NULL,NULL,NULL,NULL,NULL,NULL,NULL,NULL,NULL,NULL,NULL,NULL,NULL,NULL,NULL,NULL
B1-B2,S,Over40,10.0,Base 3 -week 4,Build 1 -week 1,Build 1 -week 2,Build 1 -week 4,Build 2 -week 1,Build 2 -week 2,Build 2 -week 4,Build 2 -week 1,Build 2 -week 2,Build 2 -week 4,NULL,NULL,NULL,NULL,NULL,NULL,NULL,NULL,NULL,NULL,NULL,NULL,NULL,NULL,NULL,NULL,NULL,NULL,NULL,NULL,NULL,NULL,NULL,NULL,NULL,NULL,NULL,NULL,NULL,NULL,NULL,NULL,NULL,NULL,NULL,NULL,NULL,NULL
PriorB1,SW,Under40,5.0,Base 1 -week 1,Base 1 -week 2,Base 1 -week 4,Base 2 -week 1,Base 2 -week 4,NULL,NULL,NULL,NULL,NULL,NULL,NULL,NULL,NULL,NULL,NULL,NULL,NULL,NULL,NULL,NULL,NULL,NULL,NULL,NULL,NULL,NULL,NULL,NULL,NULL,NULL,NULL,NULL,NULL,NULL,NULL,NULL,NULL,NULL,NULL,NULL,NULL,NULL,NULL,NULL,NULL,NULL,NULL
A-A,W,Under40,26.0,Transition,Transition,Transition,Base 1 -week 1,Base 1 -week 2,Base 1 -week 3,Base 1 -week 4,Base 2 -week 1,Base 2 -week 2,Base 2 -week 3,Base 2 -week 4,Base 3 -week 1,Base 3 -week 2,Base 3 -week 3,Base 3 -week 4,Build 1 -week 1,Build 1 -week 2,Build 1 -week 3,Build 1 -week 4,Build 2 -week 1,Build 2 -week 2,Build 2 -week 3,Build 2 -week 4,Peak -week 1,Peak -week 2,Race,NULL,NULL,NULL,NULL,NULL,NULL,NULL,NULL,NULL,NULL,NULL,NULL,NULL,NULL,NULL,NULL,NULL,NULL,NULL,NULL,NULL,NULL
A-A,W,Under40,27.0,Transition,Base 2 -week 2,Base 2 -week 3,Base 2 -week 4,Base 2 -week 1,Base 2 -week 2,Base 2 -week 3,Base 2 -week 4,Base 3 -week 1,Base 3 -week 2,Base 3 -week 3,Base 3 -week 4,Base 3 -week 1,Base 3 -week 2,Base 3 -week 3,Base 3 -week 4,Build 1 -week 1,Build 1 -week 2,Build 1 -week 3,Build 1 -week 4,Build 2 -week 1,Build 2 -week 2,Build 2 -week 3,Build 2 -week 4,Peak -week 1,Peak -week 2,Race,NULL,NULL,NULL,NULL,NULL,NULL,NULL,NULL,NULL,NULL,NULL,NULL,NULL,NULL,NULL,NULL,NULL,NULL,NULL,NULL,NULL
A-A,W,Under40,28.0,Transition,Base 2 -week 1,Base 2 -week 2,Base 2 -week 3,Base 2 -week 4,Base 2 -week 1,Base 2 -week 2,Base 2 -week 3,Base 2 -week 4,Base 3 -week 1,Base 3 -week 2,Base 3 -week 3,Base 3 -week 4,Base 3 -week 1,Base 3 -week 2,Base 3 -week 3,Base 3 -week 4,Build 1 -week 1,Build 1 -week 2,Build 1 -week 3,Build 1 -week 4,Build 2 -week 1,Build 2 -week 2,Build 2 -week 3,Build 2 -week 4,Peak -week 1,Peak -week 2,Race,NULL,NULL,NULL,NULL,NULL,NULL,NULL,NULL,NULL,NULL,NULL,NULL,NULL,NULL,NULL,NULL,NULL,NULL,NULL,NULL
A-A,W,Under40,29.0,Transition,Base 1 -week 4,Base 2 -week 1,Base 2 -week 2,Base 2 -week 3,Base 2 -week 4,Base 2 -week 1,Base 2 -week 2,Base 2 -week 3,Base 2 -week 4,Base 3 -week 1,Base 3 -week 2,Base 3 -week 3,Base 3 -week 4,Base 3 -week 1,Base 3 -week 2,Base 3 -week 3,Base 3 -week 4,Build 1 -week 1,Build 1 -week 2,Build 1 -week 3,Build 1 -week 4,Build 2 -week 1,Build 2 -week 2,Build 2 -week 3,Build 2 -week 4,Peak -week 1,Peak -week 2,Race,NULL,NULL,NULL,NULL,NULL,NULL,NULL,NULL,NULL,NULL,NULL,NULL,NULL,NULL,NULL,NULL,NULL,NULL,NULL
A-A,W,Under40,30.0,Transition,Base 1 -week 2,Base 1 -week 4,Base 2 -week 1,Base 2 -week 2,Base 2 -week 3,Base 2 -week 4,Base 2 -week 1,Base 2 -week 2,Base 2 -week 3,Base 2 -week 4,Base 3 -week 1,Base 3 -week 2,Base 3 -week 3,Base 3 -week 4,Base 3 -week 1,Base 3 -week 2,Base 3 -week 3,Base 3 -week 4,Build 1 -week 1,Build 1 -week 2,Build 1 -week 3,Build 1 -week 4,Build 2 -week 1,Build 2 -week 2,Build 2 -week 3,Build 2 -week 4,Peak -week 1,Peak -week 2,Race,NULL,NULL,NULL,NULL,NULL,NULL,NULL,NULL,NULL,NULL,NULL,NULL,NULL,NULL,NULL,NULL,NULL,NULL
A-A,W,Under40,31.0,Transition,Base 1 -week 1,Base 1 -week 2,Base 1 -week 4,Base 2 -week 1,Base 2 -week 2,Base 2 -week 3,Base 2 -week 4,Base 2 -week 1,Base 2 -week 2,Base 2 -week 3,Base 2 -week 4,Base 3 -week 1,Base 3 -week 2,Base 3 -week 3,Base 3 -week 4,Base 3 -week 1,Base 3 -week 2,Base 3 -week 3,Base 3 -week 4,Build 1 -week 1,Build 1 -week 2,Build 1 -week 3,Build 1 -week 4,Build 2 -week 1,Build 2 -week 2,Build 2 -week 3,Build 2 -week 4,Peak -week 1,Peak -week 2,Race,NULL,NULL,NULL,NULL,NULL,NULL,NULL,NULL,NULL,NULL,NULL,NULL,NULL,NULL,NULL,NULL,NULL
A-A,W,Under40,32.0,Transition,Transition,Base 1 -week 1,Base 1 -week 2,Base 1 -week 4,Base 2 -week 1,Base 2 -week 2,Base 2 -week 3,Base 2 -week 4,Base 2 -week 1,Base 2 -week 2,Base 2 -week 3,Base 2 -week 4,Base 3 -week 1,Base 3 -week 2,Base 3 -week 3,Base 3 -week 4,Base 3 -week 1,Base 3 -week 2,Base 3 -week 3,Base 3 -week 4,Build 1 -week 1,Build 1 -week 2,Build 1 -week 3,Build 1 -week 4,Build 2 -week 1,Build 2 -week 2,Build 2 -week 3,Build 2 -week 4,Peak -week 1,Peak -week 2,Race,NULL,NULL,NULL,NULL,NULL,NULL,NULL,NULL,NULL,NULL,NULL,NULL,NULL,NULL,NULL,NULL
PriorB1,SW,Over40,12.0,Base 1 -week 1,Base 1 -week 2,Base 1 -week 4,Base 2 -week 1,Base 2 -week 2,Base 2 -week 4,Base 3 -week 1,Base 3 -week 2,Base 3 -week 4,Build 1 -week 1,Build 1 -week 2,Build 1 -week 4,NULL,NULL,NULL,NULL,NULL,NULL,NULL,NULL,NULL,NULL,NULL,NULL,NULL,NULL,NULL,NULL,NULL,NULL,NULL,NULL,NULL,NULL,NULL,NULL,NULL,NULL,NULL,NULL,NULL,NULL,NULL,NULL,NULL,NULL,NULL,NULL
PriorB1,SW,Under40,3.0,Base 1 -week 1,Base 1 -week 2,Base 1 -week 4,NULL,NULL,NULL,NULL,NULL,NULL,NULL,NULL,NULL,NULL,NULL,NULL,NULL,NULL,NULL,NULL,NULL,NULL,NULL,NULL,NULL,NULL,NULL,NULL,NULL,NULL,NULL,NULL,NULL,NULL,NULL,NULL,NULL,NULL,NULL,NULL,NULL,NULL,NULL,NULL,NULL,NULL,NULL,NULL,NULL
PriorB1,SW,Under40,4.0,Base 1 -week 1,Base 1 -week 2,Base 1 -week 3,Base 1 -week 4,NULL,NULL,NULL,NULL,NULL,NULL,NULL,NULL,NULL,NULL,NULL,NULL,NULL,NULL,NULL,NULL,NULL,NULL,NULL,NULL,NULL,NULL,NULL,NULL,NULL,NULL,NULL,NULL,NULL,NULL,NULL,NULL,NULL,NULL,NULL,NULL,NULL,NULL,NULL,NULL,NULL,NULL,NULL,NULL
B1-B2,S,Under40,1.0,Build 1 -week 4,NULL,NULL,NULL,NULL,NULL,NULL,NULL,NULL,NULL,NULL,NULL,NULL,NULL,NULL,NULL,NULL,NULL,NULL,NULL,NULL,NULL,NULL,NULL,NULL,NULL,NULL,NULL,NULL,NULL,NULL,NULL,NULL,NULL,NULL,NULL,NULL,NULL,NULL,NULL,NULL,NULL,NULL,NULL,NULL,NULL,NULL,NULL
B1-B2,S,Under40,4.0,Build 1 -week 1,Build 1 -week 2,Build 1 -week 3,Build 1 -week 4,NULL,NULL,NULL,NULL,NULL,NULL,NULL,NULL,NULL,NULL,NULL,NULL,NULL,NULL,NULL,NULL,NULL,NULL,NULL,NULL,NULL,NULL,NULL,NULL,NULL,NULL,NULL,NULL,NULL,NULL,NULL,NULL,NULL,NULL,NULL,NULL,NULL,NULL,NULL,NULL,NULL,NULL,NULL,NULL
B1-B2,S,Under40,5.0,Build 1 -week 1,Build 1 -week 2,Build 1 -week 4,Build 2 -week 1,Build 2 -week 4,NULL,NULL,NULL,NULL,NULL,NULL,NULL,NULL,NULL,NULL,NULL,NULL,NULL,NULL,NULL,NULL,NULL,NULL,NULL,NULL,NULL,NULL,NULL,NULL,NULL,NULL,NULL,NULL,NULL,NULL,NULL,NULL,NULL,NULL,NULL,NULL,NULL,NULL,NULL,NULL,NULL,NULL,NULL
B1-B2,S,Under40,6.0,Build 1 -week 1,Build 1 -week 2,Build 1 -week 3,Build 1 -week 4,Build 2 -week 1,Build 2 -week 4,NULL,NULL,NULL,NULL,NULL,NULL,NULL,NULL,NULL,NULL,NULL,NULL,NULL,NULL,NULL,NULL,NULL,NULL,NULL,NULL,NULL,NULL,NULL,NULL,NULL,NULL,NULL,NULL,NULL,NULL,NULL,NULL,NULL,NULL,NULL,NULL,NULL,NULL,NULL,NULL,NULL,NULL
PriorB1,SW,Over40,13.0,Preparation,Base 1 -week 1,Base 1 -week 2,Base 1 -week 4,Base 2 -week 1,Base 2 -week 2,Base 2 -week 4,Base 3 -week 1,Base 3 -week 2,Base 3 -week 4,Build 1 -week 1,Build 1 -week 2,Build 1 -week 4,NULL,NULL,NULL,NULL,NULL,NULL,NULL,NULL,NULL,NULL,NULL,NULL,NULL,NULL,NULL,NULL,NULL,NULL,NULL,NULL,NULL,NULL,NULL,NULL,NULL,NULL,NULL,NULL,NULL,NULL,NULL,NULL,NULL,NULL,NULL
PriorB1,SW,Over40,14.0,Base 1 -week 1,Base 1 -week 2,Base 1 -week 4,Base 2 -week 1,Base 2 -week 2,Base 2 -week 4,Base 3 -week 1,Base 3 -week 2,Base 3 -week 4,Build 1 -week 1,Build 1 -week 2,Build 1 -week 4,Build 2 -week 1,Build 2 -week 4,NULL,NULL,NULL,NULL,NULL,NULL,NULL,NULL,NULL,NULL,NULL,NULL,NULL,NULL,NULL,NULL,NULL,NULL,NULL,NULL,NULL,NULL,NULL,NULL,NULL,NULL,NULL,NULL,NULL,NULL,NULL,NULL,NULL,NULL
PriorB1,SW,Over40,15.0,Base 1 -week 1,Base 1 -week 2,Base 1 -week 4,Base 2 -week 1,Base 2 -week 2,Base 2 -week 4,Base 3 -week 1,Base 3 -week 2,Base 3 -week 4,Build 1 -week 1,Build 1 -week 2,Build 1 -week 4,Build 2 -week 1,Build 2 -week 2,Build 2 -week 4,NULL,NULL,NULL,NULL,NULL,NULL,NULL,NULL,NULL,NULL,NULL,NULL,NULL,NULL,NULL,NULL,NULL,NULL,NULL,NULL,NULL,NULL,NULL,NULL,NULL,NULL,NULL,NULL,NULL,NULL,NULL,NULL,NULL
PriorB1,SW,Over40,16.0,Preparation,Base 1 -week 1,Base 1 -week 2,Base 1 -week 4,Base 2 -week 1,Base 2 -week 2,Base 2 -week 4,Base 3 -week 1,Base 3 -week 2,Base 3 -week 4,Build 1 -week 1,Build 1 -week 2,Build 1 -week 4,Build 2 -week 1,Build 2 -week 2,Build 2 -week 4,NULL,NULL,NULL,NULL,NULL,NULL,NULL,NULL,NULL,NULL,NULL,NULL,NULL,NULL,NULL,NULL,NULL,NULL,NULL,NULL,NULL,NULL,NULL,NULL,NULL,NULL,NULL,NULL,NULL,NULL,NULL,NULL
PriorB1,SW,Over40,17.0,Preparation,Preparation,Base 1 -week 1,Base 1 -week 2,Base 1 -week 4,Base 2 -week 1,Base 2 -week 2,Base 2 -week 4,Base 3 -week 1,Base 3 -week 2,Base 3 -week 4,Build 1 -week 1,Build 1 -week 2,Build 1 -week 4,Build 2 -week 1,Build 2 -week 2,Build 2 -week 4,NULL,NULL,NULL,NULL,NULL,NULL,NULL,NULL,NULL,NULL,NULL,NULL,NULL,NULL,NULL,NULL,NULL,NULL,NULL,NULL,NULL,NULL,NULL,NULL,NULL,NULL,NULL,NULL,NULL,NULL,NULL
PriorB1,SW,Over40,18.0,Preparation,Base 1 -week 1,Base 1 -week 2,Base 1 -week 4,Base 2 -week 1,Base 2 -week 2,Base 2 -week 4,Base 3 -week 1,Base 3 -week 2,Base 3 -week 4,Build 1 -week 1,Build 1 -week 2,Build 1 -week 4,Build 2 -week 1,Build 2 -week 2,Build 2 -week 4,Build 2 -week 1,Build 2 -week 4,NULL,NULL,NULL,NULL,NULL,NULL,NULL,NULL,NULL,NULL,NULL,NULL,NULL,NULL,NULL,NULL,NULL,NULL,NULL,NULL,NULL,NULL,NULL,NULL,NULL,NULL,NULL,NULL,NULL,NULL
PriorB1,SW,Over40,19.0,Preparation,Base 1 -week 1,Base 1 -week 2,Base 1 -week 4,Base 2 -week 1,Base 2 -week 2,Base 2 -week 4,Base 3 -week 1,Base 3 -week 2,Base 3 -week 4,Build 1 -week 1,Build 1 -week 2,Build 1 -week 4,Build 2 -week 1,Build 2 -week 2,Build 2 -week 4,Build 2 -week 1,Build 2 -week 2,Build 2 -week 4,NULL,NULL,NULL,NULL,NULL,NULL,NULL,NULL,NULL,NULL,NULL,NULL,NULL,NULL,NULL,NULL,NULL,NULL,NULL,NULL,NULL,NULL,NULL,NULL,NULL,NULL,NULL,NULL,NULL
PriorB1,SW,Over40,20.0,Preparation,Base 1 -week 1,Base 1 -week 2,Base 1 -week 4,Base 2 -week 1,Base 2 -week 2,Base 2 -week 4,Base 3 -week 1,Base 3 -week 2,Base 3 -week 4,Base 3 -week 1,Base 3 -week 4,Build 1 -week 1,Build 1 -week 2,Build 1 -week 4,Build 2 -week 1,Build 2 -week 2,Build 2 -week 4,Build 2 -week 1,Build 2 -week 4,NULL,NULL,NULL,NULL,NULL,NULL,NULL,NULL,NULL,NULL,NULL,NULL,NULL,NULL,NULL,NULL,NULL,NULL,NULL,NULL,NULL,NULL,NULL,NULL,NULL,NULL,NULL,NULL
PriorB1,SW,Over40,21.0,Preparation,Base 1 -week 1,Base 1 -week 2,Base 1 -week 4,Base 2 -week 1,Base 2 -week 2,Base 2 -week 4,Base 3 -week 1,Base 3 -week 2,Base 3 -week 4,Base 3 -week 1,Base 3 -week 4,Build 1 -week 1,Build 1 -week 2,Build 1 -week 4,Build 2 -week 1,Build 2 -week 2,Build 2 -week 4,Build 2 -week 1,Build 2 -week 2,Build 2 -week 4,NULL,NULL,NULL,NULL,NULL,NULL,NULL,NULL,NULL,NULL,NULL,NULL,NULL,NULL,NULL,NULL,NULL,NULL,NULL,NULL,NULL,NULL,NULL,NULL,NULL,NULL,NULL
PriorB1,SW,Over40,22.0,Preparation,Base 1 -week 1,Base 1 -week 2,Base 1 -week 4,Base 2 -week 1,Base 2 -week 2,Base 2 -week 4,Base 3 -week 1,Base 3 -week 2,Base 3 -week 4,Base 3 -week 1,Base 3 -week 2,Base 3 -week 4,Build 1 -week 1,Build 1 -week 2,Build 1 -week 4,Build 2 -week 1,Build 2 -week 2,Build 2 -week 4,Build 2 -week 1,Build 2 -week 2,Build 2 -week 4,NULL,NULL,NULL,NULL,NULL,NULL,NULL,NULL,NULL,NULL,NULL,NULL,NULL,NULL,NULL,NULL,NULL,NULL,NULL,NULL,NULL,NULL,NULL,NULL,NULL,NULL
PriorB1,SW,Over40,23.0,Preparation,Preparation,Base 1 -week 1,Base 1 -week 2,Base 1 -week 4,Base 2 -week 1,Base 2 -week 2,Base 2 -week 4,Base 3 -week 1,Base 3 -week 2,Base 3 -week 4,Base 3 -week 1,Base 3 -week 2,Base 3 -week 4,Build 1 -week 1,Build 1 -week 2,Build 1 -week 4,Build 2 -week 1,Build 2 -week 2,Build 2 -week 4,Build 2 -week 1,Build 2 -week 2,Build 2 -week 4,NULL,NULL,NULL,NULL,NULL,NULL,NULL,NULL,NULL,NULL,NULL,NULL,NULL,NULL,NULL,NULL,NULL,NULL,NULL,NULL,NULL,NULL,NULL,NULL,NULL
B1-B2,S,Under40,2.0,Build 1 -week 1,Build 1 -week 4,NULL,NULL,NULL,NULL,NULL,NULL,NULL,NULL,NULL,NULL,NULL,NULL,NULL,NULL,NULL,NULL,NULL,NULL,NULL,NULL,NULL,NULL,NULL,NULL,NULL,NULL,NULL,NULL,NULL,NULL,NULL,NULL,NULL,NULL,NULL,NULL,NULL,NULL,NULL,NULL,NULL,NULL,NULL,NULL,NULL,NULL
B1-B2,W,Under40,1.0,Base 2 -week 4,NULL,NULL,NULL,NULL,NULL,NULL,NULL,NULL,NULL,NULL,NULL,NULL,NULL,NULL,NULL,NULL,NULL,NULL,NULL,NULL,NULL,NULL,NULL,NULL,NULL,NULL,NULL,NULL,NULL,NULL,NULL,NULL,NULL,NULL,NULL,NULL,NULL,NULL,NULL,NULL,NULL,NULL,NULL,NULL,NULL,NULL,NULL
B1-B2,W,Under40,2.0,Base 2 -week 1,Base 2 -week 4,NULL,NULL,NULL,NULL,NULL,NULL,NULL,NULL,NULL,NULL,NULL,NULL,NULL,NULL,NULL,NULL,NULL,NULL,NULL,NULL,NULL,NULL,NULL,NULL,NULL,NULL,NULL,NULL,NULL,NULL,NULL,NULL,NULL,NULL,NULL,NULL,NULL,NULL,NULL,NULL,NULL,NULL,NULL,NULL,NULL,NULL
B1-B2,W,Under40,4.0,Base 2 -week 1,Base 2 -week 2,Base 2 -week 3,Base 2 -week 4,NULL,NULL,NULL,NULL,NULL,NULL,NULL,NULL,NULL,NULL,NULL,NULL,NULL,NULL,NULL,NULL,NULL,NULL,NULL,NULL,NULL,NULL,NULL,NULL,NULL,NULL,NULL,NULL,NULL,NULL,NULL,NULL,NULL,NULL,NULL,NULL,NULL,NULL,NULL,NULL,NULL,NULL,NULL,NULL
PriorB1,SW,Under40,10.0,Base 1 -week 1,Base 1 -week 2,Base 1 -week 3,Base 1 -week 4,Base 2 -week 1,Base 2 -week 2,Base 2 -week 3,Base 2 -week 4,Base 3 -week 1,Base 3 -week 4,NULL,NULL,NULL,NULL,NULL,NULL,NULL,NULL,NULL,NULL,NULL,NULL,NULL,NULL,NULL,NULL,NULL,NULL,NULL,NULL,NULL,NULL,NULL,NULL,NULL,NULL,NULL,NULL,NULL,NULL,NULL,NULL,NULL,NULL,NULL,NULL,NULL,NULL
B1-B2,W,Over40,10.0,Base 2 -week 4,Base 2 -week 1,Base 2 -week 2,Base 2 -week 4,Base 3 -week 1,Base 3 -week 2,Base 3 -week 4,Base 3 -week 1,Base 3 -week 2,Base 3 -week 4,NULL,NULL,NULL,NULL,NULL,NULL,NULL,NULL,NULL,NULL,NULL,NULL,NULL,NULL,NULL,NULL,NULL,NULL,NULL,NULL,NULL,NULL,NULL,NULL,NULL,NULL,NULL,NULL,NULL,NULL,NULL,NULL,NULL,NULL,NULL,NULL,NULL,NULL
PriorB1,SW,Over40,24.0,Preparation,Preparation,Preparation,Base 1 -week 1,Base 1 -week 2,Base 1 -week 4,Base 2 -week 1,Base 2 -week 2,Base 2 -week 4,Base 3 -week 1,Base 3 -week 2,Base 3 -week 4,Base 3 -week 1,Base 3 -week 2,Base 3 -week 4,Build 1 -week 1,Build 1 -week 2,Build 1 -week 4,Build 2 -week 1,Build 2 -week 2,Build 2 -week 4,Build 2 -week 1,Build 2 -week 2,Build 2 -week 4,NULL,NULL,NULL,NULL,NULL,NULL,NULL,NULL,NULL,NULL,NULL,NULL,NULL,NULL,NULL,NULL,NULL,NULL,NULL,NULL,NULL,NULL,NULL,NULL
PriorB1,SW,Over40,25.0,Preparation,Preparation,Preparation,Preparation,Base 1 -week 1,Base 1 -week 2,Base 1 -week 4,Base 2 -week 1,Base 2 -week 2,Base 2 -week 4,Base 3 -week 1,Base 3 -week 2,Base 3 -week 4,Base 3 -week 1,Base 3 -week 2,Base 3 -week 4,Build 1 -week 1,Build 1 -week 2,Build 1 -week 4,Build 2 -week 1,Build 2 -week 2,Build 2 -week 4,Build 2 -week 1,Build 2 -week 2,Build 2 -week 4,NULL,NULL,NULL,NULL,NULL,NULL,NULL,NULL,NULL,NULL,NULL,NULL,NULL,NULL,NULL,NULL,NULL,NULL,NULL,NULL,NULL,NULL,NULL
PriorB1,SW,Over40,26.0,Preparation,Preparation,Preparation,Preparation,Preparation,Base 1 -week 1,Base 1 -week 2,Base 1 -week 4,Base 2 -week 1,Base 2 -week 2,Base 2 -week 4,Base 3 -week 1,Base 3 -week 2,Base 3 -week 4,Base 3 -week 1,Base 3 -week 2,Base 3 -week 4,Build 1 -week 1,Build 1 -week 2,Build 1 -week 4,Build 2 -week 1,Build 2 -week 2,Build 2 -week 4,Build 2 -week 1,Build 2 -week 2,Build 2 -week 4,NULL,NULL,NULL,NULL,NULL,NULL,NULL,NULL,NULL,NULL,NULL,NULL,NULL,NULL,NULL,NULL,NULL,NULL,NULL,NULL,NULL,NULL
PriorB1,SW,Over40,27.0,Preparation,Preparation,Preparation,Preparation,Preparation,Preparation,Base 1 -week 1,Base 1 -week 2,Base 1 -week 4,Base 2 -week 1,Base 2 -week 2,Base 2 -week 4,Base 3 -week 1,Base 3 -week 2,Base 3 -week 4,Base 3 -week 1,Base 3 -week 2,Base 3 -week 4,Build 1 -week 1,Build 1 -week 2,Build 1 -week 4,Build 2 -week 1,Build 2 -week 2,Build 2 -week 4,Build 2 -week 1,Build 2 -week 2,Build 2 -week 4,NULL,NULL,NULL,NULL,NULL,NULL,NULL,NULL,NULL,NULL,NULL,NULL,NULL,NULL,NULL,NULL,NULL,NULL,NULL,NULL,NULL
PriorB1,SW,Over40,28.0,Preparation,Preparation,Preparation,Preparation,Base 1 -week 1,Base 1 -week 2,Base 1 -week 4,Base 1 -week 1,Base 1 -week 2,Base 1 -week 4,Base 2 -week 1,Base 2 -week 2,Base 2 -week 4,Base 3 -week 1,Base 3 -week 2,Base 3 -week 4,Base 3 -week 1,Base 3 -week 2,Base 3 -week 4,Build 1 -week 1,Build 1 -week 2,Build 1 -week 4,Build 2 -week 1,Build 2 -week 2,Build 2 -week 4,Build 2 -week 1,Build 2 -week 2,Build 2 -week 4,NULL,NULL,NULL,NULL,NULL,NULL,NULL,NULL,NULL,NULL,NULL,NULL,NULL,NULL,NULL,NULL,NULL,NULL,NULL,NULL
PriorB1,SW,Over40,29.0,Preparation,Preparation,Preparation,Preparation,Preparation,Base 1 -week 1,Base 1 -week 2,Base 1 -week 4,Base 1 -week 1,Base 1 -week 2,Base 1 -week 4,Base 2 -week 1,Base 2 -week 2,Base 2 -week 4,Base 3 -week 1,Base 3 -week 2,Base 3 -week 4,Base 3 -week 1,Base 3 -week 2,Base 3 -week 4,Build 1 -week 1,Build 1 -week 2,Build 1 -week 4,Build 2 -week 1,Build 2 -week 2,Build 2 -week 4,Build 2 -week 1,Build 2 -week 2,Build 2 -week 4,NULL,NULL,NULL,NULL,NULL,NULL,NULL,NULL,NULL,NULL,NULL,NULL,NULL,NULL,NULL,NULL,NULL,NULL,NULL
PriorB1,SW,Over40,30.0,Preparation,Preparation,Preparation,Preparation,Preparation,Preparation,Base 1 -week 1,Base 1 -week 2,Base 1 -week 4,Base 1 -week 1,Base 1 -week 2,Base 1 -week 4,Base 2 -week 1,Base 2 -week 2,Base 2 -week 4,Base 3 -week 1,Base 3 -week 2,Base 3 -week 4,Base 3 -week 1,Base 3 -week 2,Base 3 -week 4,Build 1 -week 1,Build 1 -week 2,Build 1 -week 4,Build 2 -week 1,Build 2 -week 2,Build 2 -week 4,Build 2 -week 1,Build 2 -week 2,Build 2 -week 4,NULL,NULL,NULL,NULL,NULL,NULL,NULL,NULL,NULL,NULL,NULL,NULL,NULL,NULL,NULL,NULL,NULL,NULL
PriorB1,SW,Over40,31.0,Preparation,Preparation,Preparation,Preparation,Base 1 -week 1,Base 1 -week 2,Base 1 -week 4,Base 1 -week 1,Base 1 -week 2,Base 1 -week 4,Base 2 -week 1,Base 2 -week 2,Base 2 -week 4,Base 2 -week 1,Base 2 -week 2,Base 2 -week 4,Base 3 -week 1,Base 3 -week 2,Base 3 -week 4,Base 3 -week 1,Base 3 -week 2,Base 3 -week 4,Build 1 -week 1,Build 1 -week 2,Build 1 -week 4,Build 2 -week 1,Build 2 -week 2,Build 2 -week 4,Build 2 -week 1,Build 2 -week 2,Build 2 -week 4,NULL,NULL,NULL,NULL,NULL,NULL,NULL,NULL,NULL,NULL,NULL,NULL,NULL,NULL,NULL,NULL,NULL
B1-B2,W,Under40,5.0,Base 2 -week 2,Base 2 -week 3,Base 2 -week 4,Base 3 -week 1,Base 3 -week 4,NULL,NULL,NULL,NULL,NULL,NULL,NULL,NULL,NULL,NULL,NULL,NULL,NULL,NULL,NULL,NULL,NULL,NULL,NULL,NULL,NULL,NULL,NULL,NULL,NULL,NULL,NULL,NULL,NULL,NULL,NULL,NULL,NULL,NULL,NULL,NULL,NULL,NULL,NULL,NULL,NULL,NULL,NULL
PriorB1,SW,Under40,8.0,Preparation,Base 1 -week 1,Base 1 -week 2,Base 1 -week 3,Base 1 -week 4,Base 2 -week 1,Base 2 -week 2,Base 2 -week 4,NULL,NULL,NULL,NULL,NULL,NULL,NULL,NULL,NULL,NULL,NULL,NULL,NULL,NULL,NULL,NULL,NULL,NULL,NULL,NULL,NULL,NULL,NULL,NULL,NULL,NULL,NULL,NULL,NULL,NULL,NULL,NULL,NULL,NULL,NULL,NULL,NULL,NULL,NULL,NULL
B1-B2,S,Over40,1.0,Build 1 -week 4,NULL,NULL,NULL,NULL,NULL,NULL,NULL,NULL,NULL,NULL,NULL,NULL,NULL,NULL,NULL,NULL,NULL,NULL,NULL,NULL,NULL,NULL,NULL,NULL,NULL,NULL,NULL,NULL,NULL,NULL,NULL,NULL,NULL,NULL,NULL,NULL,NULL,NULL,NULL,NULL,NULL,NULL,NULL,NULL,NULL,NULL,NULL
B1-B2,S,Over40,3.0,Build 1 -week 1,Build 1 -week 2,Build 1 -week 4,NULL,NULL,NULL,NULL,NULL,NULL,NULL,NULL,NULL,NULL,NULL,NULL,NULL,NULL,NULL,NULL,NULL,NULL,NULL,NULL,NULL,NULL,NULL,NULL,NULL,NULL,NULL,NULL,NULL,NULL,NULL,NULL,NULL,NULL,NULL,NULL,NULL,NULL,NULL,NULL,NULL,NULL,NULL,NULL,NULL
PriorB1,SW,Over40,32.0,Preparation,Preparation,Preparation,Preparation,Preparation,Base 1 -week 1,Base 1 -week 2,Base 1 -week 4,Base 1 -week 1,Base 1 -week 2,Base 1 -week 4,Base 2 -week 1,Base 2 -week 2,Base 2 -week 4,Base 2 -week 1,Base 2 -week 2,Base 2 -week 4,Base 3 -week 1,Base 3 -week 2,Base 3 -week 4,Base 3 -week 1,Base 3 -week 2,Base 3 -week 4,Build 1 -week 1,Build 1 -week 2,Build 1 -week 4,Build 2 -week 1,Build 2 -week 2,Build 2 -week 4,Build 2 -week 1,Build 2 -week 2,Build 2 -week 4,NULL,NULL,NULL,NULL,NULL,NULL,NULL,NULL,NULL,NULL,NULL,NULL,NULL,NULL,NULL,NULL
PriorB1,SW,Over40,33.0,Preparation,Preparation,Preparation,Preparation,Preparation,Preparation,Base 1 -week 1,Base 1 -week 2,Base 1 -week 4,Base 1 -week 1,Base 1 -week 2,Base 1 -week 4,Base 2 -week 1,Base 2 -week 2,Base 2 -week 4,Base 2 -week 1,Base 2 -week 2,Base 2 -week 4,Base 3 -week 1,Base 3 -week 2,Base 3 -week 4,Base 3 -week 1,Base 3 -week 2,Base 3 -week 4,Build 1 -week 1,Build 1 -week 2,Build 1 -week 4,Build 2 -week 1,Build 2 -week 2,Build 2 -week 4,Build 2 -week 1,Build 2 -week 2,Build 2 -week 4,NULL,NULL,NULL,NULL,NULL,NULL,NULL,NULL,NULL,NULL,NULL,NULL,NULL,NULL,NULL
PriorB1,SW,Over40,34.0,Preparation,Preparation,Preparation,Preparation,Base 1 -week 1,Base 1 -week 2,Base 1 -week 4,Base 1 -week 1,Base 1 -week 2,Base 1 -week 4,Base 2 -week 1,Base 2 -week 2,Base 2 -week 4,Base 2 -week 1,Base 2 -week 2,Base 2 -week 4,Base 2 -week 1,Base 2 -week 2,Base 2 -week 4,Base 3 -week 1,Base 3 -week 2,Base 3 -week 4,Base 3 -week 1,Base 3 -week 2,Base 3 -week 4,Build 1 -week 1,Build 1 -week 2,Build 1 -week 4,Build 2 -week 1,Build 2 -week 2,Build 2 -week 4,Build 2 -week 1,Build 2 -week 2,Build 2 -week 4,NULL,NULL,NULL,NULL,NULL,NULL,NULL,NULL,NULL,NULL,NULL,NULL,NULL,NULL
PriorB1,SW,Over40,35.0,Preparation,Preparation,Preparation,Preparation,Preparation,Base 1 -week 1,Base 1 -week 2,Base 1 -week 4,Base 1 -week 1,Base 1 -week 2,Base 1 -week 4,Base 2 -week 1,Base 2 -week 2,Base 2 -week 4,Base 2 -week 1,Base 2 -week 2,Base 2 -week 4,Base 2 -week 1,Base 2 -week 2,Base 2 -week 4,Base 3 -week 1,Base 3 -week 2,Base 3 -week 4,Base 3 -week 1,Base 3 -week 2,Base 3 -week 4,Build 1 -week 1,Build 1 -week 2,Build 1 -week 4,Build 2 -week 1,Build 2 -week 2,Build 2 -week 4,Build 2 -week 1,Build 2 -week 2,Build 2 -week 4,NULL,NULL,NULL,NULL,NULL,NULL,NULL,NULL,NULL,NULL,NULL,NULL,NULL
PriorB1,SW,Over40,36.0,Preparation,Preparation,Preparation,Preparation,Preparation,Preparation,Base 1 -week 1,Base 1 -week 2,Base 1 -week 4,Base 1 -week 1,Base 1 -week 2,Base 1 -week 4,Base 2 -week 1,Base 2 -week 2,Base 2 -week 4,Base 2 -week 1,Base 2 -week 2,Base 2 -week 4,Base 2 -week 1,Base 2 -week 2,Base 2 -week 4,Base 3 -week 1,Base 3 -week 2,Base 3 -week 4,Base 3 -week 1,Base 3 -week 2,Base 3 -week 4,Build 1 -week 1,Build 1 -week 2,Build 1 -week 4,Build 2 -week 1,Build 2 -week 2,Build 2 -week 4,Build 2 -week 1,Build 2 -week 2,Build 2 -week 4,NULL,NULL,NULL,NULL,NULL,NULL,NULL,NULL,NULL,NULL,NULL,NULL
PriorB1,SW,Over40,37.0,Preparation,Preparation,Preparation,Preparation,Base 1 -week 1,Base 1 -week 2,Base 1 -week 4,Base 1 -week 1,Base 1 -week 2,Base 1 -week 4,Base 2 -week 1,Base 2 -week 2,Base 2 -week 4,Base 2 -week 1,Base 2 -week 2,Base 2 -week 4,Base 2 -week 1,Base 2 -week 2,Base 2 -week 4,Base 3 -week 1,Base 3 -week 2,Base 3 -week 4,Base 3 -week 1,Base 3 -week 2,Base 3 -week 4,Base 3 -week 1,Base 3 -week 2,Base 3 -week 4,Build 1 -week 1,Build 1 -week 2,Build 1 -week 4,Build 2 -week 1,Build 2 -week 2,Build 2 -week 4,Build 2 -week 1,Build 2 -week 2,Build 2 -week 4,NULL,NULL,NULL,NULL,NULL,NULL,NULL,NULL,NULL,NULL,NULL
PriorB1,SW,Under40,9.0,Preparation,Base 1 -week 1,Base 1 -week 2,Base 1 -week 3,Base 1 -week 4,Base 2 -week 1,Base 2 -week 2,Base 2 -week 3,Base 2 -week 4,NULL,NULL,NULL,NULL,NULL,NULL,NULL,NULL,NULL,NULL,NULL,NULL,NULL,NULL,NULL,NULL,NULL,NULL,NULL,NULL,NULL,NULL,NULL,NULL,NULL,NULL,NULL,NULL,NULL,NULL,NULL,NULL,NULL,NULL,NULL,NULL,NULL,NULL,NULL
PriorB1,SW,Under40,11.0,Base 1 -week 1,Base 1 -week 2,Base 1 -week 3,Base 1 -week 4,Base 2 -week 1,Base 2 -week 2,Base 2 -week 3,Base 2 -week 4,Base 3 -week 1,Base 3 -week 2,Base 3 -week 4,NULL,NULL,NULL,NULL,NULL,NULL,NULL,NULL,NULL,NULL,NULL,NULL,NULL,NULL,NULL,NULL,NULL,NULL,NULL,NULL,NULL,NULL,NULL,NULL,NULL,NULL,NULL,NULL,NULL,NULL,NULL,NULL,NULL,NULL,NULL,NULL,NULL
B1-B2,S,Over40,4.0,Base 3 -week 4,Build 1 -week 1,Build 1 -week 2,Build 1 -week 4,NULL,NULL,NULL,NULL,NULL,NULL,NULL,NULL,NULL,NULL,NULL,NULL,NULL,NULL,NULL,NULL,NULL,NULL,NULL,NULL,NULL,NULL,NULL,NULL,NULL,NULL,NULL,NULL,NULL,NULL,NULL,NULL,NULL,NULL,NULL,NULL,NULL,NULL,NULL,NULL,NULL,NULL,NULL,NULL
B1-B2,S,Over40,8.0,Build 1 -week 1,Build 1 -week 2,Build 1 -week 4,Build 2 -week 1,Build 2 -week 2,Build 2 -week 4,Build 2 -week 1,Build 2 -week 4,NULL,NULL,NULL,NULL,NULL,NULL,NULL,NULL,NULL,NULL,NULL,NULL,NULL,NULL,NULL,NULL,NULL,NULL,NULL,NULL,NULL,NULL,NULL,NULL,NULL,NULL,NULL,NULL,NULL,NULL,NULL,NULL,NULL,NULL,NULL,NULL,NULL,NULL,NULL,NULL
PriorB1,SW,Over40,38.0,Preparation,Preparation,Preparation,Preparation,Preparation,Base 1 -week 1,Base 1 -week 2,Base 1 -week 4,Base 1 -week 1,Base 1 -week 2,Base 1 -week 4,Base 2 -week 1,Base 2 -week 2,Base 2 -week 4,Base 2 -week 1,Base 2 -week 2,Base 2 -week 4,Base 2 -week 1,Base 2 -week 2,Base 2 -week 4,Base 3 -week 1,Base 3 -week 2,Base 3 -week 4,Base 3 -week 1,Base 3 -week 2,Base 3 -week 4,Base 3 -week 1,Base 3 -week 2,Base 3 -week 4,Build 1 -week 1,Build 1 -week 2,Build 1 -week 4,Build 2 -week 1,Build 2 -week 2,Build 2 -week 4,Build 2 -week 1,Build 2 -week 2,Build 2 -week 4,NULL,NULL,NULL,NULL,NULL,NULL,NULL,NULL,NULL,NULL
PriorB1,SW,Over40,39.0,Preparation,Preparation,Preparation,Preparation,Preparation,Preparation,Base 1 -week 1,Base 1 -week 2,Base 1 -week 4,Base 1 -week 1,Base 1 -week 2,Base 1 -week 4,Base 2 -week 1,Base 2 -week 2,Base 2 -week 4,Base 2 -week 1,Base 2 -week 2,Base 2 -week 4,Base 2 -week 1,Base 2 -week 2,Base 2 -week 4,Base 3 -week 1,Base 3 -week 2,Base 3 -week 4,Base 3 -week 1,Base 3 -week 2,Base 3 -week 4,Base 3 -week 1,Base 3 -week 2,Base 3 -week 4,Build 1 -week 1,Build 1 -week 2,Build 1 -week 4,Build 2 -week 1,Build 2 -week 2,Build 2 -week 4,Build 2 -week 1,Build 2 -week 2,Build 2 -week 4,NULL,NULL,NULL,NULL,NULL,NULL,NULL,NULL,NULL
PriorB1,SW,Over40,40.0,Preparation,Preparation,Preparation,Preparation,Base 1 -week 1,Base 1 -week 2,Base 1 -week 4,Base 1 -week 1,Base 1 -week 2,Base 1 -week 4,Base 2 -week 1,Base 2 -week 2,Base 2 -week 4,Base 2 -week 1,Base 2 -week 2,Base 2 -week 4,Base 2 -week 1,Base 2 -week 2,Base 2 -week 4,Base 3 -week 1,Base 3 -week 2,Base 3 -week 4,Base 3 -week 1,Base 3 -week 2,Base 3 -week 4,Base 3 -week 1,Base 3 -week 2,Base 3 -week 4,Base 3 -week 1,Base 3 -week 2,Base 3 -week 4,Build 1 -week 1,Build 1 -week 2,Build 1 -week 4,Build 2 -week 1,Build 2 -week 2,Build 2 -week 4,Build 2 -week 1,Build 2 -week 2,Build 2 -week 4,NULL,NULL,NULL,NULL,NULL,NULL,NULL,NULL
PriorB1,SW,Over40,41.0,Preparation,Preparation,Preparation,Preparation,Preparation,Base 1 -week 1,Base 1 -week 2,Base 1 -week 4,Base 1 -week 1,Base 1 -week 2,Base 1 -week 4,Base 2 -week 1,Base 2 -week 2,Base 2 -week 4,Base 2 -week 1,Base 2 -week 2,Base 2 -week 4,Base 2 -week 1,Base 2 -week 2,Base 2 -week 4,Base 3 -week 1,Base 3 -week 2,Base 3 -week 4,Base 3 -week 1,Base 3 -week 2,Base 3 -week 4,Base 3 -week 1,Base 3 -week 2,Base 3 -week 4,Base 3 -week 1,Base 3 -week 2,Base 3 -week 4,Build 1 -week 1,Build 1 -week 2,Build 1 -week 4,Build 2 -week 1,Build 2 -week 2,Build 2 -week 4,Build 2 -week 1,Build 2 -week 2,Build 2 -week 4,NULL,NULL,NULL,NULL,NULL,NULL,NULL
PriorB1,SW,Over40,42.0,Preparation,Preparation,Preparation,Preparation,Preparation,Preparation,Base 1 -week 1,Base 1 -week 2,Base 1 -week 4,Base 1 -week 1,Base 1 -week 2,Base 1 -week 4,Base 2 -week 1,Base 2 -week 2,Base 2 -week 4,Base 2 -week 1,Base 2 -week 2,Base 2 -week 4,Base 2 -week 1,Base 2 -week 2,Base 2 -week 4,Base 3 -week 1,Base 3 -week 2,Base 3 -week 4,Base 3 -week 1,Base 3 -week 2,Base 3 -week 4,Base 3 -week 1,Base 3 -week 2,Base 3 -week 4,Base 3 -week 1,Base 3 -week 2,Base 3 -week 4,Build 1 -week 1,Build 1 -week 2,Build 1 -week 4,Build 2 -week 1,Build 2 -week 2,Build 2 -week 4,Build 2 -week 1,Build 2 -week 2,Build 2 -week 4,NULL,NULL,NULL,NULL,NULL,NULL
PriorB1,SW,Over40,43.0,Preparation,Preparation,Preparation,Preparation,Base 1 -week 1,Base 1 -week 2,Base 1 -week 4,Base 1 -week 1,Base 1 -week 2,Base 1 -week 4,Base 2 -week 1,Base 2 -week 2,Base 2 -week 4,Base 2 -week 1,Base 2 -week 2,Base 2 -week 4,Base 2 -week 1,Base 2 -week 2,Base 2 -week 4,Base 3 -week 1,Base 3 -week 2,Base 3 -week 4,Base 3 -week 1,Base 3 -week 2,Base 3 -week 4,Base 3 -week 1,Base 3 -week 2,Base 3 -week 4,Base 3 -week 1,Base 3 -week 2,Base 3 -week 4,Base 3 -week 1,Base 3 -week 2,Base 3 -week 4,Build 1 -week 1,Build 1 -week 2,Build 1 -week 4,Build 2 -week 1,Build 2 -week 2,Build 2 -week 4,Build 2 -week 1,Build 2 -week 2,Build 2 -week 4,NULL,NULL,NULL,NULL,NULL
B1-B2,W,Over40,9.0,Base 2 -week 1,Base 2 -week 2,Base 2 -week 4,Base 3 -week 1,Base 3 -week 2,Base 3 -week 4,Base 3 -week 1,Base 3 -week 2,Base 3 -week 4,NULL,NULL,NULL,NULL,NULL,NULL,NULL,NULL,NULL,NULL,NULL,NULL,NULL,NULL,NULL,NULL,NULL,NULL,NULL,NULL,NULL,NULL,NULL,NULL,NULL,NULL,NULL,NULL,NULL,NULL,NULL,NULL,NULL,NULL,NULL,NULL,NULL,NULL,NULL
PriorB1,SW,Over40,44.0,Preparation,Preparation,Preparation,Preparation,Preparation,Base 1 -week 1,Base 1 -week 2,Base 1 -week 4,Base 1 -week 1,Base 1 -week 2,Base 1 -week 4,Base 2 -week 1,Base 2 -week 2,Base 2 -week 4,Base 2 -week 1,Base 2 -week 2,Base 2 -week 4,Base 2 -week 1,Base 2 -week 2,Base 2 -week 4,Base 3 -week 1,Base 3 -week 2,Base 3 -week 4,Base 3 -week 1,Base 3 -week 2,Base 3 -week 4,Base 3 -week 1,Base 3 -week 2,Base 3 -week 4,Base 3 -week 1,Base 3 -week 2,Base 3 -week 4,Base 3 -week 1,Base 3 -week 2,Base 3 -week 4,Build 1 -week 1,Build 1 -week 2,Build 1 -week 4,Build 2 -week 1,Build 2 -week 2,Build 2 -week 4,Build 2 -week 1,Build 2 -week 2,Build 2 -week 4,NULL,NULL,NULL,NULL
PriorB1,SW,Over40,45.0,Preparation,Preparation,Preparation,Preparation,Preparation,Preparation,Base 1 -week 1,Base 1 -week 2,Base 1 -week 4,Base 1 -week 1,Base 1 -week 2,Base 1 -week 4,Base 2 -week 1,Base 2 -week 2,Base 2 -week 4,Base 2 -week 1,Base 2 -week 2,Base 2 -week 4,Base 2 -week 1,Base 2 -week 2,Base 2 -week 4,Base 3 -week 1,Base 3 -week 2,Base 3 -week 4,Base 3 -week 1,Base 3 -week 2,Base 3 -week 4,Base 3 -week 1,Base 3 -week 2,Base 3 -week 4,Base 3 -week 1,Base 3 -week 2,Base 3 -week 4,Base 3 -week 1,Base 3 -week 2,Base 3 -week 4,Build 1 -week 1,Build 1 -week 2,Build 1 -week 4,Build 2 -week 1,Build 2 -week 2,Build 2 -week 4,Build 2 -week 1,Build 2 -week 2,Build 2 -week 4,NULL,NULL,NULL
PriorB1,SW,Over40,46.0,Preparation,Preparation,Preparation,Preparation,Preparation,Preparation,Preparation,Base 1 -week 1,Base 1 -week 2,Base 1 -week 4,Base 1 -week 1,Base 1 -week 2,Base 1 -week 4,Base 2 -week 1,Base 2 -week 2,Base 2 -week 4,Base 2 -week 1,Base 2 -week 2,Base 2 -week 4,Base 2 -week 1,Base 2 -week 2,Base 2 -week 4,Base 3 -week 1,Base 3 -week 2,Base 3 -week 4,Base 3 -week 1,Base 3 -week 2,Base 3 -week 4,Base 3 -week 1,Base 3 -week 2,Base 3 -week 4,Base 3 -week 1,Base 3 -week 2,Base 3 -week 4,Base 3 -week 1,Base 3 -week 2,Base 3 -week 4,Build 1 -week 1,Build 1 -week 2,Build 1 -week 4,Build 2 -week 1,Build 2 -week 2,Build 2 -week 4,Build 2 -week 1,Build 2 -week 2,Build 2 -week 4,NULL,NULL
PriorB1,SW,Over40,47.0,Preparation,Preparation,Preparation,Preparation,Preparation,Preparation,Preparation,Preparation,Base 1 -week 1,Base 1 -week 2,Base 1 -week 4,Base 1 -week 1,Base 1 -week 2,Base 1 -week 4,Base 2 -week 1,Base 2 -week 2,Base 2 -week 4,Base 2 -week 1,Base 2 -week 2,Base 2 -week 4,Base 2 -week 1,Base 2 -week 2,Base 2 -week 4,Base 3 -week 1,Base 3 -week 2,Base 3 -week 4,Base 3 -week 1,Base 3 -week 2,Base 3 -week 4,Base 3 -week 1,Base 3 -week 2,Base 3 -week 4,Base 3 -week 1,Base 3 -week 2,Base 3 -week 4,Base 3 -week 1,Base 3 -week 2,Base 3 -week 4,Build 1 -week 1,Build 1 -week 2,Build 1 -week 4,Build 2 -week 1,Build 2 -week 2,Build 2 -week 4,Build 2 -week 1,Build 2 -week 2,Build 2 -week 4,NULL
PriorB1,SW,Over40,48.0,Preparation,Preparation,Preparation,Preparation,Preparation,Preparation,Preparation,Preparation,Preparation,Base 1 -week 1,Base 1 -week 2,Base 1 -week 4,Base 1 -week 1,Base 1 -week 2,Base 1 -week 4,Base 2 -week 1,Base 2 -week 2,Base 2 -week 4,Base 2 -week 1,Base 2 -week 2,Base 2 -week 4,Base 2 -week 1,Base 2 -week 2,Base 2 -week 4,Base 3 -week 1,Base 3 -week 2,Base 3 -week 4,Base 3 -week 1,Base 3 -week 2,Base 3 -week 4,Base 3 -week 1,Base 3 -week 2,Base 3 -week 4,Base 3 -week 1,Base 3 -week 2,Base 3 -week 4,Base 3 -week 1,Base 3 -week 2,Base 3 -week 4,Build 1 -week 1,Build 1 -week 2,Build 1 -week 4,Build 2 -week 1,Build 2 -week 2,Build 2 -week 4,Build 2 -week 1,Build 2 -week 2,Build 2 -week 4
B1-B2,S,Over40,2.0,Build 1 -week 1,Build 1 -week 4,NULL,NULL,NULL,NULL,NULL,NULL,NULL,NULL,NULL,NULL,NULL,NULL,NULL,NULL,NULL,NULL,NULL,NULL,NULL,NULL,NULL,NULL,NULL,NULL,NULL,NULL,NULL,NULL,NULL,NULL,NULL,NULL,NULL,NULL,NULL,NULL,NULL,NULL,NULL,NULL,NULL,NULL,NULL,NULL,NULL,NULL
B1-B2,S,Over40,9.0,Build 1 -week 1,Build 1 -week 2,Build 1 -week 4,Build 2 -week 1,Build 2 -week 2,Build 2 -week 4,Build 2 -week 1,Build 2 -week 2,Build 2 -week 4,NULL,NULL,NULL,NULL,NULL,NULL,NULL,NULL,NULL,NULL,NULL,NULL,NULL,NULL,NULL,NULL,NULL,NULL,NULL,NULL,NULL,NULL,NULL,NULL,NULL,NULL,NULL,NULL,NULL,NULL,NULL,NULL,NULL,NULL,NULL,NULL,NULL,NULL,NULL
B1-B2,W,Under40,11.0,Base 2 -week 1,Base 2 -week 2,Base 2 -week 3,Base 2 -week 4,Base 3 -week 1,Base 3 -week 2,Base 3 -week 3,Base 3 -week 4,Build 1 -week 1,Build 1 -week 2,Build 1 -week 4,NULL,NULL,NULL,NULL,NULL,NULL,NULL,NULL,NULL,NULL,NULL,NULL,NULL,NULL,NULL,NULL,NULL,NULL,NULL,NULL,NULL,NULL,NULL,NULL,NULL,NULL,NULL,NULL,NULL,NULL,NULL,NULL,NULL,NULL,NULL,NULL,NULL
PriorB1,SW,Under40,12.0,Base 1 -week 1,Base 1 -week 2,Base 1 -week 3,Base 1 -week 4,Base 2 -week 1,Base 2 -week 2,Base 2 -week 3,Base 2 -week 4,Base 3 -week 1,Base 3 -week 2,Base 3 -week 3,Base 3 -week 4,NULL,NULL,NULL,NULL,NULL,NULL,NULL,NULL,NULL,NULL,NULL,NULL,NULL,NULL,NULL,NULL,NULL,NULL,NULL,NULL,NULL,NULL,NULL,NULL,NULL,NULL,NULL,NULL,NULL,NULL,NULL,NULL,NULL,NULL,NULL,NULL
PriorB1,SW,Under40,13.0,Base 1 -week 1,Base 1 -week 2,Base 1 -week 3,Base 1 -week 4,Base 2 -week 1,Base 2 -week 2,Base 2 -week 3,Base 2 -week 4,Base 3 -week 1,Base 3 -week 2,Base 3 -week 4,Build 1 -week 1,Build 1 -week 4,NULL,NULL,NULL,NULL,NULL,NULL,NULL,NULL,NULL,NULL,NULL,NULL,NULL,NULL,NULL,NULL,NULL,NULL,NULL,NULL,NULL,NULL,NULL,NULL,NULL,NULL,NULL,NULL,NULL,NULL,NULL,NULL,NULL,NULL,NULL
PriorB1,SW,Under40,14.0,Base 1 -week 1,Base 1 -week 2,Base 1 -week 3,Base 1 -week 4,Base 2 -week 1,Base 2 -week 2,Base 2 -week 3,Base 2 -week 4,Base 3 -week 1,Base 3 -week 2,Base 3 -week 3,Base 3 -week 4,Build 1 -week 1,Build 1 -week 4,NULL,NULL,NULL,NULL,NULL,NULL,NULL,NULL,NULL,NULL,NULL,NULL,NULL,NULL,NULL,NULL,NULL,NULL,NULL,NULL,NULL,NULL,NULL,NULL,NULL,NULL,NULL,NULL,NULL,NULL,NULL,NULL,NULL,NULL
PriorB1,SW,Under40,15.0,Base 1 -week 1,Base 1 -week 2,Base 1 -week 3,Base 1 -week 4,Base 2 -week 1,Base 2 -week 2,Base 2 -week 3,Base 2 -week 4,Base 3 -week 1,Base 3 -week 2,Base 3 -week 3,Base 3 -week 4,Build 1 -week 1,Build 1 -week 2,Build 1 -week 4,NULL,NULL,NULL,NULL,NULL,NULL,NULL,NULL,NULL,NULL,NULL,NULL,NULL,NULL,NULL,NULL,NULL,NULL,NULL,NULL,NULL,NULL,NULL,NULL,NULL,NULL,NULL,NULL,NULL,NULL,NULL,NULL,NULL
PriorB1,SW,Under40,16.0,Base 1 -week 1,Base 1 -week 2,Base 1 -week 3,Base 1 -week 4,Base 2 -week 1,Base 2 -week 2,Base 2 -week 3,Base 2 -week 4,Base 3 -week 1,Base 3 -week 2,Base 3 -week 3,Base 3 -week 4,Build 1 -week 1,Build 1 -week 2,Build 1 -week 3,Build 1 -week 4,NULL,NULL,NULL,NULL,NULL,NULL,NULL,NULL,NULL,NULL,NULL,NULL,NULL,NULL,NULL,NULL,NULL,NULL,NULL,NULL,NULL,NULL,NULL,NULL,NULL,NULL,NULL,NULL,NULL,NULL,NULL,NULL
PriorB1,SW,Under40,17.0,Preparation,Base 1 -week 1,Base 1 -week 2,Base 1 -week 3,Base 1 -week 4,Base 2 -week 1,Base 2 -week 2,Base 2 -week 3,Base 2 -week 4,Base 3 -week 1,Base 3 -week 2,Base 3 -week 3,Base 3 -week 4,Build 1 -week 1,Build 1 -week 2,Build 1 -week 3,Build 1 -week 4,NULL,NULL,NULL,NULL,NULL,NULL,NULL,NULL,NULL,NULL,NULL,NULL,NULL,NULL,NULL,NULL,NULL,NULL,NULL,NULL,NULL,NULL,NULL,NULL,NULL,NULL,NULL,NULL,NULL,NULL,NULL
PriorB1,SW,Under40,18.0,Base 1 -week 1,Base 1 -week 2,Base 1 -week 3,Base 1 -week 4,Base 2 -week 1,Base 2 -week 2,Base 2 -week 3,Base 2 -week 4,Base 3 -week 1,Base 3 -week 2,Base 3 -week 3,Base 3 -week 4,Build 1 -week 1,Build 1 -week 2,Build 1 -week 3,Build 1 -week 4,Build 2 -week 1,Build 2 -week 4,NULL,NULL,NULL,NULL,NULL,NULL,NULL,NULL,NULL,NULL,NULL,NULL,NULL,NULL,NULL,NULL,NULL,NULL,NULL,NULL,NULL,NULL,NULL,NULL,NULL,NULL,NULL,NULL,NULL,NULL
PriorB1,SW,Under40,19.0,Base 1 -week 1,Base 1 -week 2,Base 1 -week 3,Base 1 -week 4,Base 2 -week 1,Base 2 -week 2,Base 2 -week 3,Base 2 -week 4,Base 3 -week 1,Base 3 -week 2,Base 3 -week 3,Base 3 -week 4,Build 1 -week 1,Build 1 -week 2,Build 1 -week 3,Build 1 -week 4,Build 2 -week 1,Build 2 -week 2,Build 2 -week 4,NULL,NULL,NULL,NULL,NULL,NULL,NULL,NULL,NULL,NULL,NULL,NULL,NULL,NULL,NULL,NULL,NULL,NULL,NULL,NULL,NULL,NULL,NULL,NULL,NULL,NULL,NULL,NULL,NULL
PriorB1,SW,Under40,20.0,Base 1 -week 1,Base 1 -week 2,Base 1 -week 3,Base 1 -week 4,Base 2 -week 1,Base 2 -week 2,Base 2 -week 3,Base 2 -week 4,Base 3 -week 1,Base 3 -week 2,Base 3 -week 3,Base 3 -week 4,Build 1 -week 1,Build 1 -week 2,Build 1 -week 3,Build 1 -week 4,Build 2 -week 1,Build 2 -week 2,Build 2 -week 3,Build 2 -week 4,NULL,NULL,NULL,NULL,NULL,NULL,NULL,NULL,NULL,NULL,NULL,NULL,NULL,NULL,NULL,NULL,NULL,NULL,NULL,NULL,NULL,NULL,NULL,NULL,NULL,NULL,NULL,NULL
PriorB1,SW,Under40,21.0,Preparation,Base 1 -week 1,Base 1 -week 2,Base 1 -week 3,Base 1 -week 4,Base 2 -week 1,Base 2 -week 2,Base 2 -week 3,Base 2 -week 4,Base 3 -week 1,Base 3 -week 2,Base 3 -week 3,Base 3 -week 4,Build 1 -week 1,Build 1 -week 2,Build 1 -week 3,Build 1 -week 4,Build 2 -week 1,Build 2 -week 2,Build 2 -week 3,Build 2 -week 4,NULL,NULL,NULL,NULL,NULL,NULL,NULL,NULL,NULL,NULL,NULL,NULL,NULL,NULL,NULL,NULL,NULL,NULL,NULL,NULL,NULL,NULL,NULL,NULL,NULL,NULL,NULL
PriorB1,SW,Under40,22.0,Preparation,Preparation,Base 1 -week 1,Base 1 -week 2,Base 1 -week 3,Base 1 -week 4,Base 2 -week 1,Base 2 -week 2,Base 2 -week 3,Base 2 -week 4,Base 3 -week 1,Base 3 -week 2,Base 3 -week 3,Base 3 -week 4,Build 1 -week 1,Build 1 -week 2,Build 1 -week 3,Build 1 -week 4,Build 2 -week 1,Build 2 -week 2,Build 2 -week 3,Build 2 -week 4,NULL,NULL,NULL,NULL,NULL,NULL,NULL,NULL,NULL,NULL,NULL,NULL,NULL,NULL,NULL,NULL,NULL,NULL,NULL,NULL,NULL,NULL,NULL,NULL,NULL,NULL
PriorB1,SW,Under40,23.0,Preparation,Preparation,Preparation,Base 1 -week 1,Base 1 -week 2,Base 1 -week 3,Base 1 -week 4,Base 2 -week 1,Base 2 -week 2,Base 2 -week 3,Base 2 -week 4,Base 3 -week 1,Base 3 -week 2,Base 3 -week 3,Base 3 -week 4,Build 1 -week 1,Build 1 -week 2,Build 1 -week 3,Build 1 -week 4,Build 2 -week 1,Build 2 -week 2,Build 2 -week 3,Build 2 -week 4,NULL,NULL,NULL,NULL,NULL,NULL,NULL,NULL,NULL,NULL,NULL,NULL,NULL,NULL,NULL,NULL,NULL,NULL,NULL,NULL,NULL,NULL,NULL,NULL,NULL
B1-B2,W,Under40,9.0,Base 2 -week 4,Base 2 -week 1,Base 2 -week 2,Base 2 -week 3,Base 2 -week 4,Base 3 -week 1,Base 3 -week 2,Base 3 -week 3,Base 3 -week 4,NULL,NULL,NULL,NULL,NULL,NULL,NULL,NULL,NULL,NULL,NULL,NULL,NULL,NULL,NULL,NULL,NULL,NULL,NULL,NULL,NULL,NULL,NULL,NULL,NULL,NULL,NULL,NULL,NULL,NULL,NULL,NULL,NULL,NULL,NULL,NULL,NULL,NULL,NULL
A-B,S,Under40,8.0,Transition,Build 1 -week 2,Build 1 -week 3,Build 1 -week 4,Build 2 -week 1,Build 2 -week 2,Build 2 -week 3,Build 2 -week 4,NULL,NULL,NULL,NULL,NULL,NULL,NULL,NULL,NULL,NULL,NULL,NULL,NULL,NULL,NULL,NULL,NULL,NULL,NULL,NULL,NULL,NULL,NULL,NULL,NULL,NULL,NULL,NULL,NULL,NULL,NULL,NULL,NULL,NULL,NULL,NULL,NULL,NULL,NULL,NULL
PriorB1,SW,Under40,24.0,Preparation,Preparation,Preparation,Preparation,Base 1 -week 1,Base 1 -week 2,Base 1 -week 3,Base 1 -week 4,Base 2 -week 1,Base 2 -week 2,Base 2 -week 3,Base 2 -week 4,Base 3 -week 1,Base 3 -week 2,Base 3 -week 3,Base 3 -week 4,Build 1 -week 1,Build 1 -week 2,Build 1 -week 3,Build 1 -week 4,Build 2 -week 1,Build 2 -week 2,Build 2 -week 3,Build 2 -week 4,NULL,NULL,NULL,NULL,NULL,NULL,NULL,NULL,NULL,NULL,NULL,NULL,NULL,NULL,NULL,NULL,NULL,NULL,NULL,NULL,NULL,NULL,NULL,NULL
PriorB1,SW,Under40,25.0,Preparation,Preparation,Preparation,Preparation,Preparation,Base 1 -week 1,Base 1 -week 2,Base 1 -week 3,Base 1 -week 4,Base 2 -week 1,Base 2 -week 2,Base 2 -week 3,Base 2 -week 4,Base 3 -week 1,Base 3 -week 2,Base 3 -week 3,Base 3 -week 4,Build 1 -week 1,Build 1 -week 2,Build 1 -week 3,Build 1 -week 4,Build 2 -week 1,Build 2 -week 2,Build 2 -week 3,Build 2 -week 4,NULL,NULL,NULL,NULL,NULL,NULL,NULL,NULL,NULL,NULL,NULL,NULL,NULL,NULL,NULL,NULL,NULL,NULL,NULL,NULL,NULL,NULL,NULL
PriorB1,SW,Under40,26.0,Preparation,Preparation,Base 1 -week 1,Base 1 -week 2,Base 1 -week 3,Base 1 -week 4,Base 2 -week 1,Base 2 -week 2,Base 2 -week 3,Base 2 -week 4,Base 3 -week 1,Base 3 -week 2,Base 3 -week 3,Base 3 -week 4,Base 3 -week 1,Base 3 -week 2,Base 3 -week 3,Base 3 -week 4,Build 1 -week 1,Build 1 -week 2,Build 1 -week 3,Build 1 -week 4,Build 2 -week 1,Build 2 -week 2,Build 2 -week 3,Build 2 -week 4,NULL,NULL,NULL,NULL,NULL,NULL,NULL,NULL,NULL,NULL,NULL,NULL,NULL,NULL,NULL,NULL,NULL,NULL,NULL,NULL,NULL,NULL
PriorB1,SW,Under40,27.0,Preparation,Preparation,Preparation,Base 1 -week 1,Base 1 -week 2,Base 1 -week 3,Base 1 -week 4,Base 2 -week 1,Base 2 -week 2,Base 2 -week 3,Base 2 -week 4,Base 3 -week 1,Base 3 -week 2,Base 3 -week 3,Base 3 -week 4,Base 3 -week 1,Base 3 -week 2,Base 3 -week 3,Base 3 -week 4,Build 1 -week 1,Build 1 -week 2,Build 1 -week 3,Build 1 -week 4,Build 2 -week 1,Build 2 -week 2,Build 2 -week 3,Build 2 -week 4,NULL,NULL,NULL,NULL,NULL,NULL,NULL,NULL,NULL,NULL,NULL,NULL,NULL,NULL,NULL,NULL,NULL,NULL,NULL,NULL,NULL
PriorB1,SW,Under40,28.0,Preparation,Preparation,Preparation,Preparation,Base 1 -week 1,Base 1 -week 2,Base 1 -week 3,Base 1 -week 4,Base 2 -week 1,Base 2 -week 2,Base 2 -week 3,Base 2 -week 4,Base 3 -week 1,Base 3 -week 2,Base 3 -week 3,Base 3 -week 4,Base 3 -week 1,Base 3 -week 2,Base 3 -week 3,Base 3 -week 4,Build 1 -week 1,Build 1 -week 2,Build 1 -week 3,Build 1 -week 4,Build 2 -week 1,Build 2 -week 2,Build 2 -week 3,Build 2 -week 4,NULL,NULL,NULL,NULL,NULL,NULL,NULL,NULL,NULL,NULL,NULL,NULL,NULL,NULL,NULL,NULL,NULL,NULL,NULL,NULL
PriorB1,SW,Under40,29.0,Preparation,Preparation,Preparation,Preparation,Preparation,Base 1 -week 1,Base 1 -week 2,Base 1 -week 3,Base 1 -week 4,Base 2 -week 1,Base 2 -week 2,Base 2 -week 3,Base 2 -week 4,Base 3 -week 1,Base 3 -week 2,Base 3 -week 3,Base 3 -week 4,Base 3 -week 1,Base 3 -week 2,Base 3 -week 3,Base 3 -week 4,Build 1 -week 1,Build 1 -week 2,Build 1 -week 3,Build 1 -week 4,Build 2 -week 1,Build 2 -week 2,Build 2 -week 3,Build 2 -week 4,NULL,NULL,NULL,NULL,NULL,NULL,NULL,NULL,NULL,NULL,NULL,NULL,NULL,NULL,NULL,NULL,NULL,NULL,NULL
PriorB1,SW,Under40,30.0,Preparation,Preparation,Base 1 -week 1,Base 1 -week 2,Base 1 -week 3,Base 1 -week 4,Base 2 -week 1,Base 2 -week 2,Base 2 -week 3,Base 2 -week 4,Base 2 -week 1,Base 2 -week 2,Base 2 -week 3,Base 2 -week 4,Base 3 -week 1,Base 3 -week 2,Base 3 -week 3,Base 3 -week 4,Base 3 -week 1,Base 3 -week 2,Base 3 -week 3,Base 3 -week 4,Build 1 -week 1,Build 1 -week 2,Build 1 -week 3,Build 1 -week 4,Build 2 -week 1,Build 2 -week 2,Build 2 -week 3,Build 2 -week 4,NULL,NULL,NULL,NULL,NULL,NULL,NULL,NULL,NULL,NULL,NULL,NULL,NULL,NULL,NULL,NULL,NULL,NULL
PriorB1,SW,Under40,31.0,Preparation,Preparation,Preparation,Base 1 -week 1,Base 1 -week 2,Base 1 -week 3,Base 1 -week 4,Base 2 -week 1,Base 2 -week 2,Base 2 -week 3,Base 2 -week 4,Base 2 -week 1,Base 2 -week 2,Base 2 -week 3,Base 2 -week 4,Base 3 -week 1,Base 3 -week 2,Base 3 -week 3,Base 3 -week 4,Base 3 -week 1,Base 3 -week 2,Base 3 -week 3,Base 3 -week 4,Build 1 -week 1,Build 1 -week 2,Build 1 -week 3,Build 1 -week 4,Build 2 -week 1,Build 2 -week 2,Build 2 -week 3,Build 2 -week 4,NULL,NULL,NULL,NULL,NULL,NULL,NULL,NULL,NULL,NULL,NULL,NULL,NULL,NULL,NULL,NULL,NULL
B1-B2,S,Over40,11.0,Base 3 -week 2,Base 3 -week 4,Build 1 -week 1,Build 1 -week 2,Build 1 -week 4,Build 2 -week 1,Build 2 -week 2,Build 2 -week 4,Build 2 -week 1,Build 2 -week 2,Build 2 -week 4,NULL,NULL,NULL,NULL,NULL,NULL,NULL,NULL,NULL,NULL,NULL,NULL,NULL,NULL,NULL,NULL,NULL,NULL,NULL,NULL,NULL,NULL,NULL,NULL,NULL,NULL,NULL,NULL,NULL,NULL,NULL,NULL,NULL,NULL,NULL,NULL,NULL
B1-B2,W,Over40,3.0,Base 3 -week 1,Base 3 -week 2,Base 3 -week 4,NULL,NULL,NULL,NULL,NULL,NULL,NULL,NULL,NULL,NULL,NULL,NULL,NULL,NULL,NULL,NULL,NULL,NULL,NULL,NULL,NULL,NULL,NULL,NULL,NULL,NULL,NULL,NULL,NULL,NULL,NULL,NULL,NULL,NULL,NULL,NULL,NULL,NULL,NULL,NULL,NULL,NULL,NULL,NULL,NULL
B1-B2,W,Over40,5.0,Base 2 -week 2,Base 2 -week 4,Base 3 -week 1,Base 3 -week 2,Base 3 -week 4,NULL,NULL,NULL,NULL,NULL,NULL,NULL,NULL,NULL,NULL,NULL,NULL,NULL,NULL,NULL,NULL,NULL,NULL,NULL,NULL,NULL,NULL,NULL,NULL,NULL,NULL,NULL,NULL,NULL,NULL,NULL,NULL,NULL,NULL,NULL,NULL,NULL,NULL,NULL,NULL,NULL,NULL,NULL
PriorB1,SW,Under40,32.0,Preparation,Preparation,Preparation,Preparation,Base 1 -week 1,Base 1 -week 2,Base 1 -week 3,Base 1 -week 4,Base 2 -week 1,Base 2 -week 2,Base 2 -week 3,Base 2 -week 4,Base 2 -week 1,Base 2 -week 2,Base 2 -week 3,Base 2 -week 4,Base 3 -week 1,Base 3 -week 2,Base 3 -week 3,Base 3 -week 4,Base 3 -week 1,Base 3 -week 2,Base 3 -week 3,Base 3 -week 4,Build 1 -week 1,Build 1 -week 2,Build 1 -week 3,Build 1 -week 4,Build 2 -week 1,Build 2 -week 2,Build 2 -week 3,Build 2 -week 4,NULL,NULL,NULL,NULL,NULL,NULL,NULL,NULL,NULL,NULL,NULL,NULL,NULL,NULL,NULL,NULL
PriorB1,SW,Under40,33.0,Preparation,Preparation,Preparation,Preparation,Preparation,Base 1 -week 1,Base 1 -week 2,Base 1 -week 3,Base 1 -week 4,Base 2 -week 1,Base 2 -week 2,Base 2 -week 3,Base 2 -week 4,Base 2 -week 1,Base 2 -week 2,Base 2 -week 3,Base 2 -week 4,Base 3 -week 1,Base 3 -week 2,Base 3 -week 3,Base 3 -week 4,Base 3 -week 1,Base 3 -week 2,Base 3 -week 3,Base 3 -week 4,Build 1 -week 1,Build 1 -week 2,Build 1 -week 3,Build 1 -week 4,Build 2 -week 1,Build 2 -week 2,Build 2 -week 3,Build 2 -week 4,NULL,NULL,NULL,NULL,NULL,NULL,NULL,NULL,NULL,NULL,NULL,NULL,NULL,NULL,NULL
PriorB1,SW,Under40,34.0,Preparation,Preparation,Preparation,Preparation,Preparation,Preparation,Base 1 -week 1,Base 1 -week 2,Base 1 -week 3,Base 1 -week 4,Base 2 -week 1,Base 2 -week 2,Base 2 -week 3,Base 2 -week 4,Base 2 -week 1,Base 2 -week 2,Base 2 -week 3,Base 2 -week 4,Base 3 -week 1,Base 3 -week 2,Base 3 -week 3,Base 3 -week 4,Base 3 -week 1,Base 3 -week 2,Base 3 -week 3,Base 3 -week 4,Build 1 -week 1,Build 1 -week 2,Build 1 -week 3,Build 1 -week 4,Build 2 -week 1,Build 2 -week 2,Build 2 -week 3,Build 2 -week 4,NULL,NULL,NULL,NULL,NULL,NULL,NULL,NULL,NULL,NULL,NULL,NULL,NULL,NULL
PriorB1,SW,Under40,35.0,Preparation,Preparation,Preparation,Preparation,Preparation,Preparation,Preparation,Base 1 -week 1,Base 1 -week 2,Base 1 -week 3,Base 1 -week 4,Base 2 -week 1,Base 2 -week 2,Base 2 -week 3,Base 2 -week 4,Base 2 -week 1,Base 2 -week 2,Base 2 -week 3,Base 2 -week 4,Base 3 -week 1,Base 3 -week 2,Base 3 -week 3,Base 3 -week 4,Base 3 -week 1,Base 3 -week 2,Base 3 -week 3,Base 3 -week 4,Build 1 -week 1,Build 1 -week 2,Build 1 -week 3,Build 1 -week 4,Build 2 -week 1,Build 2 -week 2,Build 2 -week 3,Build 2 -week 4,NULL,NULL,NULL,NULL,NULL,NULL,NULL,NULL,NULL,NULL,NULL,NULL,NULL
PriorB1,SW,Under40,36.0,Preparation,Preparation,Preparation,Preparation,Base 1 -week 1,Base 1 -week 2,Base 1 -week 3,Base 1 -week 4,Base 1 -week 1,Base 1 -week 2,Base 1 -week 3,Base 1 -week 4,Base 2 -week 1,Base 2 -week 2,Base 2 -week 3,Base 2 -week 4,Base 2 -week 1,Base 2 -week 2,Base 2 -week 3,Base 2 -week 4,Base 3 -week 1,Base 3 -week 2,Base 3 -week 3,Base 3 -week 4,Base 3 -week 1,Base 3 -week 2,Base 3 -week 3,Base 3 -week 4,Build 1 -week 1,Build 1 -week 2,Build 1 -week 3,Build 1 -week 4,Build 2 -week 1,Build 2 -week 2,Build 2 -week 3,Build 2 -week 4,NULL,NULL,NULL,NULL,NULL,NULL,NULL,NULL,NULL,NULL,NULL,NULL
PriorB1,SW,Under40,37.0,Preparation,Preparation,Preparation,Preparation,Preparation,Base 1 -week 1,Base 1 -week 2,Base 1 -week 3,Base 1 -week 4,Base 1 -week 1,Base 1 -week 2,Base 1 -week 3,Base 1 -week 4,Base 2 -week 1,Base 2 -week 2,Base 2 -week 3,Base 2 -week 4,Base 2 -week 1,Base 2 -week 2,Base 2 -week 3,Base 2 -week 4,Base 3 -week 1,Base 3 -week 2,Base 3 -week 3,Base 3 -week 4,Base 3 -week 1,Base 3 -week 2,Base 3 -week 3,Base 3 -week 4,Build 1 -week 1,Build 1 -week 2,Build 1 -week 3,Build 1 -week 4,Build 2 -week 1,Build 2 -week 2,Build 2 -week 3,Build 2 -week 4,NULL,NULL,NULL,NULL,NULL,NULL,NULL,NULL,NULL,NULL,NULL
B1-B2,W,Under40,10.0,Base 2 -week 1,Base 2 -week 2,Base 2 -week 3,Base 2 -week 4,Base 3 -week 1,Base 3 -week 2,Base 3 -week 3,Base 3 -week 4,Build 1 -week 1,Build 1 -week 4,NULL,NULL,NULL,NULL,NULL,NULL,NULL,NULL,NULL,NULL,NULL,NULL,NULL,NULL,NULL,NULL,NULL,NULL,NULL,NULL,NULL,NULL,NULL,NULL,NULL,NULL,NULL,NULL,NULL,NULL,NULL,NULL,NULL,NULL,NULL,NULL,NULL,NULL
A-B,S,Under40,9.0,Transition,Build 1 -week 1,Build 1 -week 2,Build 1 -week 3,Build 1 -week 4,Build 2 -week 1,Build 2 -week 2,Build 2 -week 3,Build 2 -week 4,NULL,NULL,NULL,NULL,NULL,NULL,NULL,NULL,NULL,NULL,NULL,NULL,NULL,NULL,NULL,NULL,NULL,NULL,NULL,NULL,NULL,NULL,NULL,NULL,NULL,NULL,NULL,NULL,NULL,NULL,NULL,NULL,NULL,NULL,NULL,NULL,NULL,NULL,NULL
B1-B2,W,Over40,8.0,Base 2 -week 1,Base 2 -week 2,Base 2 -week 4,Base 3 -week 1,Base 3 -week 2,Base 3 -week 4,Base 3 -week 1,Base 3 -week 4,NULL,NULL,NULL,NULL,NULL,NULL,NULL,NULL,NULL,NULL,NULL,NULL,NULL,NULL,NULL,NULL,NULL,NULL,NULL,NULL,NULL,NULL,NULL,NULL,NULL,NULL,NULL,NULL,NULL,NULL,NULL,NULL,NULL,NULL,NULL,NULL,NULL,NULL,NULL,NULL
B1-B2,W,Over40,11.0,Base 2 -week 1,Base 2 -week 2,Base 2 -week 4,Base 3 -week 1,Base 3 -week 2,Base 3 -week 4,Base 3 -week 1,Base 3 -week 2,Base 3 -week 4,Build 1 -week 1,Build 1 -week 4,NULL,NULL,NULL,NULL,NULL,NULL,NULL,NULL,NULL,NULL,NULL,NULL,NULL,NULL,NULL,NULL,NULL,NULL,NULL,NULL,NULL,NULL,NULL,NULL,NULL,NULL,NULL,NULL,NULL,NULL,NULL,NULL,NULL,NULL,NULL,NULL,NULL
PriorB1,SW,Under40,38.0,Preparation,Preparation,Preparation,Preparation,Preparation,Preparation,Base 1 -week 1,Base 1 -week 2,Base 1 -week 3,Base 1 -week 4,Base 1 -week 1,Base 1 -week 2,Base 1 -week 3,Base 1 -week 4,Base 2 -week 1,Base 2 -week 2,Base 2 -week 3,Base 2 -week 4,Base 2 -week 1,Base 2 -week 2,Base 2 -week 3,Base 2 -week 4,Base 3 -week 1,Base 3 -week 2,Base 3 -week 3,Base 3 -week 4,Base 3 -week 1,Base 3 -week 2,Base 3 -week 3,Base 3 -week 4,Build 1 -week 1,Build 1 -week 2,Build 1 -week 3,Build 1 -week 4,Build 2 -week 1,Build 2 -week 2,Build 2 -week 3,Build 2 -week 4,NULL,NULL,NULL,NULL,NULL,NULL,NULL,NULL,NULL,NULL
PriorB1,SW,Under40,39.0,Preparation,Preparation,Preparation,Base 1 -week 1,Base 1 -week 2,Base 1 -week 3,Base 1 -week 4,Base 1 -week 1,Base 1 -week 2,Base 1 -week 3,Base 1 -week 4,Base 1 -week 1,Base 1 -week 2,Base 1 -week 3,Base 1 -week 4,Base 2 -week 1,Base 2 -week 2,Base 2 -week 3,Base 2 -week 4,Base 2 -week 1,Base 2 -week 2,Base 2 -week 3,Base 2 -week 4,Base 3 -week 1,Base 3 -week 2,Base 3 -week 3,Base 3 -week 4,Base 3 -week 1,Base 3 -week 2,Base 3 -week 3,Base 3 -week 4,Build 1 -week 1,Build 1 -week 2,Build 1 -week 3,Build 1 -week 4,Build 2 -week 1,Build 2 -week 2,Build 2 -week 3,Build 2 -week 4,NULL,NULL,NULL,NULL,NULL,NULL,NULL,NULL,NULL
PriorB1,SW,Under40,40.0,Preparation,Preparation,Preparation,Preparation,Base 1 -week 1,Base 1 -week 2,Base 1 -week 3,Base 1 -week 4,Base 1 -week 1,Base 1 -week 2,Base 1 -week 3,Base 1 -week 4,Base 1 -week 1,Base 1 -week 2,Base 1 -week 3,Base 1 -week 4,Base 2 -week 1,Base 2 -week 2,Base 2 -week 3,Base 2 -week 4,Base 2 -week 1,Base 2 -week 2,Base 2 -week 3,Base 2 -week 4,Base 3 -week 1,Base 3 -week 2,Base 3 -week 3,Base 3 -week 4,Base 3 -week 1,Base 3 -week 2,Base 3 -week 3,Base 3 -week 4,Build 1 -week 1,Build 1 -week 2,Build 1 -week 3,Build 1 -week 4,Build 2 -week 1,Build 2 -week 2,Build 2 -week 3,Build 2 -week 4,NULL,NULL,NULL,NULL,NULL,NULL,NULL,NULL
PriorB1,SW,Under40,41.0,Preparation,Preparation,Preparation,Preparation,Preparation,Base 1 -week 1,Base 1 -week 2,Base 1 -week 3,Base 1 -week 4,Base 1 -week 1,Base 1 -week 2,Base 1 -week 3,Base 1 -week 4,Base 1 -week 1,Base 1 -week 2,Base 1 -week 3,Base 1 -week 4,Base 2 -week 1,Base 2 -week 2,Base 2 -week 3,Base 2 -week 4,Base 2 -week 1,Base 2 -week 2,Base 2 -week 3,Base 2 -week 4,Base 3 -week 1,Base 3 -week 2,Base 3 -week 3,Base 3 -week 4,Base 3 -week 1,Base 3 -week 2,Base 3 -week 3,Base 3 -week 4,Build 1 -week 1,Build 1 -week 2,Build 1 -week 3,Build 1 -week 4,Build 2 -week 1,Build 2 -week 2,Build 2 -week 3,Build 2 -week 4,NULL,NULL,NULL,NULL,NULL,NULL,NULL
PriorB1,SW,Under40,42.0,Preparation,Preparation,Preparation,Preparation,Preparation,Preparation,Base 1 -week 1,Base 1 -week 2,Base 1 -week 3,Base 1 -week 4,Base 1 -week 1,Base 1 -week 2,Base 1 -week 3,Base 1 -week 4,Base 1 -week 1,Base 1 -week 2,Base 1 -week 3,Base 1 -week 4,Base 2 -week 1,Base 2 -week 2,Base 2 -week 3,Base 2 -week 4,Base 2 -week 1,Base 2 -week 2,Base 2 -week 3,Base 2 -week 4,Base 3 -week 1,Base 3 -week 2,Base 3 -week 3,Base 3 -week 4,Base 3 -week 1,Base 3 -week 2,Base 3 -week 3,Base 3 -week 4,Build 1 -week 1,Build 1 -week 2,Build 1 -week 3,Build 1 -week 4,Build 2 -week 1,Build 2 -week 2,Build 2 -week 3,Build 2 -week 4,NULL,NULL,NULL,NULL,NULL,NULL
PriorB1,SW,Under40,43.0,Preparation,Preparation,Preparation,Base 1 -week 1,Base 1 -week 2,Base 1 -week 3,Base 1 -week 4,Base 1 -week 1,Base 1 -week 2,Base 1 -week 3,Base 1 -week 4,Base 1 -week 1,Base 1 -week 2,Base 1 -week 3,Base 1 -week 4,Base 2 -week 1,Base 2 -week 2,Base 2 -week 3,Base 2 -week 4,Base 2 -week 1,Base 2 -week 2,Base 2 -week 3,Base 2 -week 4,Base 2 -week 1,Base 2 -week 2,Base 2 -week 3,Base 2 -week 4,Base 3 -week 1,Base 3 -week 2,Base 3 -week 3,Base 3 -week 4,Base 3 -week 1,Base 3 -week 2,Base 3 -week 3,Base 3 -week 4,Build 1 -week 1,Build 1 -week 2,Build 1 -week 3,Build 1 -week 4,Build 2 -week 1,Build 2 -week 2,Build 2 -week 3,Build 2 -week 4,NULL,NULL,NULL,NULL,NULL
B1-B2,W,Over40,6.0,Base 2 -week 1,Base 2 -week 2,Base 2 -week 4,Base 3 -week 1,Base 3 -week 2,Base 3 -week 4,NULL,NULL,NULL,NULL,NULL,NULL,NULL,NULL,NULL,NULL,NULL,NULL,NULL,NULL,NULL,NULL,NULL,NULL,NULL,NULL,NULL,NULL,NULL,NULL,NULL,NULL,NULL,NULL,NULL,NULL,NULL,NULL,NULL,NULL,NULL,NULL,NULL,NULL,NULL,NULL,NULL,NULL
PriorB1,SW,Under40,44.0,Preparation,Preparation,Preparation,Preparation,Base 1 -week 1,Base 1 -week 2,Base 1 -week 3,Base 1 -week 4,Base 1 -week 1,Base 1 -week 2,Base 1 -week 3,Base 1 -week 4,Base 1 -week 1,Base 1 -week 2,Base 1 -week 3,Base 1 -week 4,Base 2 -week 1,Base 2 -week 2,Base 2 -week 3,Base 2 -week 4,Base 2 -week 1,Base 2 -week 2,Base 2 -week 3,Base 2 -week 4,Base 2 -week 1,Base 2 -week 2,Base 2 -week 3,Base 2 -week 4,Base 3 -week 1,Base 3 -week 2,Base 3 -week 3,Base 3 -week 4,Base 3 -week 1,Base 3 -week 2,Base 3 -week 3,Base 3 -week 4,Build 1 -week 1,Build 1 -week 2,Build 1 -week 3,Build 1 -week 4,Build 2 -week 1,Build 2 -week 2,Build 2 -week 3,Build 2 -week 4,NULL,NULL,NULL,NULL
PriorB1,SW,Under40,45.0,Preparation,Preparation,Preparation,Preparation,Preparation,Base 1 -week 1,Base 1 -week 2,Base 1 -week 3,Base 1 -week 4,Base 1 -week 1,Base 1 -week 2,Base 1 -week 3,Base 1 -week 4,Base 1 -week 1,Base 1 -week 2,Base 1 -week 3,Base 1 -week 4,Base 2 -week 1,Base 2 -week 2,Base 2 -week 3,Base 2 -week 4,Base 2 -week 1,Base 2 -week 2,Base 2 -week 3,Base 2 -week 4,Base 2 -week 1,Base 2 -week 2,Base 2 -week 3,Base 2 -week 4,Base 3 -week 1,Base 3 -week 2,Base 3 -week 3,Base 3 -week 4,Base 3 -week 1,Base 3 -week 2,Base 3 -week 3,Base 3 -week 4,Build 1 -week 1,Build 1 -week 2,Build 1 -week 3,Build 1 -week 4,Build 2 -week 1,Build 2 -week 2,Build 2 -week 3,Build 2 -week 4,NULL,NULL,NULL
PriorB1,SW,Under40,46.0,Preparation,Preparation,Preparation,Preparation,Preparation,Preparation,Base 1 -week 1,Base 1 -week 2,Base 1 -week 3,Base 1 -week 4,Base 1 -week 1,Base 1 -week 2,Base 1 -week 3,Base 1 -week 4,Base 1 -week 1,Base 1 -week 2,Base 1 -week 3,Base 1 -week 4,Base 2 -week 1,Base 2 -week 2,Base 2 -week 3,Base 2 -week 4,Base 2 -week 1,Base 2 -week 2,Base 2 -week 3,Base 2 -week 4,Base 2 -week 1,Base 2 -week 2,Base 2 -week 3,Base 2 -week 4,Base 3 -week 1,Base 3 -week 2,Base 3 -week 3,Base 3 -week 4,Base 3 -week 1,Base 3 -week 2,Base 3 -week 3,Base 3 -week 4,Build 1 -week 1,Build 1 -week 2,Build 1 -week 3,Build 1 -week 4,Build 2 -week 1,Build 2 -week 2,Build 2 -week 3,Build 2 -week 4,NULL,NULL
PriorB1,SW,Under40,47.0,Preparation,Preparation,Preparation,Preparation,Preparation,Preparation,Preparation,Base 1 -week 1,Base 1 -week 2,Base 1 -week 3,Base 1 -week 4,Base 1 -week 1,Base 1 -week 2,Base 1 -week 3,Base 1 -week 4,Base 1 -week 1,Base 1 -week 2,Base 1 -week 3,Base 1 -week 4,Base 2 -week 1,Base 2 -week 2,Base 2 -week 3,Base 2 -week 4,Base 2 -week 1,Base 2 -week 2,Base 2 -week 3,Base 2 -week 4,Base 2 -week 1,Base 2 -week 2,Base 2 -week 3,Base 2 -week 4,Base 3 -week 1,Base 3 -week 2,Base 3 -week 3,Base 3 -week 4,Base 3 -week 1,Base 3 -week 2,Base 3 -week 3,Base 3 -week 4,Build 1 -week 1,Build 1 -week 2,Build 1 -week 3,Build 1 -week 4,Build 2 -week 1,Build 2 -week 2,Build 2 -week 3,Build 2 -week 4,NULL
PriorB1,SW,Under40,48.0,Preparation,Preparation,Preparation,Preparation,Preparation,Preparation,Preparation,Preparation,Base 1 -week 1,Base 1 -week 2,Base 1 -week 3,Base 1 -week 4,Base 1 -week 1,Base 1 -week 2,Base 1 -week 3,Base 1 -week 4,Base 1 -week 1,Base 1 -week 2,Base 1 -week 3,Base 1 -week 4,Base 2 -week 1,Base 2 -week 2,Base 2 -week 3,Base 2 -week 4,Base 2 -week 1,Base 2 -week 2,Base 2 -week 3,Base 2 -week 4,Base 2 -week 1,Base 2 -week 2,Base 2 -week 3,Base 2 -week 4,Base 3 -week 1,Base 3 -week 2,Base 3 -week 3,Base 3 -week 4,Base 3 -week 1,Base 3 -week 2,Base 3 -week 3,Base 3 -week 4,Build 1 -week 1,Build 1 -week 2,Build 1 -week 3,Build 1 -week 4,Build 2 -week 1,Build 2 -week 2,Build 2 -week 3,Build 2 -week 4
B1-B2,S,Under40,7.0,Build 1 -week 1,Build 1 -week 2,Build 1 -week 3,Build 1 -week 4,Build 2 -week 1,Build 2 -week 2,Build 2 -week 4,NULL,NULL,NULL,NULL,NULL,NULL,NULL,NULL,NULL,NULL,NULL,NULL,NULL,NULL,NULL,NULL,NULL,NULL,NULL,NULL,NULL,NULL,NULL,NULL,NULL,NULL,NULL,NULL,NULL,NULL,NULL,NULL,NULL,NULL,NULL,NULL,NULL,NULL,NULL,NULL,NULL
B1-B2,S,Under40,10.0,Base 3 -week 3,Base 3 -week 4,Build 1 -week 1,Build 1 -week 2,Build 1 -week 3,Build 1 -week 4,Build 2 -week 1,Build 2 -week 2,Build 2 -week 3,Build 2 -week 4,NULL,NULL,NULL,NULL,NULL,NULL,NULL,NULL,NULL,NULL,NULL,NULL,NULL,NULL,NULL,NULL,NULL,NULL,NULL,NULL,NULL,NULL,NULL,NULL,NULL,NULL,NULL,NULL,NULL,NULL,NULL,NULL,NULL,NULL,NULL,NULL,NULL,NULL
B1-B2,S,Over40,12.0,Base 3 -week 1,Base 3 -week 2,Base 3 -week 4,Build 1 -week 1,Build 1 -week 2,Build 1 -week 4,Build 2 -week 1,Build 2 -week 2,Build 2 -week 4,Build 2 -week 1,Build 2 -week 2,Build 2 -week 4,NULL,NULL,NULL,NULL,NULL,NULL,NULL,NULL,NULL,NULL,NULL,NULL,NULL,NULL,NULL,NULL,NULL,NULL,NULL,NULL,NULL,NULL,NULL,NULL,NULL,NULL,NULL,NULL,NULL,NULL,NULL,NULL,NULL,NULL,NULL,NULL
B1-B2,S,Over40,13.0,Build 1 -week 4,Base 3 -week 1,Base 3 -week 2,Base 3 -week 4,Build 1 -week 1,Build 1 -week 2,Build 1 -week 4,Build 2 -week 1,Build 2 -week 2,Build 2 -week 4,Build 2 -week 1,Build 2 -week 2,Build 2 -week 4,NULL,NULL,NULL,NULL,NULL,NULL,NULL,NULL,NULL,NULL,NULL,NULL,NULL,NULL,NULL,NULL,NULL,NULL,NULL,NULL,NULL,NULL,NULL,NULL,NULL,NULL,NULL,NULL,NULL,NULL,NULL,NULL,NULL,NULL,NULL
B1-B2,S,Over40,14.0,Build 1 -week 2,Build 1 -week 4,Base 3 -week 1,Base 3 -week 2,Base 3 -week 4,Build 1 -week 1,Build 1 -week 2,Build 1 -week 4,Build 2 -week 1,Build 2 -week 2,Build 2 -week 4,Build 2 -week 1,Build 2 -week 2,Build 2 -week 4,NULL,NULL,NULL,NULL,NULL,NULL,NULL,NULL,NULL,NULL,NULL,NULL,NULL,NULL,NULL,NULL,NULL,NULL,NULL,NULL,NULL,NULL,NULL,NULL,NULL,NULL,NULL,NULL,NULL,NULL,NULL,NULL,NULL,NULL
B1-B2,S,Over40,15.0,Build 1 -week 1,Build 1 -week 2,Build 1 -week 4,Base 3 -week 1,Base 3 -week 2,Base 3 -week 4,Build 1 -week 1,Build 1 -week 2,Build 1 -week 4,Build 2 -week 1,Build 2 -week 2,Build 2 -week 4,Build 2 -week 1,Build 2 -week 2,Build 2 -week 4,NULL,NULL,NULL,NULL,NULL,NULL,NULL,NULL,NULL,NULL,NULL,NULL,NULL,NULL,NULL,NULL,NULL,NULL,NULL,NULL,NULL,NULL,NULL,NULL,NULL,NULL,NULL,NULL,NULL,NULL,NULL,NULL,NULL
B1-B2,S,Over40,16.0,Base 3 -week 4,Build 1 -week 1,Build 1 -week 2,Build 1 -week 4,Base 3 -week 1,Base 3 -week 2,Base 3 -week 4,Build 1 -week 1,Build 1 -week 2,Build 1 -week 4,Build 2 -week 1,Build 2 -week 2,Build 2 -week 4,Build 2 -week 1,Build 2 -week 2,Build 2 -week 4,NULL,NULL,NULL,NULL,NULL,NULL,NULL,NULL,NULL,NULL,NULL,NULL,NULL,NULL,NULL,NULL,NULL,NULL,NULL,NULL,NULL,NULL,NULL,NULL,NULL,NULL,NULL,NULL,NULL,NULL,NULL,NULL
B1-B2,S,Over40,17.0,Base 3 -week 2,Base 3 -week 4,Build 1 -week 1,Build 1 -week 2,Build 1 -week 4,Base 3 -week 1,Base 3 -week 2,Base 3 -week 4,Build 1 -week 1,Build 1 -week 2,Build 1 -week 4,Build 2 -week 1,Build 2 -week 2,Build 2 -week 4,Build 2 -week 1,Build 2 -week 2,Build 2 -week 4,NULL,NULL,NULL,NULL,NULL,NULL,NULL,NULL,NULL,NULL,NULL,NULL,NULL,NULL,NULL,NULL,NULL,NULL,NULL,NULL,NULL,NULL,NULL,NULL,NULL,NULL,NULL,NULL,NULL,NULL,NULL
B1-B2,S,Over40,18.0,Base 3 -week 1,Base 3 -week 2,Base 3 -week 4,Build 1 -week 1,Build 1 -week 2,Build 1 -week 4,Base 3 -week 1,Base 3 -week 2,Base 3 -week 4,Build 1 -week 1,Build 1 -week 2,Build 1 -week 4,Build 2 -week 1,Build 2 -week 2,Build 2 -week 4,Build 2 -week 1,Build 2 -week 2,Build 2 -week 4,NULL,NULL,NULL,NULL,NULL,NULL,NULL,NULL,NULL,NULL,NULL,NULL,NULL,NULL,NULL,NULL,NULL,NULL,NULL,NULL,NULL,NULL,NULL,NULL,NULL,NULL,NULL,NULL,NULL,NULL
B1-B2,S,Over40,19.0,Build 1 -week 4,Base 3 -week 1,Base 3 -week 2,Base 3 -week 4,Build 1 -week 1,Build 1 -week 2,Build 1 -week 4,Base 3 -week 1,Base 3 -week 2,Base 3 -week 4,Build 1 -week 1,Build 1 -week 2,Build 1 -week 4,Build 2 -week 1,Build 2 -week 2,Build 2 -week 4,Build 2 -week 1,Build 2 -week 2,Build 2 -week 4,NULL,NULL,NULL,NULL,NULL,NULL,NULL,NULL,NULL,NULL,NULL,NULL,NULL,NULL,NULL,NULL,NULL,NULL,NULL,NULL,NULL,NULL,NULL,NULL,NULL,NULL,NULL,NULL,NULL
B1-B2,S,Over40,20.0,Build 1 -week 2,Build 1 -week 4,Base 3 -week 1,Base 3 -week 2,Base 3 -week 4,Build 1 -week 1,Build 1 -week 2,Build 1 -week 4,Base 3 -week 1,Base 3 -week 2,Base 3 -week 4,Build 1 -week 1,Build 1 -week 2,Build 1 -week 4,Build 2 -week 1,Build 2 -week 2,Build 2 -week 4,Build 2 -week 1,Build 2 -week 2,Build 2 -week 4,NULL,NULL,NULL,NULL,NULL,NULL,NULL,NULL,NULL,NULL,NULL,NULL,NULL,NULL,NULL,NULL,NULL,NULL,NULL,NULL,NULL,NULL,NULL,NULL,NULL,NULL,NULL,NULL
B1-B2,S,Over40,21.0,Build 1 -week 1,Build 1 -week 2,Build 1 -week 4,Base 3 -week 1,Base 3 -week 2,Base 3 -week 4,Build 1 -week 1,Build 1 -week 2,Build 1 -week 4,Base 3 -week 1,Base 3 -week 2,Base 3 -week 4,Build 1 -week 1,Build 1 -week 2,Build 1 -week 4,Build 2 -week 1,Build 2 -week 2,Build 2 -week 4,Build 2 -week 1,Build 2 -week 2,Build 2 -week 4,NULL,NULL,NULL,NULL,NULL,NULL,NULL,NULL,NULL,NULL,NULL,NULL,NULL,NULL,NULL,NULL,NULL,NULL,NULL,NULL,NULL,NULL,NULL,NULL,NULL,NULL,NULL
B1-B2,S,Over40,22.0,Base 3 -week 4,Build 1 -week 1,Build 1 -week 2,Build 1 -week 4,Base 3 -week 1,Base 3 -week 2,Base 3 -week 4,Build 1 -week 1,Build 1 -week 2,Build 1 -week 4,Base 3 -week 1,Base 3 -week 2,Base 3 -week 4,Build 1 -week 1,Build 1 -week 2,Build 1 -week 4,Build 2 -week 1,Build 2 -week 2,Build 2 -week 4,Build 2 -week 1,Build 2 -week 2,Build 2 -week 4,NULL,NULL,NULL,NULL,NULL,NULL,NULL,NULL,NULL,NULL,NULL,NULL,NULL,NULL,NULL,NULL,NULL,NULL,NULL,NULL,NULL,NULL,NULL,NULL,NULL,NULL
B1-B2,W,Over40,1.0,Base 3 -week 4,NULL,NULL,NULL,NULL,NULL,NULL,NULL,NULL,NULL,NULL,NULL,NULL,NULL,NULL,NULL,NULL,NULL,NULL,NULL,NULL,NULL,NULL,NULL,NULL,NULL,NULL,NULL,NULL,NULL,NULL,NULL,NULL,NULL,NULL,NULL,NULL,NULL,NULL,NULL,NULL,NULL,NULL,NULL,NULL,NULL,NULL,NULL
B1-B2,W,Over40,2.0,Base 3 -week 1,Base 3 -week 4,NULL,NULL,NULL,NULL,NULL,NULL,NULL,NULL,NULL,NULL,NULL,NULL,NULL,NULL,NULL,NULL,NULL,NULL,NULL,NULL,NULL,NULL,NULL,NULL,NULL,NULL,NULL,NULL,NULL,NULL,NULL,NULL,NULL,NULL,NULL,NULL,NULL,NULL,NULL,NULL,NULL,NULL,NULL,NULL,NULL,NULL
B1-B2,W,Over40,4.0,Base 2 -week 4,Base 3 -week 1,Base 3 -week 2,Base 3 -week 4,NULL,NULL,NULL,NULL,NULL,NULL,NULL,NULL,NULL,NULL,NULL,NULL,NULL,NULL,NULL,NULL,NULL,NULL,NULL,NULL,NULL,NULL,NULL,NULL,NULL,NULL,NULL,NULL,NULL,NULL,NULL,NULL,NULL,NULL,NULL,NULL,NULL,NULL,NULL,NULL,NULL,NULL,NULL,NULL
B1-B2,S,Under40,8.0,Build 1 -week 1,Build 1 -week 2,Build 1 -week 3,Build 1 -week 4,Build 2 -week 1,Build 2 -week 2,Build 2 -week 3,Build 2 -week 4,NULL,NULL,NULL,NULL,NULL,NULL,NULL,NULL,NULL,NULL,NULL,NULL,NULL,NULL,NULL,NULL,NULL,NULL,NULL,NULL,NULL,NULL,NULL,NULL,NULL,NULL,NULL,NULL,NULL,NULL,NULL,NULL,NULL,NULL,NULL,NULL,NULL,NULL,NULL,NULL
B1-B2,S,Under40,9.0,Base 3 -week 4,Build 1 -week 1,Build 1 -week 2,Build 1 -week 3,Build 1 -week 4,Build 2 -week 1,Build 2 -week 2,Build 2 -week 3,Build 2 -week 4,NULL,NULL,NULL,NULL,NULL,NULL,NULL,NULL,NULL,NULL,NULL,NULL,NULL,NULL,NULL,NULL,NULL,NULL,NULL,NULL,NULL,NULL,NULL,NULL,NULL,NULL,NULL,NULL,NULL,NULL,NULL,NULL,NULL,NULL,NULL,NULL,NULL,NULL,NULL
A-B,S,Over40,7.0,Build 1 -week 4,Build 2 -week 1,Build 2 -week 2,Build 2 -week 4,Build 2 -week 1,Build 2 -week 2,Build 2 -week 4,NULL,NULL,NULL,NULL,NULL,NULL,NULL,NULL,NULL,NULL,NULL,NULL,NULL,NULL,NULL,NULL,NULL,NULL,NULL,NULL,NULL,NULL,NULL,NULL,NULL,NULL,NULL,NULL,NULL,NULL,NULL,NULL,NULL,NULL,NULL,NULL,NULL,NULL,NULL,NULL,NULL
B1-B2,S,Over40,23.0,Base 3 -week 2,Base 3 -week 4,Build 1 -week 1,Build 1 -week 2,Build 1 -week 4,Base 3 -week 1,Base 3 -week 2,Base 3 -week 4,Build 1 -week 1,Build 1 -week 2,Build 1 -week 4,Base 3 -week 1,Base 3 -week 2,Base 3 -week 4,Build 1 -week 1,Build 1 -week 2,Build 1 -week 4,Build 2 -week 1,Build 2 -week 2,Build 2 -week 4,Build 2 -week 1,Build 2 -week 2,Build 2 -week 4,NULL,NULL,NULL,NULL,NULL,NULL,NULL,NULL,NULL,NULL,NULL,NULL,NULL,NULL,NULL,NULL,NULL,NULL,NULL,NULL,NULL,NULL,NULL,NULL,NULL
B1-B2,S,Over40,24.0,Base 3 -week 1,Base 3 -week 2,Base 3 -week 4,Build 1 -week 1,Build 1 -week 2,Build 1 -week 4,Base 3 -week 1,Base 3 -week 2,Base 3 -week 4,Build 1 -week 1,Build 1 -week 2,Build 1 -week 4,Base 3 -week 1,Base 3 -week 2,Base 3 -week 4,Build 1 -week 1,Build 1 -week 2,Build 1 -week 4,Build 2 -week 1,Build 2 -week 2,Build 2 -week 4,Build 2 -week 1,Build 2 -week 2,Build 2 -week 4,NULL,NULL,NULL,NULL,NULL,NULL,NULL,NULL,NULL,NULL,NULL,NULL,NULL,NULL,NULL,NULL,NULL,NULL,NULL,NULL,NULL,NULL,NULL,NULL
B1-B2,S,Over40,25.0,Base 3 -week 4,Base 3 -week 1,Base 3 -week 2,Base 3 -week 4,Build 1 -week 1,Build 1 -week 2,Build 1 -week 4,Base 3 -week 1,Base 3 -week 2,Base 3 -week 4,Build 1 -week 1,Build 1 -week 2,Build 1 -week 4,Base 3 -week 1,Base 3 -week 2,Base 3 -week 4,Build 1 -week 1,Build 1 -week 2,Build 1 -week 4,Build 2 -week 1,Build 2 -week 2,Build 2 -week 4,Build 2 -week 1,Build 2 -week 2,Build 2 -week 4,NULL,NULL,NULL,NULL,NULL,NULL,NULL,NULL,NULL,NULL,NULL,NULL,NULL,NULL,NULL,NULL,NULL,NULL,NULL,NULL,NULL,NULL,NULL
B1-B2,S,Over40,26.0,Base 3 -week 2,Base 3 -week 4,Base 3 -week 1,Base 3 -week 2,Base 3 -week 4,Build 1 -week 1,Build 1 -week 2,Build 1 -week 4,Base 3 -week 1,Base 3 -week 2,Base 3 -week 4,Build 1 -week 1,Build 1 -week 2,Build 1 -week 4,Base 3 -week 1,Base 3 -week 2,Base 3 -week 4,Build 1 -week 1,Build 1 -week 2,Build 1 -week 4,Build 2 -week 1,Build 2 -week 2,Build 2 -week 4,Build 2 -week 1,Build 2 -week 2,Build 2 -week 4,NULL,NULL,NULL,NULL,NULL,NULL,NULL,NULL,NULL,NULL,NULL,NULL,NULL,NULL,NULL,NULL,NULL,NULL,NULL,NULL,NULL,NULL
B1-B2,S,Over40,27.0,Base 3 -week 1,Base 3 -week 2,Base 3 -week 4,Base 3 -week 1,Base 3 -week 2,Base 3 -week 4,Build 1 -week 1,Build 1 -week 2,Build 1 -week 4,Base 3 -week 1,Base 3 -week 2,Base 3 -week 4,Build 1 -week 1,Build 1 -week 2,Build 1 -week 4,Base 3 -week 1,Base 3 -week 2,Base 3 -week 4,Build 1 -week 1,Build 1 -week 2,Build 1 -week 4,Build 2 -week 1,Build 2 -week 2,Build 2 -week 4,Build 2 -week 1,Build 2 -week 2,Build 2 -week 4,NULL,NULL,NULL,NULL,NULL,NULL,NULL,NULL,NULL,NULL,NULL,NULL,NULL,NULL,NULL,NULL,NULL,NULL,NULL,NULL,NULL
B1-B2,S,Over40,28.0,Base 2 -week 4,Base 3 -week 1,Base 3 -week 2,Base 3 -week 4,Base 3 -week 1,Base 3 -week 2,Base 3 -week 4,Build 1 -week 1,Build 1 -week 2,Build 1 -week 4,Base 3 -week 1,Base 3 -week 2,Base 3 -week 4,Build 1 -week 1,Build 1 -week 2,Build 1 -week 4,Base 3 -week 1,Base 3 -week 2,Base 3 -week 4,Build 1 -week 1,Build 1 -week 2,Build 1 -week 4,Build 2 -week 1,Build 2 -week 2,Build 2 -week 4,Build 2 -week 1,Build 2 -week 2,Build 2 -week 4,NULL,NULL,NULL,NULL,NULL,NULL,NULL,NULL,NULL,NULL,NULL,NULL,NULL,NULL,NULL,NULL,NULL,NULL,NULL,NULL
B1-B2,S,Over40,29.0,Base 2 -week 2,Base 2 -week 4,Base 3 -week 1,Base 3 -week 2,Base 3 -week 4,Base 3 -week 1,Base 3 -week 2,Base 3 -week 4,Build 1 -week 1,Build 1 -week 2,Build 1 -week 4,Base 3 -week 1,Base 3 -week 2,Base 3 -week 4,Build 1 -week 1,Build 1 -week 2,Build 1 -week 4,Base 3 -week 1,Base 3 -week 2,Base 3 -week 4,Build 1 -week 1,Build 1 -week 2,Build 1 -week 4,Build 2 -week 1,Build 2 -week 2,Build 2 -week 4,Build 2 -week 1,Build 2 -week 2,Build 2 -week 4,NULL,NULL,NULL,NULL,NULL,NULL,NULL,NULL,NULL,NULL,NULL,NULL,NULL,NULL,NULL,NULL,NULL,NULL,NULL
B1-B2,S,Over40,30.0,Base 2 -week 1,Base 2 -week 2,Base 2 -week 4,Base 3 -week 1,Base 3 -week 2,Base 3 -week 4,Base 3 -week 1,Base 3 -week 2,Base 3 -week 4,Build 1 -week 1,Build 1 -week 2,Build 1 -week 4,Base 3 -week 1,Base 3 -week 2,Base 3 -week 4,Build 1 -week 1,Build 1 -week 2,Build 1 -week 4,Base 3 -week 1,Base 3 -week 2,Base 3 -week 4,Build 1 -week 1,Build 1 -week 2,Build 1 -week 4,Build 2 -week 1,Build 2 -week 2,Build 2 -week 4,Build 2 -week 1,Build 2 -week 2,Build 2 -week 4,NULL,NULL,NULL,NULL,NULL,NULL,NULL,NULL,NULL,NULL,NULL,NULL,NULL,NULL,NULL,NULL,NULL,NULL
B1-B2,W,Under40,6.0,Base 2 -week 2,Base 2 -week 3,Base 2 -week 4,Base 3 -week 1,Base 3 -week 2,Base 3 -week 4,NULL,NULL,NULL,NULL,NULL,NULL,NULL,NULL,NULL,NULL,NULL,NULL,NULL,NULL,NULL,NULL,NULL,NULL,NULL,NULL,NULL,NULL,NULL,NULL,NULL,NULL,NULL,NULL,NULL,NULL,NULL,NULL,NULL,NULL,NULL,NULL,NULL,NULL,NULL,NULL,NULL,NULL
B1-B2,W,Under40,8.0,Base 2 -week 1,Base 2 -week 2,Base 2 -week 3,Base 2 -week 4,Base 3 -week 1,Base 3 -week 2,Base 3 -week 3,Base 3 -week 4,NULL,NULL,NULL,NULL,NULL,NULL,NULL,NULL,NULL,NULL,NULL,NULL,NULL,NULL,NULL,NULL,NULL,NULL,NULL,NULL,NULL,NULL,NULL,NULL,NULL,NULL,NULL,NULL,NULL,NULL,NULL,NULL,NULL,NULL,NULL,NULL,NULL,NULL,NULL,NULL
A-B,S,Over40,10.0,Transition,Build 1 -week 1,Build 1 -week 2,Build 1 -week 4,Build 2 -week 1,Build 2 -week 2,Build 2 -week 4,Build 2 -week 1,Build 2 -week 2,Build 2 -week 4,NULL,NULL,NULL,NULL,NULL,NULL,NULL,NULL,NULL,NULL,NULL,NULL,NULL,NULL,NULL,NULL,NULL,NULL,NULL,NULL,NULL,NULL,NULL,NULL,NULL,NULL,NULL,NULL,NULL,NULL,NULL,NULL,NULL,NULL,NULL,NULL,NULL,NULL
B1-B2,S,Over40,31.0,Base 2 -week 4,Base 2 -week 1,Base 2 -week 2,Base 2 -week 4,Base 3 -week 1,Base 3 -week 2,Base 3 -week 4,Base 3 -week 1,Base 3 -week 2,Base 3 -week 4,Build 1 -week 1,Build 1 -week 2,Build 1 -week 4,Base 3 -week 1,Base 3 -week 2,Base 3 -week 4,Build 1 -week 1,Build 1 -week 2,Build 1 -week 4,Base 3 -week 1,Base 3 -week 2,Base 3 -week 4,Build 1 -week 1,Build 1 -week 2,Build 1 -week 4,Build 2 -week 1,Build 2 -week 2,Build 2 -week 4,Build 2 -week 1,Build 2 -week 2,Build 2 -week 4,NULL,NULL,NULL,NULL,NULL,NULL,NULL,NULL,NULL,NULL,NULL,NULL,NULL,NULL,NULL,NULL,NULL
B1-B2,S,Over40,32.0,Base 2 -week 2,Base 2 -week 4,Base 2 -week 1,Base 2 -week 2,Base 2 -week 4,Base 3 -week 1,Base 3 -week 2,Base 3 -week 4,Base 3 -week 1,Base 3 -week 2,Base 3 -week 4,Build 1 -week 1,Build 1 -week 2,Build 1 -week 4,Base 3 -week 1,Base 3 -week 2,Base 3 -week 4,Build 1 -week 1,Build 1 -week 2,Build 1 -week 4,Base 3 -week 1,Base 3 -week 2,Base 3 -week 4,Build 1 -week 1,Build 1 -week 2,Build 1 -week 4,Build 2 -week 1,Build 2 -week 2,Build 2 -week 4,Build 2 -week 1,Build 2 -week 2,Build 2 -week 4,NULL,NULL,NULL,NULL,NULL,NULL,NULL,NULL,NULL,NULL,NULL,NULL,NULL,NULL,NULL,NULL
B1-B2,W,Over40,12.0,Base 2 -week 1,Base 2 -week 2,Base 2 -week 4,Base 3 -week 1,Base 3 -week 2,Base 3 -week 4,Base 3 -week 1,Base 3 -week 2,Base 3 -week 4,Build 1 -week 1,Build 1 -week 2,Build 1 -week 4,NULL,NULL,NULL,NULL,NULL,NULL,NULL,NULL,NULL,NULL,NULL,NULL,NULL,NULL,NULL,NULL,NULL,NULL,NULL,NULL,NULL,NULL,NULL,NULL,NULL,NULL,NULL,NULL,NULL,NULL,NULL,NULL,NULL,NULL,NULL,NULL
B1-B2,W,Over40,13.0,Base 2 -week 4,Base 2 -week 1,Base 2 -week 2,Base 2 -week 4,Base 3 -week 1,Base 3 -week 2,Base 3 -week 4,Base 3 -week 1,Base 3 -week 2,Base 3 -week 4,Build 1 -week 1,Build 1 -week 2,Build 1 -week 4,NULL,NULL,NULL,NULL,NULL,NULL,NULL,NULL,NULL,NULL,NULL,NULL,NULL,NULL,NULL,NULL,NULL,NULL,NULL,NULL,NULL,NULL,NULL,NULL,NULL,NULL,NULL,NULL,NULL,NULL,NULL,NULL,NULL,NULL,NULL
B1-B2,W,Over40,14.0,Base 2 -week 1,Base 2 -week 2,Base 2 -week 4,Base 3 -week 1,Base 3 -week 2,Base 3 -week 4,Base 3 -week 1,Base 3 -week 2,Base 3 -week 4,Build 1 -week 1,Build 1 -week 2,Build 1 -week 4,Build 2 -week 1,Build 2 -week 4,NULL,NULL,NULL,NULL,NULL,NULL,NULL,NULL,NULL,NULL,NULL,NULL,NULL,NULL,NULL,NULL,NULL,NULL,NULL,NULL,NULL,NULL,NULL,NULL,NULL,NULL,NULL,NULL,NULL,NULL,NULL,NULL,NULL,NULL
B1-B2,W,Over40,15.0,Base 2 -week 1,Base 2 -week 2,Base 2 -week 4,Base 3 -week 1,Base 3 -week 2,Base 3 -week 4,Base 3 -week 1,Base 3 -week 2,Base 3 -week 4,Build 1 -week 1,Build 1 -week 2,Build 1 -week 4,Build 2 -week 1,Build 2 -week 2,Build 2 -week 4,NULL,NULL,NULL,NULL,NULL,NULL,NULL,NULL,NULL,NULL,NULL,NULL,NULL,NULL,NULL,NULL,NULL,NULL,NULL,NULL,NULL,NULL,NULL,NULL,NULL,NULL,NULL,NULL,NULL,NULL,NULL,NULL,NULL
B1-B2,W,Over40,16.0,Base 2 -week 4,Base 2 -week 1,Base 2 -week 2,Base 2 -week 4,Base 3 -week 1,Base 3 -week 2,Base 3 -week 4,Base 3 -week 1,Base 3 -week 2,Base 3 -week 4,Build 1 -week 1,Build 1 -week 2,Build 1 -week 4,Build 2 -week 1,Build 2 -week 2,Build 2 -week 4,NULL,NULL,NULL,NULL,NULL,NULL,NULL,NULL,NULL,NULL,NULL,NULL,NULL,NULL,NULL,NULL,NULL,NULL,NULL,NULL,NULL,NULL,NULL,NULL,NULL,NULL,NULL,NULL,NULL,NULL,NULL,NULL
B1-B2,W,Over40,17.0,Base 2 -week 1,Base 2 -week 2,Base 2 -week 4,Base 3 -week 1,Base 3 -week 2,Base 3 -week 4,Base 3 -week 1,Base 3 -week 2,Base 3 -week 4,Build 1 -week 1,Build 1 -week 2,Build 1 -week 4,Build 2 -week 1,Build 2 -week 2,Build 2 -week 4,Build 2 -week 1,Build 2 -week 4,NULL,NULL,NULL,NULL,NULL,NULL,NULL,NULL,NULL,NULL,NULL,NULL,NULL,NULL,NULL,NULL,NULL,NULL,NULL,NULL,NULL,NULL,NULL,NULL,NULL,NULL,NULL,NULL,NULL,NULL,NULL
B1-B2,W,Over40,18.0,Base 2 -week 1,Base 2 -week 2,Base 2 -week 4,Base 3 -week 1,Base 3 -week 2,Base 3 -week 4,Base 3 -week 1,Base 3 -week 2,Base 3 -week 4,Build 1 -week 1,Build 1 -week 2,Build 1 -week 4,Build 2 -week 1,Build 2 -week 2,Build 2 -week 4,Build 2 -week 1,Build 2 -week 2,Build 2 -week 4,NULL,NULL,NULL,NULL,NULL,NULL,NULL,NULL,NULL,NULL,NULL,NULL,NULL,NULL,NULL,NULL,NULL,NULL,NULL,NULL,NULL,NULL,NULL,NULL,NULL,NULL,NULL,NULL,NULL,NULL
B1-B2,W,Over40,19.0,Base 2 -week 4,Base 2 -week 1,Base 2 -week 2,Base 2 -week 4,Base 3 -week 1,Base 3 -week 2,Base 3 -week 4,Base 3 -week 1,Base 3 -week 2,Base 3 -week 4,Build 1 -week 1,Build 1 -week 2,Build 1 -week 4,Build 2 -week 1,Build 2 -week 2,Build 2 -week 4,Build 2 -week 1,Build 2 -week 2,Build 2 -week 4,NULL,NULL,NULL,NULL,NULL,NULL,NULL,NULL,NULL,NULL,NULL,NULL,NULL,NULL,NULL,NULL,NULL,NULL,NULL,NULL,NULL,NULL,NULL,NULL,NULL,NULL,NULL,NULL,NULL
B1-B2,W,Over40,20.0,Base 2 -week 1,Base 2 -week 2,Base 2 -week 4,Base 3 -week 1,Base 3 -week 2,Base 3 -week 4,Base 3 -week 1,Base 3 -week 2,Base 3 -week 4,Base 3 -week 1,Base 3 -week 4,Build 1 -week 4,Build 2 -week 1,Build 2 -week 2,Build 2 -week 4,Build 2 -week 1,Build 2 -week 2,Build 2 -week 4,Build 4a,Build 4d,NULL,NULL,NULL,NULL,NULL,NULL,NULL,NULL,NULL,NULL,NULL,NULL,NULL,NULL,NULL,NULL,NULL,NULL,NULL,NULL,NULL,NULL,NULL,NULL,NULL,NULL,NULL,NULL
B1-B2,W,Under40,7.0,Base 2 -week 2,Base 2 -week 3,Base 2 -week 4,Base 3 -week 1,Base 3 -week 2,Base 3 -week 3,Base 3 -week 4,NULL,NULL,NULL,NULL,NULL,NULL,NULL,NULL,NULL,NULL,NULL,NULL,NULL,NULL,NULL,NULL,NULL,NULL,NULL,NULL,NULL,NULL,NULL,NULL,NULL,NULL,NULL,NULL,NULL,NULL,NULL,NULL,NULL,NULL,NULL,NULL,NULL,NULL,NULL,NULL,NULL
B1-B2,S,Under40,11.0,Base 3 -week 2,Base 3 -week 3,Base 3 -week 4,Build 1 -week 1,Build 1 -week 2,Build 1 -week 3,Build 1 -week 4,Build 2 -week 1,Build 2 -week 2,Build 2 -week 3,Build 2 -week 4,NULL,NULL,NULL,NULL,NULL,NULL,NULL,NULL,NULL,NULL,NULL,NULL,NULL,NULL,NULL,NULL,NULL,NULL,NULL,NULL,NULL,NULL,NULL,NULL,NULL,NULL,NULL,NULL,NULL,NULL,NULL,NULL,NULL,NULL,NULL,NULL,NULL
A-B,W,Under40,9.0,Transition,Base 2 -week 1,Base 2 -week 2,Base 2 -week 3,Base 2 -week 4,Base 3 -week 1,Base 3 -week 2,Base 3 -week 3,Base 3 -week 4,NULL,NULL,NULL,NULL,NULL,NULL,NULL,NULL,NULL,NULL,NULL,NULL,NULL,NULL,NULL,NULL,NULL,NULL,NULL,NULL,NULL,NULL,NULL,NULL,NULL,NULL,NULL,NULL,NULL,NULL,NULL,NULL,NULL,NULL,NULL,NULL,NULL,NULL,NULL
B1-B2,W,Over40,21.0,Base 2 -week 1,Base 2 -week 2,Base 2 -week 4,Base 3 -week 1,Base 3 -week 2,Base 3 -week 4,Base 3 -week 1,Base 3 -week 2,Base 3 -week 4,Base 3 -week 1,Base 3 -week 2,Base 3 -week 4,Build 2 -week 1,Build 2 -week 2,Build 2 -week 4,Build 2 -week 1,Build 2 -week 2,Build 2 -week 4,Build 4a,Build 4b,Build 4d,NULL,NULL,NULL,NULL,NULL,NULL,NULL,NULL,NULL,NULL,NULL,NULL,NULL,NULL,NULL,NULL,NULL,NULL,NULL,NULL,NULL,NULL,NULL,NULL,NULL,NULL,NULL
B1-B2,W,Over40,22.0,Base 2 -week 4,Base 2 -week 1,Base 2 -week 2,Base 2 -week 4,Base 3 -week 1,Base 3 -week 2,Base 3 -week 4,Base 3 -week 1,Base 3 -week 2,Base 3 -week 4,Base 3 -week 1,Base 3 -week 2,Base 3 -week 4,Build 2 -week 1,Build 2 -week 2,Build 2 -week 4,Build 2 -week 1,Build 2 -week 2,Build 2 -week 4,Build 4a,Build 4b,Build 4d,NULL,NULL,NULL,NULL,NULL,NULL,NULL,NULL,NULL,NULL,NULL,NULL,NULL,NULL,NULL,NULL,NULL,NULL,NULL,NULL,NULL,NULL,NULL,NULL,NULL,NULL
B1-B2,W,Over40,23.0,Base 2 -week 2,Base 2 -week 4,Base 2 -week 1,Base 2 -week 2,Base 2 -week 4,Base 3 -week 1,Base 3 -week 2,Base 3 -week 4,Base 3 -week 1,Base 3 -week 2,Base 3 -week 4,Base 3 -week 1,Base 3 -week 2,Base 3 -week 4,Build 2 -week 1,Build 2 -week 2,Build 2 -week 4,Build 2 -week 1,Build 2 -week 2,Build 2 -week 4,Build 4a,Build 4b,Build 4d,NULL,NULL,NULL,NULL,NULL,NULL,NULL,NULL,NULL,NULL,NULL,NULL,NULL,NULL,NULL,NULL,NULL,NULL,NULL,NULL,NULL,NULL,NULL,NULL,NULL
B1-B2,W,Over40,24.0,Base 2 -week 1,Base 2 -week 2,Base 2 -week 4,Base 3 -week 1,Base 3 -week 2,Base 3 -week 4,Base 3 -week 1,Base 3 -week 2,Base 3 -week 4,Base 3 -week 1,Base 3 -week 2,Base 3 -week 4,Base 3 -week 1,Base 3 -week 2,Base 3 -week 4,Build 2 -week 1,Build 2 -week 2,Build 2 -week 4,Build 2 -week 1,Build 2 -week 2,Build 2 -week 4,Build 4a,Build 4b,Build 4d,NULL,NULL,NULL,NULL,NULL,NULL,NULL,NULL,NULL,NULL,NULL,NULL,NULL,NULL,NULL,NULL,NULL,NULL,NULL,NULL,NULL,NULL,NULL,NULL
B1-B2,W,Over40,25.0,Base 2 -week 4,Base 2 -week 1,Base 2 -week 2,Base 2 -week 4,Base 3 -week 1,Base 3 -week 2,Base 3 -week 4,Base 3 -week 1,Base 3 -week 2,Base 3 -week 4,Base 3 -week 1,Base 3 -week 2,Base 3 -week 4,Base 3 -week 1,Base 3 -week 2,Base 3 -week 4,Build 2 -week 1,Build 2 -week 2,Build 2 -week 4,Build 2 -week 1,Build 2 -week 2,Build 2 -week 4,Build 4a,Build 4b,Build 4d,NULL,NULL,NULL,NULL,NULL,NULL,NULL,NULL,NULL,NULL,NULL,NULL,NULL,NULL,NULL,NULL,NULL,NULL,NULL,NULL,NULL,NULL,NULL
B1-B2,W,Over40,26.0,Base 2 -week 2,Base 2 -week 4,Base 2 -week 1,Base 2 -week 2,Base 2 -week 4,Base 3 -week 1,Base 3 -week 2,Base 3 -week 4,Base 3 -week 1,Base 3 -week 2,Base 3 -week 4,Base 3 -week 1,Base 3 -week 2,Base 3 -week 4,Base 3 -week 1,Base 3 -week 2,Base 3 -week 4,Build 2 -week 1,Build 2 -week 2,Build 2 -week 4,Build 2 -week 1,Build 2 -week 2,Build 2 -week 4,Build 4a,Build 4b,Build 4d,NULL,NULL,NULL,NULL,NULL,NULL,NULL,NULL,NULL,NULL,NULL,NULL,NULL,NULL,NULL,NULL,NULL,NULL,NULL,NULL,NULL,NULL
B1-B2,W,Over40,27.0,Base 2 -week 1,Base 2 -week 2,Base 2 -week 4,Base 2 -week 1,Base 2 -week 2,Base 2 -week 4,Base 3 -week 1,Base 3 -week 2,Base 3 -week 4,Base 3 -week 1,Base 3 -week 2,Base 3 -week 4,Base 3 -week 1,Base 3 -week 2,Base 3 -week 4,Base 3 -week 1,Base 3 -week 2,Base 3 -week 4,Build 2 -week 1,Build 2 -week 2,Build 2 -week 4,Build 2 -week 1,Build 2 -week 2,Build 2 -week 4,Build 4a,Build 4b,Build 4d,NULL,NULL,NULL,NULL,NULL,NULL,NULL,NULL,NULL,NULL,NULL,NULL,NULL,NULL,NULL,NULL,NULL,NULL,NULL,NULL,NULL
B1-B2,W,Over40,28.0,Base 1 -week 4,Base 2 -week 1,Base 2 -week 2,Base 2 -week 4,Base 2 -week 1,Base 2 -week 2,Base 2 -week 4,Base 3 -week 1,Base 3 -week 2,Base 3 -week 4,Base 3 -week 1,Base 3 -week 2,Base 3 -week 4,Base 3 -week 1,Base 3 -week 2,Base 3 -week 4,Base 3 -week 1,Base 3 -week 2,Base 3 -week 4,Build 2 -week 1,Build 2 -week 2,Build 2 -week 4,Build 2 -week 1,Build 2 -week 2,Build 2 -week 4,Build 4a,Build 4b,Build 4d,NULL,NULL,NULL,NULL,NULL,NULL,NULL,NULL,NULL,NULL,NULL,NULL,NULL,NULL,NULL,NULL,NULL,NULL,NULL,NULL
B1-B2,W,Over40,29.0,Base 1 -week 2,Base 1 -week 4,Base 2 -week 1,Base 2 -week 2,Base 2 -week 4,Base 2 -week 1,Base 2 -week 2,Base 2 -week 4,Base 3 -week 1,Base 3 -week 2,Base 3 -week 4,Base 3 -week 1,Base 3 -week 2,Base 3 -week 4,Base 3 -week 1,Base 3 -week 2,Base 3 -week 4,Base 3 -week 1,Base 3 -week 2,Base 3 -week 4,Build 2 -week 1,Build 2 -week 2,Build 2 -week 4,Build 2 -week 1,Build 2 -week 2,Build 2 -week 4,Build 4a,Build 4b,Build 4d,NULL,NULL,NULL,NULL,NULL,NULL,NULL,NULL,NULL,NULL,NULL,NULL,NULL,NULL,NULL,NULL,NULL,NULL,NULL
A-B,S,Over40,11.0,Transition,Base 3 -week 4,Build 1 -week 1,Build 1 -week 2,Build 1 -week 4,Build 2 -week 1,Build 2 -week 2,Build 2 -week 4,Build 2 -week 1,Build 2 -week 2,Build 2 -week 4,NULL,NULL,NULL,NULL,NULL,NULL,NULL,NULL,NULL,NULL,NULL,NULL,NULL,NULL,NULL,NULL,NULL,NULL,NULL,NULL,NULL,NULL,NULL,NULL,NULL,NULL,NULL,NULL,NULL,NULL,NULL,NULL,NULL,NULL,NULL,NULL,NULL
A-B,S,Over40,1.0,Build 2 -week 4,NULL,NULL,NULL,NULL,NULL,NULL,NULL,NULL,NULL,NULL,NULL,NULL,NULL,NULL,NULL,NULL,NULL,NULL,NULL,NULL,NULL,NULL,NULL,NULL,NULL,NULL,NULL,NULL,NULL,NULL,NULL,NULL,NULL,NULL,NULL,NULL,NULL,NULL,NULL,NULL,NULL,NULL,NULL,NULL,NULL,NULL,NULL
A-B,S,Over40,4.0,Build 2 -week 4,Build 2 -week 1,Build 2 -week 2,Build 2 -week 4,NULL,NULL,NULL,NULL,NULL,NULL,NULL,NULL,NULL,NULL,NULL,NULL,NULL,NULL,NULL,NULL,NULL,NULL,NULL,NULL,NULL,NULL,NULL,NULL,NULL,NULL,NULL,NULL,NULL,NULL,NULL,NULL,NULL,NULL,NULL,NULL,NULL,NULL,NULL,NULL,NULL,NULL,NULL,NULL
A-B,S,Over40,8.0,Build 1 -week 2,Build 1 -week 4,Build 2 -week 1,Build 2 -week 2,Build 2 -week 4,Build 2 -week 1,Build 2 -week 2,Build 2 -week 4,NULL,NULL,NULL,NULL,NULL,NULL,NULL,NULL,NULL,NULL,NULL,NULL,NULL,NULL,NULL,NULL,NULL,NULL,NULL,NULL,NULL,NULL,NULL,NULL,NULL,NULL,NULL,NULL,NULL,NULL,NULL,NULL,NULL,NULL,NULL,NULL,NULL,NULL,NULL,NULL
B1-B2,W,Over40,30.0,Base 1 -week 1,Base 1 -week 2,Base 1 -week 4,Base 2 -week 1,Base 2 -week 2,Base 2 -week 4,Base 2 -week 1,Base 2 -week 2,Base 2 -week 4,Base 3 -week 1,Base 3 -week 2,Base 3 -week 4,Base 3 -week 1,Base 3 -week 2,Base 3 -week 4,Base 3 -week 1,Base 3 -week 2,Base 3 -week 4,Base 3 -week 1,Base 3 -week 2,Base 3 -week 4,Build 2 -week 1,Build 2 -week 2,Build 2 -week 4,Build 2 -week 1,Build 2 -week 2,Build 2 -week 4,Build 4a,Build 4b,Build 4d,NULL,NULL,NULL,NULL,NULL,NULL,NULL,NULL,NULL,NULL,NULL,NULL,NULL,NULL,NULL,NULL,NULL,NULL
B1-B2,W,Over40,31.0,Base 1 -week 4,Base 1 -week 1,Base 1 -week 2,Base 1 -week 4,Base 2 -week 1,Base 2 -week 2,Base 2 -week 4,Base 2 -week 1,Base 2 -week 2,Base 2 -week 4,Base 3 -week 1,Base 3 -week 2,Base 3 -week 4,Base 3 -week 1,Base 3 -week 2,Base 3 -week 4,Base 3 -week 1,Base 3 -week 2,Base 3 -week 4,Base 3 -week 1,Base 3 -week 2,Base 3 -week 4,Build 2 -week 1,Build 2 -week 2,Build 2 -week 4,Build 2 -week 1,Build 2 -week 2,Build 2 -week 4,Build 4a,Build 4b,Build 4d,NULL,NULL,NULL,NULL,NULL,NULL,NULL,NULL,NULL,NULL,NULL,NULL,NULL,NULL,NULL,NULL,NULL
B1-B2,W,Over40,32.0,Base 1 -week 2,Base 1 -week 4,Base 1 -week 1,Base 1 -week 2,Base 1 -week 4,Base 2 -week 1,Base 2 -week 2,Base 2 -week 4,Base 2 -week 1,Base 2 -week 2,Base 2 -week 4,Base 3 -week 1,Base 3 -week 2,Base 3 -week 4,Base 3 -week 1,Base 3 -week 2,Base 3 -week 4,Base 3 -week 1,Base 3 -week 2,Base 3 -week 4,Base 3 -week 1,Base 3 -week 2,Base 3 -week 4,Build 1 -week 1,Build 1 -week 2,Build 1 -week 4,Build 2 -week 1,Build 2 -week 2,Build 2 -week 4,Build 2 -week 1,Build 2 -week 2,Build 2 -week 4,NULL,NULL,NULL,NULL,NULL,NULL,NULL,NULL,NULL,NULL,NULL,NULL,NULL,NULL,NULL,NULL
B1-B2,S,Under40,12.0,Base 3 -week 1,Base 3 -week 2,Base 3 -week 3,Base 3 -week 4,Build 1 -week 1,Build 1 -week 2,Build 1 -week 3,Build 1 -week 4,Build 2 -week 1,Build 2 -week 2,Build 2 -week 3,Build 2 -week 4,NULL,NULL,NULL,NULL,NULL,NULL,NULL,NULL,NULL,NULL,NULL,NULL,NULL,NULL,NULL,NULL,NULL,NULL,NULL,NULL,NULL,NULL,NULL,NULL,NULL,NULL,NULL,NULL,NULL,NULL,NULL,NULL,NULL,NULL,NULL,NULL
B1-B2,S,Under40,13.0,Build 1 -week 2,Build 1 -week 4,Base 3 -week 2,Base 3 -week 3,Base 3 -week 4,Build 1 -week 1,Build 1 -week 2,Build 1 -week 3,Build 1 -week 4,Build 2 -week 1,Build 2 -week 2,Build 2 -week 3,Build 2 -week 4,NULL,NULL,NULL,NULL,NULL,NULL,NULL,NULL,NULL,NULL,NULL,NULL,NULL,NULL,NULL,NULL,NULL,NULL,NULL,NULL,NULL,NULL,NULL,NULL,NULL,NULL,NULL,NULL,NULL,NULL,NULL,NULL,NULL,NULL,NULL
B1-B2,S,Under40,14.0,Build 1 -week 1,Build 1 -week 2,Build 1 -week 4,Base 3 -week 2,Base 3 -week 3,Base 3 -week 4,Build 1 -week 1,Build 1 -week 2,Build 1 -week 3,Build 1 -week 4,Build 2 -week 1,Build 2 -week 2,Build 2 -week 3,Build 2 -week 4,NULL,NULL,NULL,NULL,NULL,NULL,NULL,NULL,NULL,NULL,NULL,NULL,NULL,NULL,NULL,NULL,NULL,NULL,NULL,NULL,NULL,NULL,NULL,NULL,NULL,NULL,NULL,NULL,NULL,NULL,NULL,NULL,NULL,NULL
B1-B2,S,Under40,15.0,Base 3 -week 4,Build 1 -week 1,Build 1 -week 2,Build 1 -week 4,Base 3 -week 2,Base 3 -week 3,Base 3 -week 4,Build 1 -week 1,Build 1 -week 2,Build 1 -week 3,Build 1 -week 4,Build 2 -week 1,Build 2 -week 2,Build 2 -week 3,Build 2 -week 4,NULL,NULL,NULL,NULL,NULL,NULL,NULL,NULL,NULL,NULL,NULL,NULL,NULL,NULL,NULL,NULL,NULL,NULL,NULL,NULL,NULL,NULL,NULL,NULL,NULL,NULL,NULL,NULL,NULL,NULL,NULL,NULL,NULL
B1-B2,S,Under40,16.0,Base 3 -week 3,Base 3 -week 4,Build 1 -week 1,Build 1 -week 2,Build 1 -week 4,Base 3 -week 2,Base 3 -week 3,Base 3 -week 4,Build 1 -week 1,Build 1 -week 2,Build 1 -week 3,Build 1 -week 4,Build 2 -week 1,Build 2 -week 2,Build 2 -week 3,Build 2 -week 4,NULL,NULL,NULL,NULL,NULL,NULL,NULL,NULL,NULL,NULL,NULL,NULL,NULL,NULL,NULL,NULL,NULL,NULL,NULL,NULL,NULL,NULL,NULL,NULL,NULL,NULL,NULL,NULL,NULL,NULL,NULL,NULL
B1-B2,S,Under40,17.0,Base 3 -week 2,Base 3 -week 3,Base 3 -week 4,Build 1 -week 1,Build 1 -week 2,Build 1 -week 4,Base 3 -week 2,Base 3 -week 3,Base 3 -week 4,Build 1 -week 1,Build 1 -week 2,Build 1 -week 3,Build 1 -week 4,Build 2 -week 1,Build 2 -week 2,Build 2 -week 3,Build 2 -week 4,NULL,NULL,NULL,NULL,NULL,NULL,NULL,NULL,NULL,NULL,NULL,NULL,NULL,NULL,NULL,NULL,NULL,NULL,NULL,NULL,NULL,NULL,NULL,NULL,NULL,NULL,NULL,NULL,NULL,NULL,NULL
B1-B2,S,Under40,18.0,Base 3 -week 2,Base 3 -week 3,Base 3 -week 4,Build 1 -week 1,Build 1 -week 2,Build 1 -week 4,Base 3 -week 1,Base 3 -week 2,Base 3 -week 3,Base 3 -week 4,Build 1 -week 1,Build 1 -week 2,Build 1 -week 3,Build 1 -week 4,Build 2 -week 1,Build 2 -week 2,Build 2 -week 3,Build 2 -week 4,NULL,NULL,NULL,NULL,NULL,NULL,NULL,NULL,NULL,NULL,NULL,NULL,NULL,NULL,NULL,NULL,NULL,NULL,NULL,NULL,NULL,NULL,NULL,NULL,NULL,NULL,NULL,NULL,NULL,NULL
A-B,S,Over40,2.0,Build 2 -week 2,Build 2 -week 4,NULL,NULL,NULL,NULL,NULL,NULL,NULL,NULL,NULL,NULL,NULL,NULL,NULL,NULL,NULL,NULL,NULL,NULL,NULL,NULL,NULL,NULL,NULL,NULL,NULL,NULL,NULL,NULL,NULL,NULL,NULL,NULL,NULL,NULL,NULL,NULL,NULL,NULL,NULL,NULL,NULL,NULL,NULL,NULL,NULL,NULL
A-B,S,Over40,9.0,Transition,Build 1 -week 2,Build 1 -week 4,Build 2 -week 1,Build 2 -week 2,Build 2 -week 4,Build 2 -week 1,Build 2 -week 2,Build 2 -week 4,NULL,NULL,NULL,NULL,NULL,NULL,NULL,NULL,NULL,NULL,NULL,NULL,NULL,NULL,NULL,NULL,NULL,NULL,NULL,NULL,NULL,NULL,NULL,NULL,NULL,NULL,NULL,NULL,NULL,NULL,NULL,NULL,NULL,NULL,NULL,NULL,NULL,NULL,NULL
A-B,W,Over40,1.0,Base 3 -week 4,NULL,NULL,NULL,NULL,NULL,NULL,NULL,NULL,NULL,NULL,NULL,NULL,NULL,NULL,NULL,NULL,NULL,NULL,NULL,NULL,NULL,NULL,NULL,NULL,NULL,NULL,NULL,NULL,NULL,NULL,NULL,NULL,NULL,NULL,NULL,NULL,NULL,NULL,NULL,NULL,NULL,NULL,NULL,NULL,NULL,NULL,NULL
A-B,W,Over40,5.0,Base 1 -week 2,Base 2 -week 4,Base 3 -week 1,Base 3 -week 2,Base 3 -week 4,NULL,NULL,NULL,NULL,NULL,NULL,NULL,NULL,NULL,NULL,NULL,NULL,NULL,NULL,NULL,NULL,NULL,NULL,NULL,NULL,NULL,NULL,NULL,NULL,NULL,NULL,NULL,NULL,NULL,NULL,NULL,NULL,NULL,NULL,NULL,NULL,NULL,NULL,NULL,NULL,NULL,NULL,NULL
A-B,W,Over40,6.0,Transition,Base 3 -week 1,Base 3 -week 2,Base 3 -week 4,Base 3 -week 1,Base 3 -week 4,NULL,NULL,NULL,NULL,NULL,NULL,NULL,NULL,NULL,NULL,NULL,NULL,NULL,NULL,NULL,NULL,NULL,NULL,NULL,NULL,NULL,NULL,NULL,NULL,NULL,NULL,NULL,NULL,NULL,NULL,NULL,NULL,NULL,NULL,NULL,NULL,NULL,NULL,NULL,NULL,NULL,NULL
A-B,W,Over40,7.0,Base 3 -week 4,Base 3 -week 1,Base 3 -week 2,Base 3 -week 4,Base 3 -week 1,Base 3 -week 2,Base 3 -week 4,NULL,NULL,NULL,NULL,NULL,NULL,NULL,NULL,NULL,NULL,NULL,NULL,NULL,NULL,NULL,NULL,NULL,NULL,NULL,NULL,NULL,NULL,NULL,NULL,NULL,NULL,NULL,NULL,NULL,NULL,NULL,NULL,NULL,NULL,NULL,NULL,NULL,NULL,NULL,NULL,NULL
B1-B2,S,Under40,19.0,Base 3 -week 1,Base 3 -week 2,Base 3 -week 3,Base 3 -week 4,Build 1 -week 1,Build 1 -week 2,Build 1 -week 4,Base 3 -week 1,Base 3 -week 2,Base 3 -week 3,Base 3 -week 4,Build 1 -week 1,Build 1 -week 2,Build 1 -week 3,Build 1 -week 4,Build 2 -week 1,Build 2 -week 2,Build 2 -week 3,Build 2 -week 4,NULL,NULL,NULL,NULL,NULL,NULL,NULL,NULL,NULL,NULL,NULL,NULL,NULL,NULL,NULL,NULL,NULL,NULL,NULL,NULL,NULL,NULL,NULL,NULL,NULL,NULL,NULL,NULL,NULL
B1-B2,S,Under40,20.0,Build 1 -week 1,Build 1 -week 2,Build 1 -week 4,Base 3 -week 2,Base 3 -week 3,Base 3 -week 4,Build 1 -week 1,Build 1 -week 2,Build 1 -week 4,Base 3 -week 2,Base 3 -week 3,Base 3 -week 4,Build 1 -week 1,Build 1 -week 2,Build 1 -week 3,Build 1 -week 4,Build 2 -week 1,Build 2 -week 2,Build 2 -week 3,Build 2 -week 4,NULL,NULL,NULL,NULL,NULL,NULL,NULL,NULL,NULL,NULL,NULL,NULL,NULL,NULL,NULL,NULL,NULL,NULL,NULL,NULL,NULL,NULL,NULL,NULL,NULL,NULL,NULL,NULL
B1-B2,S,Under40,21.0,Build 1 -week 1,Build 1 -week 2,Build 1 -week 4,Base 3 -week 1,Base 3 -week 2,Base 3 -week 3,Base 3 -week 4,Build 1 -week 1,Build 1 -week 2,Build 1 -week 4,Base 3 -week 2,Base 3 -week 3,Base 3 -week 4,Build 1 -week 1,Build 1 -week 2,Build 1 -week 3,Build 1 -week 4,Build 2 -week 1,Build 2 -week 2,Build 2 -week 3,Build 2 -week 4,NULL,NULL,NULL,NULL,NULL,NULL,NULL,NULL,NULL,NULL,NULL,NULL,NULL,NULL,NULL,NULL,NULL,NULL,NULL,NULL,NULL,NULL,NULL,NULL,NULL,NULL,NULL
B1-B2,S,Under40,22.0,Build 1 -week 1,Build 1 -week 2,Build 1 -week 4,Base 3 -week 1,Base 3 -week 2,Base 3 -week 3,Base 3 -week 4,Build 1 -week 1,Build 1 -week 2,Build 1 -week 4,Base 3 -week 1,Base 3 -week 2,Base 3 -week 3,Base 3 -week 4,Build 1 -week 1,Build 1 -week 2,Build 1 -week 3,Build 1 -week 4,Build 2 -week 1,Build 2 -week 2,Build 2 -week 3,Build 2 -week 4,NULL,NULL,NULL,NULL,NULL,NULL,NULL,NULL,NULL,NULL,NULL,NULL,NULL,NULL,NULL,NULL,NULL,NULL,NULL,NULL,NULL,NULL,NULL,NULL,NULL,NULL
B1-B2,S,Under40,23.0,Build 1 -week 1,Build 1 -week 2,Build 1 -week 4,Base 3 -week 1,Base 3 -week 2,Base 3 -week 3,Base 3 -week 4,Build 1 -week 1,Build 1 -week 2,Build 1 -week 3,Build 1 -week 4,Base 3 -week 1,Base 3 -week 2,Base 3 -week 3,Base 3 -week 4,Build 1 -week 1,Build 1 -week 2,Build 1 -week 3,Build 1 -week 4,Build 2 -week 1,Build 2 -week 2,Build 2 -week 3,Build 2 -week 4,NULL,NULL,NULL,NULL,NULL,NULL,NULL,NULL,NULL,NULL,NULL,NULL,NULL,NULL,NULL,NULL,NULL,NULL,NULL,NULL,NULL,NULL,NULL,NULL,NULL
B1-B2,S,Under40,24.0,Base 2 -week 2,Base 2 -week 3,Base 2 -week 4,Build 1 -week 1,Build 1 -week 2,Build 1 -week 4,Base 3 -week 1,Base 3 -week 2,Base 3 -week 3,Base 3 -week 4,Build 1 -week 1,Build 1 -week 2,Build 1 -week 4,Base 3 -week 1,Base 3 -week 2,Base 3 -week 4,Build 1 -week 1,Build 1 -week 2,Build 1 -week 3,Build 1 -week 4,Build 2 -week 1,Build 2 -week 2,Build 2 -week 3,Build 2 -week 4,NULL,NULL,NULL,NULL,NULL,NULL,NULL,NULL,NULL,NULL,NULL,NULL,NULL,NULL,NULL,NULL,NULL,NULL,NULL,NULL,NULL,NULL,NULL,NULL
B1-B2,S,Under40,25.0,Base 2 -week 2,Base 2 -week 3,Base 2 -week 4,Build 1 -week 1,Build 1 -week 2,Build 1 -week 4,Base 3 -week 1,Base 3 -week 2,Base 3 -week 3,Base 3 -week 4,Build 1 -week 1,Build 1 -week 2,Build 1 -week 3,Build 1 -week 4,Base 3 -week 1,Base 3 -week 2,Base 3 -week 4,Build 1 -week 1,Build 1 -week 2,Build 1 -week 3,Build 1 -week 4,Build 2 -week 1,Build 2 -week 2,Build 2 -week 3,Build 2 -week 4,NULL,NULL,NULL,NULL,NULL,NULL,NULL,NULL,NULL,NULL,NULL,NULL,NULL,NULL,NULL,NULL,NULL,NULL,NULL,NULL,NULL,NULL,NULL
B1-B2,S,Under40,26.0,Base 2 -week 1,Base 2 -week 2,Base 2 -week 3,Base 2 -week 4,Build 1 -week 1,Build 1 -week 2,Build 1 -week 4,Base 3 -week 1,Base 3 -week 2,Base 3 -week 3,Base 3 -week 4,Build 1 -week 1,Build 1 -week 2,Build 1 -week 3,Build 1 -week 4,Base 3 -week 1,Base 3 -week 2,Base 3 -week 4,Build 1 -week 1,Build 1 -week 2,Build 1 -week 3,Build 1 -week 4,Build 2 -week 1,Build 2 -week 2,Build 2 -week 3,Build 2 -week 4,NULL,NULL,NULL,NULL,NULL,NULL,NULL,NULL,NULL,NULL,NULL,NULL,NULL,NULL,NULL,NULL,NULL,NULL,NULL,NULL,NULL,NULL
B1-B2,S,Under40,27.0,Base 2 -week 1,Base 2 -week 2,Base 2 -week 3,Base 2 -week 4,Build 1 -week 1,Build 1 -week 2,Build 1 -week 3,Build 1 -week 4,Base 3 -week 1,Base 3 -week 2,Base 3 -week 3,Base 3 -week 4,Build 1 -week 1,Build 1 -week 2,Build 1 -week 3,Build 1 -week 4,Base 3 -week 1,Base 3 -week 2,Base 3 -week 4,Build 1 -week 1,Build 1 -week 2,Build 1 -week 3,Build 1 -week 4,Build 2 -week 1,Build 2 -week 2,Build 2 -week 3,Build 2 -week 4,NULL,NULL,NULL,NULL,NULL,NULL,NULL,NULL,NULL,NULL,NULL,NULL,NULL,NULL,NULL,NULL,NULL,NULL,NULL,NULL,NULL
A-B,S,Over40,3.0,Build 2 -week 1,Build 2 -week 2,Build 2 -week 4,NULL,NULL,NULL,NULL,NULL,NULL,NULL,NULL,NULL,NULL,NULL,NULL,NULL,NULL,NULL,NULL,NULL,NULL,NULL,NULL,NULL,NULL,NULL,NULL,NULL,NULL,NULL,NULL,NULL,NULL,NULL,NULL,NULL,NULL,NULL,NULL,NULL,NULL,NULL,NULL,NULL,NULL,NULL,NULL,NULL
A-B,S,Over40,5.0,Build 2 -week 1,Build 2 -week 2,Build 2 -week 4,Build 2 -week 1,Build 2 -week 4,NULL,NULL,NULL,NULL,NULL,NULL,NULL,NULL,NULL,NULL,NULL,NULL,NULL,NULL,NULL,NULL,NULL,NULL,NULL,NULL,NULL,NULL,NULL,NULL,NULL,NULL,NULL,NULL,NULL,NULL,NULL,NULL,NULL,NULL,NULL,NULL,NULL,NULL,NULL,NULL,NULL,NULL,NULL
A-B,S,Over40,6.0,Build 2 -week 1,Build 2 -week 2,Build 2 -week 4,Build 2 -week 1,Build 2 -week 2,Build 2 -week 4,NULL,NULL,NULL,NULL,NULL,NULL,NULL,NULL,NULL,NULL,NULL,NULL,NULL,NULL,NULL,NULL,NULL,NULL,NULL,NULL,NULL,NULL,NULL,NULL,NULL,NULL,NULL,NULL,NULL,NULL,NULL,NULL,NULL,NULL,NULL,NULL,NULL,NULL,NULL,NULL,NULL,NULL
A-B,W,Over40,2.0,Base 3 -week 1,Base 3 -week 4,NULL,NULL,NULL,NULL,NULL,NULL,NULL,NULL,NULL,NULL,NULL,NULL,NULL,NULL,NULL,NULL,NULL,NULL,NULL,NULL,NULL,NULL,NULL,NULL,NULL,NULL,NULL,NULL,NULL,NULL,NULL,NULL,NULL,NULL,NULL,NULL,NULL,NULL,NULL,NULL,NULL,NULL,NULL,NULL,NULL,NULL
A-B,W,Over40,3.0,Base 3 -week 1,Base 3 -week 2,Base 3 -week 4,NULL,NULL,NULL,NULL,NULL,NULL,NULL,NULL,NULL,NULL,NULL,NULL,NULL,NULL,NULL,NULL,NULL,NULL,NULL,NULL,NULL,NULL,NULL,NULL,NULL,NULL,NULL,NULL,NULL,NULL,NULL,NULL,NULL,NULL,NULL,NULL,NULL,NULL,NULL,NULL,NULL,NULL,NULL,NULL,NULL
B1-B2,S,Under40,28.0,Base 2 -week 4,Base 2 -week 1,Base 2 -week 2,Base 2 -week 3,Base 2 -week 4,Build 1 -week 1,Build 1 -week 2,Build 1 -week 3,Build 1 -week 4,Base 3 -week 1,Base 3 -week 2,Base 3 -week 3,Base 3 -week 4,Build 1 -week 1,Build 1 -week 2,Build 1 -week 3,Build 1 -week 4,Base 3 -week 1,Base 3 -week 2,Base 3 -week 4,Build 1 -week 1,Build 1 -week 2,Build 1 -week 3,Build 1 -week 4,Build 2 -week 1,Build 2 -week 2,Build 2 -week 3,Build 2 -week 4,NULL,NULL,NULL,NULL,NULL,NULL,NULL,NULL,NULL,NULL,NULL,NULL,NULL,NULL,NULL,NULL,NULL,NULL,NULL,NULL
B1-B2,S,Under40,29.0,Base 2 -week 3,Base 2 -week 4,Base 2 -week 1,Base 2 -week 2,Base 2 -week 3,Base 2 -week 4,Build 1 -week 1,Build 1 -week 2,Build 1 -week 3,Build 1 -week 4,Base 3 -week 1,Base 3 -week 2,Base 3 -week 3,Base 3 -week 4,Build 1 -week 1,Build 1 -week 2,Build 1 -week 3,Build 1 -week 4,Base 3 -week 1,Base 3 -week 2,Base 3 -week 4,Build 1 -week 1,Build 1 -week 2,Build 1 -week 3,Build 1 -week 4,Build 2 -week 1,Build 2 -week 2,Build 2 -week 3,Build 2 -week 4,NULL,NULL,NULL,NULL,NULL,NULL,NULL,NULL,NULL,NULL,NULL,NULL,NULL,NULL,NULL,NULL,NULL,NULL,NULL
B1-B2,S,Under40,30.0,Base 2 -week 2,Base 2 -week 3,Base 2 -week 4,Base 2 -week 1,Base 2 -week 2,Base 2 -week 3,Base 2 -week 4,Build 1 -week 1,Build 1 -week 2,Build 1 -week 3,Build 1 -week 4,Base 3 -week 1,Base 3 -week 2,Base 3 -week 3,Base 3 -week 4,Build 1 -week 1,Build 1 -week 2,Build 1 -week 3,Build 1 -week 4,Base 3 -week 1,Base 3 -week 2,Base 3 -week 4,Build 1 -week 1,Build 1 -week 2,Build 1 -week 3,Build 1 -week 4,Build 2 -week 1,Build 2 -week 2,Build 2 -week 3,Build 2 -week 4,NULL,NULL,NULL,NULL,NULL,NULL,NULL,NULL,NULL,NULL,NULL,NULL,NULL,NULL,NULL,NULL,NULL,NULL
B1-B2,S,Under40,31.0,Base 2 -week 1,Base 2 -week 2,Base 2 -week 3,Base 2 -week 4,Base 2 -week 1,Base 2 -week 2,Base 2 -week 3,Base 2 -week 4,Build 1 -week 1,Build 1 -week 2,Build 1 -week 3,Build 1 -week 4,Base 3 -week 1,Base 3 -week 2,Base 3 -week 3,Base 3 -week 4,Build 1 -week 1,Build 1 -week 2,Build 1 -week 3,Build 1 -week 4,Base 3 -week 1,Base 3 -week 2,Base 3 -week 4,Build 1 -week 1,Build 1 -week 2,Build 1 -week 3,Build 1 -week 4,Build 2 -week 1,Build 2 -week 2,Build 2 -week 3,Build 2 -week 4,NULL,NULL,NULL,NULL,NULL,NULL,NULL,NULL,NULL,NULL,NULL,NULL,NULL,NULL,NULL,NULL,NULL
B1-B2,S,Under40,32.0,Base 2 -week 4,Base 2 -week 1,Base 2 -week 2,Base 2 -week 3,Base 2 -week 4,Base 2 -week 1,Base 2 -week 2,Base 2 -week 3,Base 2 -week 4,Build 1 -week 1,Build 1 -week 2,Build 1 -week 3,Build 1 -week 4,Base 3 -week 1,Base 3 -week 2,Base 3 -week 3,Base 3 -week 4,Build 1 -week 1,Build 1 -week 2,Build 1 -week 3,Build 1 -week 4,Base 3 -week 1,Base 3 -week 2,Base 3 -week 4,Build 1 -week 1,Build 1 -week 2,Build 1 -week 3,Build 1 -week 4,Build 2 -week 1,Build 2 -week 2,Build 2 -week 3,Build 2 -week 4,NULL,NULL,NULL,NULL,NULL,NULL,NULL,NULL,NULL,NULL,NULL,NULL,NULL,NULL,NULL,NULL
B1-B2,W,Under40,12.0,Base 2 -week 1,Base 2 -week 2,Base 2 -week 3,Base 2 -week 4,Base 3 -week 1,Base 3 -week 2,Base 3 -week 3,Base 3 -week 4,Build 1 -week 1,Build 1 -week 2,Build 1 -week 3,Build 1 -week 4,NULL,NULL,NULL,NULL,NULL,NULL,NULL,NULL,NULL,NULL,NULL,NULL,NULL,NULL,NULL,NULL,NULL,NULL,NULL,NULL,NULL,NULL,NULL,NULL,NULL,NULL,NULL,NULL,NULL,NULL,NULL,NULL,NULL,NULL,NULL,NULL
B1-B2,W,Under40,13.0,Base 2 -week 4,Base 2 -week 1,Base 2 -week 2,Base 2 -week 3,Base 2 -week 4,Base 3 -week 1,Base 3 -week 2,Base 3 -week 3,Base 3 -week 4,Build 1 -week 1,Build 1 -week 2,Build 1 -week 3,Build 1 -week 4,NULL,NULL,NULL,NULL,NULL,NULL,NULL,NULL,NULL,NULL,NULL,NULL,NULL,NULL,NULL,NULL,NULL,NULL,NULL,NULL,NULL,NULL,NULL,NULL,NULL,NULL,NULL,NULL,NULL,NULL,NULL,NULL,NULL,NULL,NULL
B1-B2,W,Under40,14.0,Base 2 -week 1,Base 2 -week 2,Base 2 -week 3,Base 2 -week 4,Base 3 -week 1,Base 3 -week 2,Base 3 -week 3,Base 3 -week 4,Build 1 -week 1,Build 1 -week 2,Build 1 -week 3,Build 1 -week 4,Build 2 -week 1,Build 2 -week 4,NULL,NULL,NULL,NULL,NULL,NULL,NULL,NULL,NULL,NULL,NULL,NULL,NULL,NULL,NULL,NULL,NULL,NULL,NULL,NULL,NULL,NULL,NULL,NULL,NULL,NULL,NULL,NULL,NULL,NULL,NULL,NULL,NULL,NULL
B1-B2,W,Under40,15.0,Base 2 -week 1,Base 2 -week 2,Base 2 -week 3,Base 2 -week 4,Base 3 -week 1,Base 3 -week 2,Base 3 -week 3,Base 3 -week 4,Build 1 -week 1,Build 1 -week 2,Build 1 -week 3,Build 1 -week 4,Build 2 -week 1,Build 2 -week 2,Build 2 -week 4,NULL,NULL,NULL,NULL,NULL,NULL,NULL,NULL,NULL,NULL,NULL,NULL,NULL,NULL,NULL,NULL,NULL,NULL,NULL,NULL,NULL,NULL,NULL,NULL,NULL,NULL,NULL,NULL,NULL,NULL,NULL,NULL,NULL
A-B,W,Over40,8.0,Transition,Base 3 -week 4,Base 3 -week 1,Base 3 -week 2,Base 3 -week 4,Base 3 -week 1,Base 3 -week 2,Base 3 -week 4,NULL,NULL,NULL,NULL,NULL,NULL,NULL,NULL,NULL,NULL,NULL,NULL,NULL,NULL,NULL,NULL,NULL,NULL,NULL,NULL,NULL,NULL,NULL,NULL,NULL,NULL,NULL,NULL,NULL,NULL,NULL,NULL,NULL,NULL,NULL,NULL,NULL,NULL,NULL,NULL
A-B,S,Under40,6.0,Build 1 -week 2,Build 1 -week 3,Build 1 -week 4,Build 2 -week 2,Build 2 -week 3,Build 2 -week 4,NULL,NULL,NULL,NULL,NULL,NULL,NULL,NULL,NULL,NULL,NULL,NULL,NULL,NULL,NULL,NULL,NULL,NULL,NULL,NULL,NULL,NULL,NULL,NULL,NULL,NULL,NULL,NULL,NULL,NULL,NULL,NULL,NULL,NULL,NULL,NULL,NULL,NULL,NULL,NULL,NULL,NULL
A-B,S,Under40,7.0,Transition,Build 1 -week 2,Build 1 -week 3,Build 1 -week 4,Build 2 -week 2,Build 2 -week 3,Build 2 -week 4,NULL,NULL,NULL,NULL,NULL,NULL,NULL,NULL,NULL,NULL,NULL,NULL,NULL,NULL,NULL,NULL,NULL,NULL,NULL,NULL,NULL,NULL,NULL,NULL,NULL,NULL,NULL,NULL,NULL,NULL,NULL,NULL,NULL,NULL,NULL,NULL,NULL,NULL,NULL,NULL,NULL
A-B,W,Over40,10.0,Transition,Base 3 -week 1,Base 3 -week 2,Base 3 -week 4,Base 3 -week 1,Base 3 -week 2,Base 3 -week 4,Build 1 -week 1,Build 1 -week 2,Build 1 -week 4,NULL,NULL,NULL,NULL,NULL,NULL,NULL,NULL,NULL,NULL,NULL,NULL,NULL,NULL,NULL,NULL,NULL,NULL,NULL,NULL,NULL,NULL,NULL,NULL,NULL,NULL,NULL,NULL,NULL,NULL,NULL,NULL,NULL,NULL,NULL,NULL,NULL,NULL
B1-B2,W,Under40,16.0,Base 2 -week 1,Base 2 -week 2,Base 2 -week 3,Base 2 -week 4,Base 3 -week 1,Base 3 -week 2,Base 3 -week 3,Base 3 -week 4,Build 1 -week 1,Build 1 -week 2,Build 1 -week 3,Build 1 -week 4,Build 2 -week 1,Build 2 -week 2,Build 2 -week 3,Build 2 -week 4,NULL,NULL,NULL,NULL,NULL,NULL,NULL,NULL,NULL,NULL,NULL,NULL,NULL,NULL,NULL,NULL,NULL,NULL,NULL,NULL,NULL,NULL,NULL,NULL,NULL,NULL,NULL,NULL,NULL,NULL,NULL,NULL
B1-B2,W,Under40,17.0,Base 2 -week 4,Base 2 -week 1,Base 2 -week 2,Base 2 -week 3,Base 2 -week 4,Base 3 -week 1,Base 3 -week 2,Base 3 -week 3,Base 3 -week 4,Build 1 -week 1,Build 1 -week 2,Build 1 -week 3,Build 1 -week 4,Build 2 -week 1,Build 2 -week 2,Build 2 -week 3,Build 2 -week 4,NULL,NULL,NULL,NULL,NULL,NULL,NULL,NULL,NULL,NULL,NULL,NULL,NULL,NULL,NULL,NULL,NULL,NULL,NULL,NULL,NULL,NULL,NULL,NULL,NULL,NULL,NULL,NULL,NULL,NULL,NULL
B1-B2,W,Under40,18.0,Base 2 -week 1,Base 2 -week 2,Base 2 -week 4,Base 3 -week 1,Base 3 -week 2,Base 3 -week 4,Base 3 -week 1,Base 3 -week 2,Base 3 -week 3,Base 3 -week 4,Build 1 -week 1,Build 1 -week 2,Build 1 -week 3,Build 1 -week 4,Build 2 -week 1,Build 2 -week 2,Build 2 -week 3,Build 2 -week 4,NULL,NULL,NULL,NULL,NULL,NULL,NULL,NULL,NULL,NULL,NULL,NULL,NULL,NULL,NULL,NULL,NULL,NULL,NULL,NULL,NULL,NULL,NULL,NULL,NULL,NULL,NULL,NULL,NULL,NULL
B1-B2,W,Under40,19.0,Base 2 -week 1,Base 2 -week 2,Base 2 -week 3,Base 2 -week 4,Base 3 -week 1,Base 3 -week 2,Base 3 -week 4,Base 3 -week 1,Base 3 -week 2,Base 3 -week 3,Base 3 -week 4,Build 1 -week 1,Build 1 -week 2,Build 1 -week 3,Build 1 -week 4,Build 2 -week 1,Build 2 -week 2,Build 2 -week 3,Build 2 -week 4,NULL,NULL,NULL,NULL,NULL,NULL,NULL,NULL,NULL,NULL,NULL,NULL,NULL,NULL,NULL,NULL,NULL,NULL,NULL,NULL,NULL,NULL,NULL,NULL,NULL,NULL,NULL,NULL,NULL
B1-B2,W,Under40,20.0,Base 2 -week 1,Base 2 -week 2,Base 2 -week 3,Base 2 -week 4,Base 3 -week 1,Base 3 -week 2,Base 3 -week 3,Base 3 -week 4,Base 3 -week 1,Base 3 -week 2,Base 3 -week 3,Base 3 -week 4,Build 1 -week 1,Build 1 -week 2,Build 1 -week 3,Build 1 -week 4,Build 2 -week 1,Build 2 -week 2,Build 2 -week 3,Build 2 -week 4,NULL,NULL,NULL,NULL,NULL,NULL,NULL,NULL,NULL,NULL,NULL,NULL,NULL,NULL,NULL,NULL,NULL,NULL,NULL,NULL,NULL,NULL,NULL,NULL,NULL,NULL,NULL,NULL
B1-B2,W,Under40,21.0,Base 2 -week 4,Base 2 -week 1,Base 2 -week 2,Base 2 -week 3,Base 2 -week 4,Base 3 -week 1,Base 3 -week 2,Base 3 -week 3,Base 3 -week 4,Base 3 -week 1,Base 3 -week 2,Base 3 -week 3,Base 3 -week 4,Build 1 -week 1,Build 1 -week 2,Build 1 -week 3,Build 1 -week 4,Build 2 -week 1,Build 2 -week 2,Build 2 -week 3,Build 2 -week 4,NULL,NULL,NULL,NULL,NULL,NULL,NULL,NULL,NULL,NULL,NULL,NULL,NULL,NULL,NULL,NULL,NULL,NULL,NULL,NULL,NULL,NULL,NULL,NULL,NULL,NULL,NULL
B1-B2,W,Under40,22.0,Base 2 -week 3,Base 2 -week 4,Base 2 -week 1,Base 2 -week 2,Base 2 -week 3,Base 2 -week 4,Base 3 -week 1,Base 3 -week 2,Base 3 -week 3,Base 3 -week 4,Base 3 -week 1,Base 3 -week 2,Base 3 -week 3,Base 3 -week 4,Build 1 -week 1,Build 1 -week 2,Build 1 -week 3,Build 1 -week 4,Build 2 -week 1,Build 2 -week 2,Build 2 -week 3,Build 2 -week 4,NULL,NULL,NULL,NULL,NULL,NULL,NULL,NULL,NULL,NULL,NULL,NULL,NULL,NULL,NULL,NULL,NULL,NULL,NULL,NULL,NULL,NULL,NULL,NULL,NULL,NULL
B1-B2,W,Under40,23.0,Base 2 -week 2,Base 2 -week 3,Base 2 -week 4,Base 2 -week 1,Base 2 -week 2,Base 2 -week 3,Base 2 -week 4,Base 3 -week 1,Base 3 -week 2,Base 3 -week 3,Base 3 -week 4,Base 3 -week 1,Base 3 -week 2,Base 3 -week 3,Base 3 -week 4,Build 1 -week 1,Build 1 -week 2,Build 1 -week 3,Build 1 -week 4,Build 2 -week 1,Build 2 -week 2,Build 2 -week 3,Build 2 -week 4,NULL,NULL,NULL,NULL,NULL,NULL,NULL,NULL,NULL,NULL,NULL,NULL,NULL,NULL,NULL,NULL,NULL,NULL,NULL,NULL,NULL,NULL,NULL,NULL,NULL
B1-B2,W,Under40,24.0,Base 2 -week 1,Base 2 -week 2,Base 2 -week 3,Base 2 -week 4,Base 2 -week 1,Base 2 -week 2,Base 2 -week 3,Base 2 -week 4,Base 3 -week 1,Base 3 -week 2,Base 3 -week 3,Base 3 -week 4,Base 3 -week 1,Base 3 -week 2,Base 3 -week 3,Base 3 -week 4,Build 1 -week 1,Build 1 -week 2,Build 1 -week 3,Build 1 -week 4,Build 2 -week 1,Build 2 -week 2,Build 2 -week 3,Build 2 -week 4,NULL,NULL,NULL,NULL,NULL,NULL,NULL,NULL,NULL,NULL,NULL,NULL,NULL,NULL,NULL,NULL,NULL,NULL,NULL,NULL,NULL,NULL,NULL,NULL
B1-B2,W,Under40,25.0,Base 1 -week 4,Base 2 -week 1,Base 2 -week 2,Base 2 -week 3,Base 2 -week 4,Base 2 -week 1,Base 2 -week 2,Base 2 -week 3,Base 2 -week 4,Base 3 -week 1,Base 3 -week 2,Base 3 -week 3,Base 3 -week 4,Base 3 -week 1,Base 3 -week 2,Base 3 -week 3,Base 3 -week 4,Build 1 -week 1,Build 1 -week 2,Build 1 -week 3,Build 1 -week 4,Build 2 -week 1,Build 2 -week 2,Build 2 -week 3,Build 2 -week 4,NULL,NULL,NULL,NULL,NULL,NULL,NULL,NULL,NULL,NULL,NULL,NULL,NULL,NULL,NULL,NULL,NULL,NULL,NULL,NULL,NULL,NULL,NULL
A-B,W,Over40,4.0,Base 2 -week 4,Base 3 -week 1,Base 3 -week 2,Base 3 -week 4,NULL,NULL,NULL,NULL,NULL,NULL,NULL,NULL,NULL,NULL,NULL,NULL,NULL,NULL,NULL,NULL,NULL,NULL,NULL,NULL,NULL,NULL,NULL,NULL,NULL,NULL,NULL,NULL,NULL,NULL,NULL,NULL,NULL,NULL,NULL,NULL,NULL,NULL,NULL,NULL,NULL,NULL,NULL,NULL
A-B,S,Under40,3.0,Build 2 -week 2,Build 2 -week 3,Build 2 -week 4,NULL,NULL,NULL,NULL,NULL,NULL,NULL,NULL,NULL,NULL,NULL,NULL,NULL,NULL,NULL,NULL,NULL,NULL,NULL,NULL,NULL,NULL,NULL,NULL,NULL,NULL,NULL,NULL,NULL,NULL,NULL,NULL,NULL,NULL,NULL,NULL,NULL,NULL,NULL,NULL,NULL,NULL,NULL,NULL,NULL
A-B,W,Under40,5.0,Base 2 -week 4,Base 3 -week 1,Base 3 -week 2,Base 3 -week 3,Base 3 -week 4,NULL,NULL,NULL,NULL,NULL,NULL,NULL,NULL,NULL,NULL,NULL,NULL,NULL,NULL,NULL,NULL,NULL,NULL,NULL,NULL,NULL,NULL,NULL,NULL,NULL,NULL,NULL,NULL,NULL,NULL,NULL,NULL,NULL,NULL,NULL,NULL,NULL,NULL,NULL,NULL,NULL,NULL,NULL
A-B,W,Under40,6.0,Base 2 -week 3,Base 2 -week 4,Base 3 -week 1,Base 3 -week 2,Base 3 -week 3,Base 3 -week 4,NULL,NULL,NULL,NULL,NULL,NULL,NULL,NULL,NULL,NULL,NULL,NULL,NULL,NULL,NULL,NULL,NULL,NULL,NULL,NULL,NULL,NULL,NULL,NULL,NULL,NULL,NULL,NULL,NULL,NULL,NULL,NULL,NULL,NULL,NULL,NULL,NULL,NULL,NULL,NULL,NULL,NULL
A-B,W,Under40,7.0,Base 2 -week 2,Base 2 -week 3,Base 2 -week 4,Base 3 -week 1,Base 3 -week 2,Base 3 -week 3,Base 3 -week 4,NULL,NULL,NULL,NULL,NULL,NULL,NULL,NULL,NULL,NULL,NULL,NULL,NULL,NULL,NULL,NULL,NULL,NULL,NULL,NULL,NULL,NULL,NULL,NULL,NULL,NULL,NULL,NULL,NULL,NULL,NULL,NULL,NULL,NULL,NULL,NULL,NULL,NULL,NULL,NULL,NULL
B1-B2,W,Under40,26.0,Base 1 -week 3,Base 1 -week 4,Base 2 -week 1,Base 2 -week 2,Base 2 -week 3,Base 2 -week 4,Base 2 -week 1,Base 2 -week 2,Base 2 -week 3,Base 2 -week 4,Base 3 -week 1,Base 3 -week 2,Base 3 -week 3,Base 3 -week 4,Base 3 -week 1,Base 3 -week 2,Base 3 -week 3,Base 3 -week 4,Build 1 -week 1,Build 1 -week 2,Build 1 -week 3,Build 1 -week 4,Build 2 -week 1,Build 2 -week 2,Build 2 -week 3,Build 2 -week 4,NULL,NULL,NULL,NULL,NULL,NULL,NULL,NULL,NULL,NULL,NULL,NULL,NULL,NULL,NULL,NULL,NULL,NULL,NULL,NULL,NULL,NULL
B1-B2,W,Under40,27.0,Base 1 -week 2,Base 1 -week 3,Base 1 -week 4,Base 2 -week 1,Base 2 -week 2,Base 2 -week 3,Base 2 -week 4,Base 2 -week 1,Base 2 -week 2,Base 2 -week 3,Base 2 -week 4,Base 3 -week 1,Base 3 -week 2,Base 3 -week 3,Base 3 -week 4,Base 3 -week 1,Base 3 -week 2,Base 3 -week 3,Base 3 -week 4,Build 1 -week 1,Build 1 -week 2,Build 1 -week 3,Build 1 -week 4,Build 2 -week 1,Build 2 -week 2,Build 2 -week 3,Build 2 -week 4,NULL,NULL,NULL,NULL,NULL,NULL,NULL,NULL,NULL,NULL,NULL,NULL,NULL,NULL,NULL,NULL,NULL,NULL,NULL,NULL,NULL
B1-B2,W,Under40,28.0,Base 1 -week 1,Base 1 -week 2,Base 1 -week 3,Base 1 -week 4,Base 2 -week 1,Base 2 -week 2,Base 2 -week 3,Base 2 -week 4,Base 2 -week 1,Base 2 -week 2,Base 2 -week 3,Base 2 -week 4,Base 3 -week 1,Base 3 -week 2,Base 3 -week 3,Base 3 -week 4,Base 3 -week 1,Base 3 -week 2,Base 3 -week 3,Base 3 -week 4,Build 1 -week 1,Build 1 -week 2,Build 1 -week 3,Build 1 -week 4,Build 2 -week 1,Build 2 -week 2,Build 2 -week 3,Build 2 -week 4,NULL,NULL,NULL,NULL,NULL,NULL,NULL,NULL,NULL,NULL,NULL,NULL,NULL,NULL,NULL,NULL,NULL,NULL,NULL,NULL
B1-B2,W,Under40,29.0,Base 1 -week 4,Base 1 -week 1,Base 1 -week 2,Base 1 -week 3,Base 1 -week 4,Base 2 -week 1,Base 2 -week 2,Base 2 -week 3,Base 2 -week 4,Base 2 -week 1,Base 2 -week 2,Base 2 -week 3,Base 2 -week 4,Base 3 -week 1,Base 3 -week 2,Base 3 -week 3,Base 3 -week 4,Base 3 -week 1,Base 3 -week 2,Base 3 -week 3,Base 3 -week 4,Build 1 -week 1,Build 1 -week 2,Build 1 -week 3,Build 1 -week 4,Build 2 -week 1,Build 2 -week 2,Build 2 -week 3,Build 2 -week 4,NULL,NULL,NULL,NULL,NULL,NULL,NULL,NULL,NULL,NULL,NULL,NULL,NULL,NULL,NULL,NULL,NULL,NULL,NULL
B1-B2,W,Under40,30.0,Base 1 -week 3,Base 1 -week 4,Base 1 -week 1,Base 1 -week 2,Base 1 -week 3,Base 1 -week 4,Base 2 -week 1,Base 2 -week 2,Base 2 -week 3,Base 2 -week 4,Base 2 -week 1,Base 2 -week 2,Base 2 -week 3,Base 2 -week 4,Base 3 -week 1,Base 3 -week 2,Base 3 -week 3,Base 3 -week 4,Base 3 -week 1,Base 3 -week 2,Base 3 -week 3,Base 3 -week 4,Build 1 -week 1,Build 1 -week 2,Build 1 -week 3,Build 1 -week 4,Build 2 -week 1,Build 2 -week 2,Build 2 -week 3,Build 2 -week 4,NULL,NULL,NULL,NULL,NULL,NULL,NULL,NULL,NULL,NULL,NULL,NULL,NULL,NULL,NULL,NULL,NULL,NULL
B1-B2,W,Under40,31.0,Base 1 -week 2,Base 1 -week 3,Base 1 -week 4,Base 1 -week 1,Base 1 -week 2,Base 1 -week 3,Base 1 -week 4,Base 2 -week 1,Base 2 -week 2,Base 2 -week 3,Base 2 -week 4,Base 2 -week 1,Base 2 -week 2,Base 2 -week 3,Base 2 -week 4,Base 3 -week 1,Base 3 -week 2,Base 3 -week 3,Base 3 -week 4,Base 3 -week 1,Base 3 -week 2,Base 3 -week 3,Base 3 -week 4,Build 1 -week 1,Build 1 -week 2,Build 1 -week 3,Build 1 -week 4,Build 2 -week 1,Build 2 -week 2,Build 2 -week 3,Build 2 -week 4,NULL,NULL,NULL,NULL,NULL,NULL,NULL,NULL,NULL,NULL,NULL,NULL,NULL,NULL,NULL,NULL,NULL
B1-B2,W,Under40,32.0,Base 1 -week 1,Base 1 -week 2,Base 1 -week 3,Base 1 -week 4,Base 1 -week 1,Base 1 -week 2,Base 1 -week 3,Base 1 -week 4,Base 2 -week 1,Base 2 -week 2,Base 2 -week 3,Base 2 -week 4,Base 2 -week 1,Base 2 -week 2,Base 2 -week 3,Base 2 -week 4,Base 3 -week 1,Base 3 -week 2,Base 3 -week 3,Base 3 -week 4,Base 3 -week 1,Base 3 -week 2,Base 3 -week 3,Base 3 -week 4,Build 1 -week 1,Build 1 -week 2,Build 1 -week 3,Build 1 -week 4,Build 2 -week 1,Build 2 -week 2,Build 2 -week 3,Build 2 -week 4,NULL,NULL,NULL,NULL,NULL,NULL,NULL,NULL,NULL,NULL,NULL,NULL,NULL,NULL,NULL,NULL
A-B,W,Over40,9.0,Transition,Base 3 -week 1,Base 3 -week 2,Base 3 -week 4,Base 3 -week 1,Base 3 -week 2,Base 3 -week 4,Build 1 -week 1,Build 1 -week 4,NULL,NULL,NULL,NULL,NULL,NULL,NULL,NULL,NULL,NULL,NULL,NULL,NULL,NULL,NULL,NULL,NULL,NULL,NULL,NULL,NULL,NULL,NULL,NULL,NULL,NULL,NULL,NULL,NULL,NULL,NULL,NULL,NULL,NULL,NULL,NULL,NULL,NULL,NULL
A-B,S,Under40,5.0,Build 1 -week 3,Build 1 -week 4,Build 2 -week 2,Build 2 -week 3,Build 2 -week 4,NULL,NULL,NULL,NULL,NULL,NULL,NULL,NULL,NULL,NULL,NULL,NULL,NULL,NULL,NULL,NULL,NULL,NULL,NULL,NULL,NULL,NULL,NULL,NULL,NULL,NULL,NULL,NULL,NULL,NULL,NULL,NULL,NULL,NULL,NULL,NULL,NULL,NULL,NULL,NULL,NULL,NULL,NULL
A-B,W,Over40,11.0,Transition,Base 3 -week 4,Base 3 -week 1,Base 3 -week 2,Base 3 -week 4,Base 3 -week 1,Base 3 -week 2,Base 3 -week 4,Build 1 -week 1,Build 1 -week 2,Build 1 -week 4,NULL,NULL,NULL,NULL,NULL,NULL,NULL,NULL,NULL,NULL,NULL,NULL,NULL,NULL,NULL,NULL,NULL,NULL,NULL,NULL,NULL,NULL,NULL,NULL,NULL,NULL,NULL,NULL,NULL,NULL,NULL,NULL,NULL,NULL,NULL,NULL,NULL
A-B,S,Under40,2.0,Build 2 -week 3,Build 2 -week 4,NULL,NULL,NULL,NULL,NULL,NULL,NULL,NULL,NULL,NULL,NULL,NULL,NULL,NULL,NULL,NULL,NULL,NULL,NULL,NULL,NULL,NULL,NULL,NULL,NULL,NULL,NULL,NULL,NULL,NULL,NULL,NULL,NULL,NULL,NULL,NULL,NULL,NULL,NULL,NULL,NULL,NULL,NULL,NULL,NULL,NULL
A-B,S,Under40,4.0,Build 1 -week 4,Build 2 -week 2,Build 2 -week 3,Build 2 -week 4,NULL,NULL,NULL,NULL,NULL,NULL,NULL,NULL,NULL,NULL,NULL,NULL,NULL,NULL,NULL,NULL,NULL,NULL,NULL,NULL,NULL,NULL,NULL,NULL,NULL,NULL,NULL,NULL,NULL,NULL,NULL,NULL,NULL,NULL,NULL,NULL,NULL,NULL,NULL,NULL,NULL,NULL,NULL,NULL
A-B,S,Over40,12.0,Transition,Base 3 -week 2,Base 3 -week 4,Build 1 -week 1,Build 1 -week 2,Build 1 -week 4,Build 2 -week 1,Build 2 -week 2,Build 2 -week 4,Build 2 -week 1,Build 2 -week 2,Build 2 -week 4,NULL,NULL,NULL,NULL,NULL,NULL,NULL,NULL,NULL,NULL,NULL,NULL,NULL,NULL,NULL,NULL,NULL,NULL,NULL,NULL,NULL,NULL,NULL,NULL,NULL,NULL,NULL,NULL,NULL,NULL,NULL,NULL,NULL,NULL,NULL,NULL
A-B,S,Over40,13.0,Transition,Base 3 -week 1,Base 3 -week 2,Base 3 -week 4,Build 1 -week 1,Build 1 -week 2,Build 1 -week 4,Build 2 -week 1,Build 2 -week 2,Build 2 -week 4,Build 2 -week 1,Build 2 -week 2,Build 2 -week 4,NULL,NULL,NULL,NULL,NULL,NULL,NULL,NULL,NULL,NULL,NULL,NULL,NULL,NULL,NULL,NULL,NULL,NULL,NULL,NULL,NULL,NULL,NULL,NULL,NULL,NULL,NULL,NULL,NULL,NULL,NULL,NULL,NULL,NULL,NULL
A-B,S,Over40,14.0,Transition,Build 1 -week 4,Base 3 -week 1,Base 3 -week 2,Base 3 -week 4,Build 1 -week 1,Build 1 -week 2,Build 1 -week 4,Build 2 -week 1,Build 2 -week 2,Build 2 -week 4,Build 2 -week 1,Build 2 -week 2,Build 2 -week 4,NULL,NULL,NULL,NULL,NULL,NULL,NULL,NULL,NULL,NULL,NULL,NULL,NULL,NULL,NULL,NULL,NULL,NULL,NULL,NULL,NULL,NULL,NULL,NULL,NULL,NULL,NULL,NULL,NULL,NULL,NULL,NULL,NULL,NULL
A-B,S,Over40,15.0,Transition,Build 1 -week 2,Build 1 -week 4,Base 3 -week 1,Base 3 -week 2,Base 3 -week 4,Build 1 -week 1,Build 1 -week 2,Build 1 -week 4,Build 2 -week 1,Build 2 -week 2,Build 2 -week 4,Build 2 -week 1,Build 2 -week 2,Build 2 -week 4,NULL,NULL,NULL,NULL,NULL,NULL,NULL,NULL,NULL,NULL,NULL,NULL,NULL,NULL,NULL,NULL,NULL,NULL,NULL,NULL,NULL,NULL,NULL,NULL,NULL,NULL,NULL,NULL,NULL,NULL,NULL,NULL,NULL
A-B,S,Over40,16.0,Transition,Build 1 -week 1,Build 1 -week 2,Build 1 -week 4,Base 3 -week 1,Base 3 -week 2,Base 3 -week 4,Build 1 -week 1,Build 1 -week 2,Build 1 -week 4,Build 2 -week 1,Build 2 -week 2,Build 2 -week 4,Build 2 -week 1,Build 2 -week 2,Build 2 -week 4,NULL,NULL,NULL,NULL,NULL,NULL,NULL,NULL,NULL,NULL,NULL,NULL,NULL,NULL,NULL,NULL,NULL,NULL,NULL,NULL,NULL,NULL,NULL,NULL,NULL,NULL,NULL,NULL,NULL,NULL,NULL,NULL
A-B,S,Over40,17.0,Transition,Base 3 -week 4,Build 1 -week 1,Build 1 -week 2,Build 1 -week 4,Base 3 -week 1,Base 3 -week 2,Base 3 -week 4,Build 1 -week 1,Build 1 -week 2,Build 1 -week 4,Build 2 -week 1,Build 2 -week 2,Build 2 -week 4,Build 2 -week 1,Build 2 -week 2,Build 2 -week 4,NULL,NULL,NULL,NULL,NULL,NULL,NULL,NULL,NULL,NULL,NULL,NULL,NULL,NULL,NULL,NULL,NULL,NULL,NULL,NULL,NULL,NULL,NULL,NULL,NULL,NULL,NULL,NULL,NULL,NULL,NULL
A-B,S,Over40,18.0,Transition,Base 3 -week 2,Base 3 -week 4,Build 1 -week 1,Build 1 -week 2,Build 1 -week 4,Base 3 -week 1,Base 3 -week 2,Base 3 -week 4,Build 1 -week 1,Build 1 -week 2,Build 1 -week 4,Build 2 -week 1,Build 2 -week 2,Build 2 -week 4,Build 2 -week 1,Build 2 -week 2,Build 2 -week 4,NULL,NULL,NULL,NULL,NULL,NULL,NULL,NULL,NULL,NULL,NULL,NULL,NULL,NULL,NULL,NULL,NULL,NULL,NULL,NULL,NULL,NULL,NULL,NULL,NULL,NULL,NULL,NULL,NULL,NULL
A-B,S,Over40,19.0,Transition,Base 3 -week 1,Base 3 -week 2,Base 3 -week 4,Build 1 -week 1,Build 1 -week 2,Build 1 -week 4,Base 3 -week 1,Base 3 -week 2,Base 3 -week 4,Build 1 -week 1,Build 1 -week 2,Build 1 -week 4,Build 2 -week 1,Build 2 -week 2,Build 2 -week 4,Build 2 -week 1,Build 2 -week 2,Build 2 -week 4,NULL,NULL,NULL,NULL,NULL,NULL,NULL,NULL,NULL,NULL,NULL,NULL,NULL,NULL,NULL,NULL,NULL,NULL,NULL,NULL,NULL,NULL,NULL,NULL,NULL,NULL,NULL,NULL,NULL
A-B,S,Over40,20.0,Transition,Build 1 -week 4,Base 3 -week 1,Base 3 -week 2,Base 3 -week 4,Build 1 -week 1,Build 1 -week 2,Build 1 -week 4,Base 3 -week 1,Base 3 -week 2,Base 3 -week 4,Build 1 -week 1,Build 1 -week 2,Build 1 -week 4,Build 2 -week 1,Build 2 -week 2,Build 2 -week 4,Build 2 -week 1,Build 2 -week 2,Build 2 -week 4,NULL,NULL,NULL,NULL,NULL,NULL,NULL,NULL,NULL,NULL,NULL,NULL,NULL,NULL,NULL,NULL,NULL,NULL,NULL,NULL,NULL,NULL,NULL,NULL,NULL,NULL,NULL,NULL
A-B,S,Over40,21.0,Transition,Build 1 -week 2,Build 1 -week 4,Base 3 -week 1,Base 3 -week 2,Base 3 -week 4,Build 1 -week 1,Build 1 -week 2,Build 1 -week 4,Base 3 -week 1,Base 3 -week 2,Base 3 -week 4,Build 1 -week 1,Build 1 -week 2,Build 1 -week 4,Build 2 -week 1,Build 2 -week 2,Build 2 -week 4,Build 2 -week 1,Build 2 -week 2,Build 2 -week 4,NULL,NULL,NULL,NULL,NULL,NULL,NULL,NULL,NULL,NULL,NULL,NULL,NULL,NULL,NULL,NULL,NULL,NULL,NULL,NULL,NULL,NULL,NULL,NULL,NULL,NULL,NULL
A-B,S,Over40,22.0,Transition,Build 1 -week 1,Build 1 -week 2,Build 1 -week 4,Base 3 -week 1,Base 3 -week 2,Base 3 -week 4,Build 1 -week 1,Build 1 -week 2,Build 1 -week 4,Base 3 -week 1,Base 3 -week 2,Base 3 -week 4,Build 1 -week 1,Build 1 -week 2,Build 1 -week 4,Build 2 -week 1,Build 2 -week 2,Build 2 -week 4,Build 2 -week 1,Build 2 -week 2,Build 2 -week 4,NULL,NULL,NULL,NULL,NULL,NULL,NULL,NULL,NULL,NULL,NULL,NULL,NULL,NULL,NULL,NULL,NULL,NULL,NULL,NULL,NULL,NULL,NULL,NULL,NULL,NULL
A-B,S,Over40,23.0,Transition,Base 3 -week 4,Build 1 -week 1,Build 1 -week 2,Build 1 -week 4,Base 3 -week 1,Base 3 -week 2,Base 3 -week 4,Build 1 -week 1,Build 1 -week 2,Build 1 -week 4,Base 3 -week 1,Base 3 -week 2,Base 3 -week 4,Build 1 -week 1,Build 1 -week 2,Build 1 -week 4,Build 2 -week 1,Build 2 -week 2,Build 2 -week 4,Build 2 -week 1,Build 2 -week 2,Build 2 -week 4,NULL,NULL,NULL,NULL,NULL,NULL,NULL,NULL,NULL,NULL,NULL,NULL,NULL,NULL,NULL,NULL,NULL,NULL,NULL,NULL,NULL,NULL,NULL,NULL,NULL
A-B,S,Under40,11.0,Transition,Base 3 -week 3,Base 3 -week 4,Build 1 -week 1,Build 1 -week 2,Build 1 -week 3,Build 1 -week 4,Build 2 -week 1,Build 2 -week 2,Build 2 -week 3,Build 2 -week 4,NULL,NULL,NULL,NULL,NULL,NULL,NULL,NULL,NULL,NULL,NULL,NULL,NULL,NULL,NULL,NULL,NULL,NULL,NULL,NULL,NULL,NULL,NULL,NULL,NULL,NULL,NULL,NULL,NULL,NULL,NULL,NULL,NULL,NULL,NULL,NULL,NULL
A-B,W,Under40,2.0,Base 3 -week 2,Base 3 -week 4,NULL,NULL,NULL,NULL,NULL,NULL,NULL,NULL,NULL,NULL,NULL,NULL,NULL,NULL,NULL,NULL,NULL,NULL,NULL,NULL,NULL,NULL,NULL,NULL,NULL,NULL,NULL,NULL,NULL,NULL,NULL,NULL,NULL,NULL,NULL,NULL,NULL,NULL,NULL,NULL,NULL,NULL,NULL,NULL,NULL,NULL
A-B,W,Under40,3.0,Base 3 -week 1,Base 3 -week 2,Base 3 -week 4,NULL,NULL,NULL,NULL,NULL,NULL,NULL,NULL,NULL,NULL,NULL,NULL,NULL,NULL,NULL,NULL,NULL,NULL,NULL,NULL,NULL,NULL,NULL,NULL,NULL,NULL,NULL,NULL,NULL,NULL,NULL,NULL,NULL,NULL,NULL,NULL,NULL,NULL,NULL,NULL,NULL,NULL,NULL,NULL,NULL
A-B,S,Over40,24.0,Transition,Base 3 -week 2,Base 3 -week 4,Build 1 -week 1,Build 1 -week 2,Build 1 -week 4,Base 3 -week 1,Base 3 -week 2,Base 3 -week 4,Build 1 -week 1,Build 1 -week 2,Build 1 -week 4,Base 3 -week 1,Base 3 -week 2,Base 3 -week 4,Build 1 -week 1,Build 1 -week 2,Build 1 -week 4,Build 2 -week 1,Build 2 -week 2,Build 2 -week 4,Build 2 -week 1,Build 2 -week 2,Build 2 -week 4,NULL,NULL,NULL,NULL,NULL,NULL,NULL,NULL,NULL,NULL,NULL,NULL,NULL,NULL,NULL,NULL,NULL,NULL,NULL,NULL,NULL,NULL,NULL,NULL
A-B,S,Over40,25.0,Transition,Base 3 -week 1,Base 3 -week 2,Base 3 -week 4,Build 1 -week 1,Build 1 -week 2,Build 1 -week 4,Base 3 -week 1,Base 3 -week 2,Base 3 -week 4,Build 1 -week 1,Build 1 -week 2,Build 1 -week 4,Base 3 -week 1,Base 3 -week 2,Base 3 -week 4,Build 1 -week 1,Build 1 -week 2,Build 1 -week 4,Build 2 -week 1,Build 2 -week 2,Build 2 -week 4,Build 2 -week 1,Build 2 -week 2,Build 2 -week 4,NULL,NULL,NULL,NULL,NULL,NULL,NULL,NULL,NULL,NULL,NULL,NULL,NULL,NULL,NULL,NULL,NULL,NULL,NULL,NULL,NULL,NULL,NULL
A-B,S,Over40,26.0,Transition,Base 3 -week 4,Base 3 -week 1,Base 3 -week 2,Base 3 -week 4,Build 1 -week 1,Build 1 -week 2,Build 1 -week 4,Base 3 -week 1,Base 3 -week 2,Base 3 -week 4,Build 1 -week 1,Build 1 -week 2,Build 1 -week 4,Base 3 -week 1,Base 3 -week 2,Base 3 -week 4,Build 1 -week 1,Build 1 -week 2,Build 1 -week 4,Build 2 -week 1,Build 2 -week 2,Build 2 -week 4,Build 2 -week 1,Build 2 -week 2,Build 2 -week 4,NULL,NULL,NULL,NULL,NULL,NULL,NULL,NULL,NULL,NULL,NULL,NULL,NULL,NULL,NULL,NULL,NULL,NULL,NULL,NULL,NULL,NULL
A-B,S,Over40,27.0,Transition,Base 3 -week 2,Base 3 -week 4,Base 3 -week 1,Base 3 -week 2,Base 3 -week 4,Build 1 -week 1,Build 1 -week 2,Build 1 -week 4,Base 3 -week 1,Base 3 -week 2,Base 3 -week 4,Build 1 -week 1,Build 1 -week 2,Build 1 -week 4,Base 3 -week 1,Base 3 -week 2,Base 3 -week 4,Build 1 -week 1,Build 1 -week 2,Build 1 -week 4,Build 2 -week 1,Build 2 -week 2,Build 2 -week 4,Build 2 -week 1,Build 2 -week 2,Build 2 -week 4,NULL,NULL,NULL,NULL,NULL,NULL,NULL,NULL,NULL,NULL,NULL,NULL,NULL,NULL,NULL,NULL,NULL,NULL,NULL,NULL,NULL
A-B,S,Over40,28.0,Transition,Base 3 -week 1,Base 3 -week 2,Base 3 -week 4,Base 3 -week 1,Base 3 -week 2,Base 3 -week 4,Build 1 -week 1,Build 1 -week 2,Build 1 -week 4,Base 3 -week 1,Base 3 -week 2,Base 3 -week 4,Build 1 -week 1,Build 1 -week 2,Build 1 -week 4,Base 3 -week 1,Base 3 -week 2,Base 3 -week 4,Build 1 -week 1,Build 1 -week 2,Build 1 -week 4,Build 2 -week 1,Build 2 -week 2,Build 2 -week 4,Build 2 -week 1,Build 2 -week 2,Build 2 -week 4,NULL,NULL,NULL,NULL,NULL,NULL,NULL,NULL,NULL,NULL,NULL,NULL,NULL,NULL,NULL,NULL,NULL,NULL,NULL,NULL
A-B,S,Over40,29.0,Transition,Build 1 -week 4,Base 3 -week 1,Base 3 -week 2,Base 3 -week 4,Base 3 -week 1,Base 3 -week 2,Base 3 -week 4,Build 1 -week 1,Build 1 -week 2,Build 1 -week 4,Base 3 -week 1,Base 3 -week 2,Base 3 -week 4,Build 1 -week 1,Build 1 -week 2,Build 1 -week 4,Base 3 -week 1,Base 3 -week 2,Base 3 -week 4,Build 1 -week 1,Build 1 -week 2,Build 1 -week 4,Build 2 -week 1,Build 2 -week 2,Build 2 -week 4,Build 2 -week 1,Build 2 -week 2,Build 2 -week 4,NULL,NULL,NULL,NULL,NULL,NULL,NULL,NULL,NULL,NULL,NULL,NULL,NULL,NULL,NULL,NULL,NULL,NULL,NULL
A-B,S,Over40,30.0,Transition,Build 1 -week 2,Build 1 -week 4,Base 3 -week 1,Base 3 -week 2,Base 3 -week 4,Base 3 -week 1,Base 3 -week 2,Base 3 -week 4,Build 1 -week 1,Build 1 -week 2,Build 1 -week 4,Base 3 -week 1,Base 3 -week 2,Base 3 -week 4,Build 1 -week 1,Build 1 -week 2,Build 1 -week 4,Base 3 -week 1,Base 3 -week 2,Base 3 -week 4,Build 1 -week 1,Build 1 -week 2,Build 1 -week 4,Build 2 -week 1,Build 2 -week 2,Build 2 -week 4,Build 2 -week 1,Build 2 -week 2,Build 2 -week 4,NULL,NULL,NULL,NULL,NULL,NULL,NULL,NULL,NULL,NULL,NULL,NULL,NULL,NULL,NULL,NULL,NULL,NULL
A-B,S,Over40,31.0,Transition,Build 1 -week 1,Build 1 -week 2,Build 1 -week 4,Base 3 -week 1,Base 3 -week 2,Base 3 -week 4,Base 3 -week 1,Base 3 -week 2,Base 3 -week 4,Build 1 -week 1,Build 1 -week 2,Build 1 -week 4,Base 3 -week 1,Base 3 -week 2,Base 3 -week 4,Build 1 -week 1,Build 1 -week 2,Build 1 -week 4,Base 3 -week 1,Base 3 -week 2,Base 3 -week 4,Build 1 -week 1,Build 1 -week 2,Build 1 -week 4,Build 2 -week 1,Build 2 -week 2,Build 2 -week 4,Build 2 -week 1,Build 2 -week 2,Build 2 -week 4,NULL,NULL,NULL,NULL,NULL,NULL,NULL,NULL,NULL,NULL,NULL,NULL,NULL,NULL,NULL,NULL,NULL
A-B,S,Under40,1.0,Build 2 -week 4,NULL,NULL,NULL,NULL,NULL,NULL,NULL,NULL,NULL,NULL,NULL,NULL,NULL,NULL,NULL,NULL,NULL,NULL,NULL,NULL,NULL,NULL,NULL,NULL,NULL,NULL,NULL,NULL,NULL,NULL,NULL,NULL,NULL,NULL,NULL,NULL,NULL,NULL,NULL,NULL,NULL,NULL,NULL,NULL,NULL,NULL,NULL
A-B,S,Under40,10.0,Transition,Base 3 -week 4,Build 1 -week 1,Build 1 -week 2,Build 1 -week 3,Build 1 -week 4,Build 2 -week 1,Build 2 -week 2,Build 2 -week 3,Build 2 -week 4,NULL,NULL,NULL,NULL,NULL,NULL,NULL,NULL,NULL,NULL,NULL,NULL,NULL,NULL,NULL,NULL,NULL,NULL,NULL,NULL,NULL,NULL,NULL,NULL,NULL,NULL,NULL,NULL,NULL,NULL,NULL,NULL,NULL,NULL,NULL,NULL,NULL,NULL
A-B,W,Under40,4.0,Base 2 -week 4,Base 3 -week 1,Base 3 -week 2,Base 3 -week 4,NULL,NULL,NULL,NULL,NULL,NULL,NULL,NULL,NULL,NULL,NULL,NULL,NULL,NULL,NULL,NULL,NULL,NULL,NULL,NULL,NULL,NULL,NULL,NULL,NULL,NULL,NULL,NULL,NULL,NULL,NULL,NULL,NULL,NULL,NULL,NULL,NULL,NULL,NULL,NULL,NULL,NULL,NULL,NULL
A-B,S,Over40,32.0,Transition,Transition,Build 1 -week 1,Build 1 -week 2,Build 1 -week 4,Base 3 -week 1,Base 3 -week 2,Base 3 -week 4,Base 3 -week 1,Base 3 -week 2,Base 3 -week 4,Build 1 -week 1,Build 1 -week 2,Build 1 -week 4,Base 3 -week 1,Base 3 -week 2,Base 3 -week 4,Build 1 -week 1,Build 1 -week 2,Build 1 -week 4,Base 3 -week 1,Base 3 -week 2,Base 3 -week 4,Build 1 -week 1,Build 1 -week 2,Build 1 -week 4,Build 2 -week 1,Build 2 -week 2,Build 2 -week 4,Build 2 -week 1,Build 2 -week 2,Build 2 -week 4,NULL,NULL,NULL,NULL,NULL,NULL,NULL,NULL,NULL,NULL,NULL,NULL,NULL,NULL,NULL,NULL
A-B,W,Over40,12.0,Transition,Base 3 -week 1,Base 3 -week 2,Base 3 -week 4,Base 3 -week 1,Base 3 -week 2,Base 3 -week 4,Build 1 -week 1,Build 1 -week 2,Build 1 -week 4,Build 2 -week 1,Build 2 -week 4,NULL,NULL,NULL,NULL,NULL,NULL,NULL,NULL,NULL,NULL,NULL,NULL,NULL,NULL,NULL,NULL,NULL,NULL,NULL,NULL,NULL,NULL,NULL,NULL,NULL,NULL,NULL,NULL,NULL,NULL,NULL,NULL,NULL,NULL,NULL,NULL
A-B,W,Over40,13.0,Transition,Base 3 -week 1,Base 3 -week 2,Base 3 -week 4,Base 3 -week 1,Base 3 -week 2,Base 3 -week 4,Build 1 -week 1,Build 1 -week 2,Build 1 -week 4,Build 2 -week 1,Build 2 -week 2,Build 2 -week 4,NULL,NULL,NULL,NULL,NULL,NULL,NULL,NULL,NULL,NULL,NULL,NULL,NULL,NULL,NULL,NULL,NULL,NULL,NULL,NULL,NULL,NULL,NULL,NULL,NULL,NULL,NULL,NULL,NULL,NULL,NULL,NULL,NULL,NULL,NULL
A-B,W,Over40,14.0,Transition,Base 3 -week 4,Base 3 -week 1,Base 3 -week 2,Base 3 -week 4,Base 3 -week 1,Base 3 -week 2,Base 3 -week 4,Build 1 -week 1,Build 1 -week 2,Build 1 -week 4,Build 2 -week 1,Build 2 -week 2,Build 2 -week 4,NULL,NULL,NULL,NULL,NULL,NULL,NULL,NULL,NULL,NULL,NULL,NULL,NULL,NULL,NULL,NULL,NULL,NULL,NULL,NULL,NULL,NULL,NULL,NULL,NULL,NULL,NULL,NULL,NULL,NULL,NULL,NULL,NULL,NULL
A-B,W,Over40,15.0,Transition,Base 3 -week 1,Base 3 -week 2,Base 3 -week 4,Base 3 -week 1,Base 3 -week 2,Base 3 -week 4,Base 3 -week 2,Base 3 -week 4,Build 1 -week 1,Build 1 -week 2,Build 1 -week 4,Build 2 -week 1,Build 2 -week 2,Build 2 -week 4,NULL,NULL,NULL,NULL,NULL,NULL,NULL,NULL,NULL,NULL,NULL,NULL,NULL,NULL,NULL,NULL,NULL,NULL,NULL,NULL,NULL,NULL,NULL,NULL,NULL,NULL,NULL,NULL,NULL,NULL,NULL,NULL,NULL
A-B,W,Over40,16.0,Transition,Base 3 -week 1,Base 3 -week 2,Base 3 -week 4,Base 3 -week 1,Base 3 -week 2,Base 3 -week 4,Base 3 -week 1,Base 3 -week 2,Base 3 -week 4,Build 1 -week 1,Build 1 -week 2,Build 1 -week 4,Build 2 -week 1,Build 2 -week 2,Build 2 -week 4,NULL,NULL,NULL,NULL,NULL,NULL,NULL,NULL,NULL,NULL,NULL,NULL,NULL,NULL,NULL,NULL,NULL,NULL,NULL,NULL,NULL,NULL,NULL,NULL,NULL,NULL,NULL,NULL,NULL,NULL,NULL,NULL
A-B,W,Over40,17.0,Transition,Base 3 -week 4,Base 3 -week 1,Base 3 -week 2,Base 3 -week 4,Base 3 -week 1,Base 3 -week 2,Base 3 -week 4,Base 3 -week 1,Base 3 -week 2,Base 3 -week 4,Build 1 -week 1,Build 1 -week 2,Build 1 -week 4,Build 2 -week 1,Build 2 -week 2,Build 2 -week 4,NULL,NULL,NULL,NULL,NULL,NULL,NULL,NULL,NULL,NULL,NULL,NULL,NULL,NULL,NULL,NULL,NULL,NULL,NULL,NULL,NULL,NULL,NULL,NULL,NULL,NULL,NULL,NULL,NULL,NULL,NULL
A-B,W,Over40,18.0,Transition,Base 3 -week 1,Base 3 -week 2,Base 3 -week 4,Base 3 -week 1,Base 3 -week 2,Base 3 -week 4,Base 3 -week 1,Base 3 -week 2,Base 3 -week 4,Build 1 -week 1,Build 1 -week 2,Build 1 -week 4,Build 2 -week 1,Build 2 -week 2,Build 2 -week 4,Build 2 -week 1,Build 2 -week 4,NULL,NULL,NULL,NULL,NULL,NULL,NULL,NULL,NULL,NULL,NULL,NULL,NULL,NULL,NULL,NULL,NULL,NULL,NULL,NULL,NULL,NULL,NULL,NULL,NULL,NULL,NULL,NULL,NULL,NULL
A-B,W,Over40,19.0,Transition,Base 3 -week 1,Base 3 -week 2,Base 3 -week 4,Base 3 -week 1,Base 3 -week 2,Base 3 -week 4,Base 3 -week 1,Base 3 -week 2,Base 3 -week 4,Build 1 -week 1,Build 1 -week 2,Build 1 -week 4,Build 2 -week 1,Build 2 -week 2,Build 2 -week 4,Build 2 -week 1,Build 2 -week 2,Build 2 -week 4,NULL,NULL,NULL,NULL,NULL,NULL,NULL,NULL,NULL,NULL,NULL,NULL,NULL,NULL,NULL,NULL,NULL,NULL,NULL,NULL,NULL,NULL,NULL,NULL,NULL,NULL,NULL,NULL,NULL
A-B,W,Over40,20.0,Transition,Base 3 -week 4,Base 3 -week 1,Base 3 -week 2,Base 3 -week 4,Base 3 -week 1,Base 3 -week 2,Base 3 -week 4,Base 3 -week 1,Base 3 -week 2,Base 3 -week 4,Build 1 -week 1,Build 1 -week 2,Build 1 -week 4,Build 2 -week 1,Build 2 -week 2,Build 2 -week 4,Build 2 -week 1,Build 2 -week 2,Build 2 -week 4,NULL,NULL,NULL,NULL,NULL,NULL,NULL,NULL,NULL,NULL,NULL,NULL,NULL,NULL,NULL,NULL,NULL,NULL,NULL,NULL,NULL,NULL,NULL,NULL,NULL,NULL,NULL,NULL
A-B,W,Over40,21.0,Transition,Base 3 -week 2,Base 3 -week 4,Base 3 -week 1,Base 3 -week 2,Base 3 -week 4,Base 3 -week 1,Base 3 -week 2,Base 3 -week 4,Base 3 -week 1,Base 3 -week 2,Base 3 -week 4,Build 1 -week 1,Build 1 -week 2,Build 1 -week 4,Build 2 -week 1,Build 2 -week 2,Build 2 -week 4,Build 2 -week 1,Build 2 -week 2,Build 2 -week 4,NULL,NULL,NULL,NULL,NULL,NULL,NULL,NULL,NULL,NULL,NULL,NULL,NULL,NULL,NULL,NULL,NULL,NULL,NULL,NULL,NULL,NULL,NULL,NULL,NULL,NULL,NULL
A-B,W,Under40,1.0,Base 3 -week 4,NULL,NULL,NULL,NULL,NULL,NULL,NULL,NULL,NULL,NULL,NULL,NULL,NULL,NULL,NULL,NULL,NULL,NULL,NULL,NULL,NULL,NULL,NULL,NULL,NULL,NULL,NULL,NULL,NULL,NULL,NULL,NULL,NULL,NULL,NULL,NULL,NULL,NULL,NULL,NULL,NULL,NULL,NULL,NULL,NULL,NULL,NULL
B-A,S,Over40,7.0,Build 1 -week 2,Build 1 -week 4,Build 2 -week 1,Build 2 -week 2,Build 2 -week 4,Peak -week 1,Race,NULL,NULL,NULL,NULL,NULL,NULL,NULL,NULL,NULL,NULL,NULL,NULL,NULL,NULL,NULL,NULL,NULL,NULL,NULL,NULL,NULL,NULL,NULL,NULL,NULL,NULL,NULL,NULL,NULL,NULL,NULL,NULL,NULL,NULL,NULL,NULL,NULL,NULL,NULL,NULL,NULL
B-A,S,Over40,1.0,Race,NULL,NULL,NULL,NULL,NULL,NULL,NULL,NULL,NULL,NULL,NULL,NULL,NULL,NULL,NULL,NULL,NULL,NULL,NULL,NULL,NULL,NULL,NULL,NULL,NULL,NULL,NULL,NULL,NULL,NULL,NULL,NULL,NULL,NULL,NULL,NULL,NULL,NULL,NULL,NULL,NULL,NULL,NULL,NULL,NULL,NULL,NULL
B-A,S,Over40,3.0,Build 2 -week 2,Peak -week 1,Race,NULL,NULL,NULL,NULL,NULL,NULL,NULL,NULL,NULL,NULL,NULL,NULL,NULL,NULL,NULL,NULL,NULL,NULL,NULL,NULL,NULL,NULL,NULL,NULL,NULL,NULL,NULL,NULL,NULL,NULL,NULL,NULL,NULL,NULL,NULL,NULL,NULL,NULL,NULL,NULL,NULL,NULL,NULL,NULL,NULL
B-A,S,Over40,5.0,Build 2 -week 1,Build 2 -week 2,Build 2 -week 4,Peak -week 1,Race,NULL,NULL,NULL,NULL,NULL,NULL,NULL,NULL,NULL,NULL,NULL,NULL,NULL,NULL,NULL,NULL,NULL,NULL,NULL,NULL,NULL,NULL,NULL,NULL,NULL,NULL,NULL,NULL,NULL,NULL,NULL,NULL,NULL,NULL,NULL,NULL,NULL,NULL,NULL,NULL,NULL,NULL,NULL
B-A,S,Over40,11.0,Build 1 -week 1,Build 1 -week 2,Build 1 -week 4,Build 2 -week 1,Build 2 -week 2,Build 2 -week 4,Build 2 -week 1,Build 2 -week 2,Build 2 -week 4,Peak -week 1,Race,NULL,NULL,NULL,NULL,NULL,NULL,NULL,NULL,NULL,NULL,NULL,NULL,NULL,NULL,NULL,NULL,NULL,NULL,NULL,NULL,NULL,NULL,NULL,NULL,NULL,NULL,NULL,NULL,NULL,NULL,NULL,NULL,NULL,NULL,NULL,NULL,NULL
B-A,S,Under40,2.0,Peak -week 1,Race,NULL,NULL,NULL,NULL,NULL,NULL,NULL,NULL,NULL,NULL,NULL,NULL,NULL,NULL,NULL,NULL,NULL,NULL,NULL,NULL,NULL,NULL,NULL,NULL,NULL,NULL,NULL,NULL,NULL,NULL,NULL,NULL,NULL,NULL,NULL,NULL,NULL,NULL,NULL,NULL,NULL,NULL,NULL,NULL,NULL,NULL
A-B,W,Over40,22.0,Transition,Base 3 -week 1,Base 3 -week 2,Base 3 -week 4,Base 3 -week 1,Base 3 -week 2,Base 3 -week 4,Base 3 -week 1,Base 3 -week 2,Base 3 -week 4,Base 3 -week 1,Base 3 -week 2,Base 3 -week 4,Build 1 -week 1,Build 1 -week 2,Build 1 -week 4,Build 2 -week 1,Build 2 -week 2,Build 2 -week 4,Build 2 -week 1,Build 2 -week 2,Build 2 -week 4,NULL,NULL,NULL,NULL,NULL,NULL,NULL,NULL,NULL,NULL,NULL,NULL,NULL,NULL,NULL,NULL,NULL,NULL,NULL,NULL,NULL,NULL,NULL,NULL,NULL,NULL
A-B,W,Over40,23.0,Transition,Base 2 -week 4,Base 3 -week 1,Base 3 -week 2,Base 3 -week 4,Base 3 -week 1,Base 3 -week 2,Base 3 -week 4,Base 3 -week 1,Base 3 -week 2,Base 3 -week 4,Base 3 -week 1,Base 3 -week 2,Base 3 -week 4,Build 1 -week 1,Build 1 -week 2,Build 1 -week 4,Build 2 -week 1,Build 2 -week 2,Build 2 -week 4,Build 2 -week 1,Build 2 -week 2,Build 2 -week 4,NULL,NULL,NULL,NULL,NULL,NULL,NULL,NULL,NULL,NULL,NULL,NULL,NULL,NULL,NULL,NULL,NULL,NULL,NULL,NULL,NULL,NULL,NULL,NULL,NULL
A-B,W,Over40,24.0,Transition,Base 2 -week 2,Base 2 -week 4,Base 3 -week 1,Base 3 -week 2,Base 3 -week 4,Base 3 -week 1,Base 3 -week 2,Base 3 -week 4,Base 3 -week 1,Base 3 -week 2,Base 3 -week 4,Base 3 -week 1,Base 3 -week 2,Base 3 -week 4,Build 1 -week 1,Build 1 -week 2,Build 1 -week 4,Build 2 -week 1,Build 2 -week 2,Build 2 -week 4,Build 2 -week 1,Build 2 -week 2,Build 2 -week 4,NULL,NULL,NULL,NULL,NULL,NULL,NULL,NULL,NULL,NULL,NULL,NULL,NULL,NULL,NULL,NULL,NULL,NULL,NULL,NULL,NULL,NULL,NULL,NULL
A-B,W,Over40,25.0,Transition,Base 2 -week 1,Base 2 -week 2,Base 2 -week 4,Base 3 -week 1,Base 3 -week 2,Base 3 -week 4,Base 3 -week 1,Base 3 -week 2,Base 3 -week 4,Base 3 -week 1,Base 3 -week 2,Base 3 -week 4,Base 3 -week 1,Base 3 -week 2,Base 3 -week 4,Build 1 -week 1,Build 1 -week 2,Build 1 -week 4,Build 2 -week 1,Build 2 -week 2,Build 2 -week 4,Build 2 -week 1,Build 2 -week 2,Build 2 -week 4,NULL,NULL,NULL,NULL,NULL,NULL,NULL,NULL,NULL,NULL,NULL,NULL,NULL,NULL,NULL,NULL,NULL,NULL,NULL,NULL,NULL,NULL,NULL
A-B,W,Over40,26.0,Transition,Base 2 -week 4,Base 2 -week 1,Base 2 -week 2,Base 2 -week 4,Base 3 -week 1,Base 3 -week 2,Base 3 -week 4,Base 3 -week 1,Base 3 -week 2,Base 3 -week 4,Base 3 -week 1,Base 3 -week 2,Base 3 -week 4,Base 3 -week 1,Base 3 -week 2,Base 3 -week 4,Build 1 -week 1,Build 1 -week 2,Build 1 -week 4,Build 2 -week 1,Build 2 -week 2,Build 2 -week 4,Build 2 -week 1,Build 2 -week 2,Build 2 -week 4,NULL,NULL,NULL,NULL,NULL,NULL,NULL,NULL,NULL,NULL,NULL,NULL,NULL,NULL,NULL,NULL,NULL,NULL,NULL,NULL,NULL,NULL
A-B,W,Over40,27.0,Transition,Base 2 -week 2,Base 2 -week 4,Base 2 -week 1,Base 2 -week 2,Base 2 -week 4,Base 3 -week 1,Base 3 -week 2,Base 3 -week 4,Base 3 -week 1,Base 3 -week 2,Base 3 -week 4,Base 3 -week 1,Base 3 -week 2,Base 3 -week 4,Base 3 -week 1,Base 3 -week 2,Base 3 -week 4,Build 1 -week 1,Build 1 -week 2,Build 1 -week 4,Build 2 -week 1,Build 2 -week 2,Build 2 -week 4,Build 2 -week 1,Build 2 -week 2,Build 2 -week 4,NULL,NULL,NULL,NULL,NULL,NULL,NULL,NULL,NULL,NULL,NULL,NULL,NULL,NULL,NULL,NULL,NULL,NULL,NULL,NULL,NULL
A-B,W,Over40,28.0,Transition,Base 2 -week 1,Base 2 -week 2,Base 2 -week 4,Base 2 -week 1,Base 2 -week 2,Base 2 -week 4,Base 3 -week 1,Base 3 -week 2,Base 3 -week 4,Base 3 -week 1,Base 3 -week 2,Base 3 -week 4,Base 3 -week 1,Base 3 -week 2,Base 3 -week 4,Base 3 -week 1,Base 3 -week 2,Base 3 -week 4,Build 1 -week 1,Build 1 -week 2,Build 1 -week 4,Build 2 -week 1,Build 2 -week 2,Build 2 -week 4,Build 2 -week 1,Build 2 -week 2,Build 2 -week 4,NULL,NULL,NULL,NULL,NULL,NULL,NULL,NULL,NULL,NULL,NULL,NULL,NULL,NULL,NULL,NULL,NULL,NULL,NULL,NULL
A-B,W,Over40,29.0,Transition,Base 1 -week 4,Base 2 -week 1,Base 2 -week 2,Base 2 -week 4,Base 2 -week 1,Base 2 -week 2,Base 2 -week 4,Base 3 -week 1,Base 3 -week 2,Base 3 -week 4,Base 3 -week 1,Base 3 -week 2,Base 3 -week 4,Base 3 -week 1,Base 3 -week 2,Base 3 -week 4,Base 3 -week 1,Base 3 -week 2,Base 3 -week 4,Build 1 -week 1,Build 1 -week 2,Build 1 -week 4,Build 2 -week 1,Build 2 -week 2,Build 2 -week 4,Build 2 -week 1,Build 2 -week 2,Build 2 -week 4,NULL,NULL,NULL,NULL,NULL,NULL,NULL,NULL,NULL,NULL,NULL,NULL,NULL,NULL,NULL,NULL,NULL,NULL,NULL
A-B,W,Under40,8.0,Base 2 -week 1,Base 2 -week 2,Base 2 -week 3,Base 2 -week 4,Base 3 -week 1,Base 3 -week 2,Base 3 -week 3,Base 3 -week 4,NULL,NULL,NULL,NULL,NULL,NULL,NULL,NULL,NULL,NULL,NULL,NULL,NULL,NULL,NULL,NULL,NULL,NULL,NULL,NULL,NULL,NULL,NULL,NULL,NULL,NULL,NULL,NULL,NULL,NULL,NULL,NULL,NULL,NULL,NULL,NULL,NULL,NULL,NULL,NULL
A-B,W,Under40,10.0,Transition,Base 2 -week 1,Base 2 -week 2,Base 2 -week 3,Base 2 -week 4,Base 3 -week 1,Base 3 -week 2,Base 3 -week 4,Build 1 -week 1,Build 1 -week 4,NULL,NULL,NULL,NULL,NULL,NULL,NULL,NULL,NULL,NULL,NULL,NULL,NULL,NULL,NULL,NULL,NULL,NULL,NULL,NULL,NULL,NULL,NULL,NULL,NULL,NULL,NULL,NULL,NULL,NULL,NULL,NULL,NULL,NULL,NULL,NULL,NULL,NULL
B-A,S,Over40,8.0,Build 1 -week 2,Build 1 -week 4,Build 2 -week 1,Build 2 -week 2,Build 2 -week 4,Peak -week 1,Peak -week 2,Race,NULL,NULL,NULL,NULL,NULL,NULL,NULL,NULL,NULL,NULL,NULL,NULL,NULL,NULL,NULL,NULL,NULL,NULL,NULL,NULL,NULL,NULL,NULL,NULL,NULL,NULL,NULL,NULL,NULL,NULL,NULL,NULL,NULL,NULL,NULL,NULL,NULL,NULL,NULL,NULL
A-B,W,Under40,11.0,Transition,Base 2 -week 1,Base 2 -week 2,Base 2 -week 3,Base 2 -week 4,Base 3 -week 1,Base 3 -week 2,Base 3 -week 3,Base 3 -week 4,Build 1 -week 1,Build 1 -week 4,NULL,NULL,NULL,NULL,NULL,NULL,NULL,NULL,NULL,NULL,NULL,NULL,NULL,NULL,NULL,NULL,NULL,NULL,NULL,NULL,NULL,NULL,NULL,NULL,NULL,NULL,NULL,NULL,NULL,NULL,NULL,NULL,NULL,NULL,NULL,NULL,NULL
A-B,W,Over40,30.0,Transition,Base 1 -week 2,Base 1 -week 4,Base 2 -week 1,Base 2 -week 2,Base 2 -week 4,Base 2 -week 1,Base 2 -week 2,Base 2 -week 4,Base 3 -week 1,Base 3 -week 2,Base 3 -week 4,Base 3 -week 1,Base 3 -week 2,Base 3 -week 4,Base 3 -week 1,Base 3 -week 2,Base 3 -week 4,Base 3 -week 1,Base 3 -week 2,Base 3 -week 4,Build 1 -week 1,Build 1 -week 2,Build 1 -week 4,Build 2 -week 1,Build 2 -week 2,Build 2 -week 4,Build 2 -week 1,Build 2 -week 2,Build 2 -week 4,NULL,NULL,NULL,NULL,NULL,NULL,NULL,NULL,NULL,NULL,NULL,NULL,NULL,NULL,NULL,NULL,NULL,NULL
A-B,W,Over40,31.0,Transition,Base 1 -week 1,Base 1 -week 2,Base 1 -week 4,Base 2 -week 1,Base 2 -week 2,Base 2 -week 4,Base 2 -week 1,Base 2 -week 2,Base 2 -week 4,Base 3 -week 1,Base 3 -week 2,Base 3 -week 4,Base 3 -week 1,Base 3 -week 2,Base 3 -week 4,Base 3 -week 1,Base 3 -week 2,Base 3 -week 4,Base 3 -week 1,Base 3 -week 2,Base 3 -week 4,Build 1 -week 1,Build 1 -week 2,Build 1 -week 4,Build 2 -week 1,Build 2 -week 2,Build 2 -week 4,Build 2 -week 1,Build 2 -week 2,Build 2 -week 4,NULL,NULL,NULL,NULL,NULL,NULL,NULL,NULL,NULL,NULL,NULL,NULL,NULL,NULL,NULL,NULL,NULL
A-B,W,Over40,32.0,Transition,Transition,Base 1 -week 1,Base 1 -week 2,Base 1 -week 4,Base 2 -week 1,Base 2 -week 2,Base 2 -week 4,Base 2 -week 1,Base 2 -week 2,Base 2 -week 4,Base 3 -week 1,Base 3 -week 2,Base 3 -week 4,Base 3 -week 1,Base 3 -week 2,Base 3 -week 4,Base 3 -week 1,Base 3 -week 2,Base 3 -week 4,Base 3 -week 1,Base 3 -week 2,Base 3 -week 4,Build 1 -week 1,Build 1 -week 2,Build 1 -week 4,Build 2 -week 1,Build 2 -week 2,Build 2 -week 4,Build 2 -week 1,Build 2 -week 2,Build 2 -week 4,NULL,NULL,NULL,NULL,NULL,NULL,NULL,NULL,NULL,NULL,NULL,NULL,NULL,NULL,NULL,NULL
A-B,S,Under40,12.0,Transition,Base 3 -week 2,Base 3 -week 3,Base 3 -week 4,Build 1 -week 1,Build 1 -week 2,Build 1 -week 3,Build 1 -week 4,Build 2 -week 1,Build 2 -week 2,Build 2 -week 3,Build 2 -week 4,NULL,NULL,NULL,NULL,NULL,NULL,NULL,NULL,NULL,NULL,NULL,NULL,NULL,NULL,NULL,NULL,NULL,NULL,NULL,NULL,NULL,NULL,NULL,NULL,NULL,NULL,NULL,NULL,NULL,NULL,NULL,NULL,NULL,NULL,NULL,NULL
A-B,S,Under40,13.0,Transition,Base 3 -week 1,Base 3 -week 2,Base 3 -week 3,Base 3 -week 4,Build 1 -week 1,Build 1 -week 2,Build 1 -week 3,Build 1 -week 4,Build 2 -week 1,Build 2 -week 2,Build 2 -week 3,Build 2 -week 4,NULL,NULL,NULL,NULL,NULL,NULL,NULL,NULL,NULL,NULL,NULL,NULL,NULL,NULL,NULL,NULL,NULL,NULL,NULL,NULL,NULL,NULL,NULL,NULL,NULL,NULL,NULL,NULL,NULL,NULL,NULL,NULL,NULL,NULL,NULL
A-B,S,Under40,14.0,Transition,Build 1 -week 3,Build 1 -week 4,Base 3 -week 2,Base 3 -week 3,Base 3 -week 4,Build 1 -week 1,Build 1 -week 2,Build 1 -week 3,Build 1 -week 4,Build 2 -week 1,Build 2 -week 2,Build 2 -week 3,Build 2 -week 4,NULL,NULL,NULL,NULL,NULL,NULL,NULL,NULL,NULL,NULL,NULL,NULL,NULL,NULL,NULL,NULL,NULL,NULL,NULL,NULL,NULL,NULL,NULL,NULL,NULL,NULL,NULL,NULL,NULL,NULL,NULL,NULL,NULL,NULL
A-B,S,Under40,15.0,Transition,Build 1 -week 3,Build 1 -week 4,Base 3 -week 1,Base 3 -week 2,Base 3 -week 3,Base 3 -week 4,Build 1 -week 1,Build 1 -week 2,Build 1 -week 3,Build 1 -week 4,Build 2 -week 1,Build 2 -week 2,Build 2 -week 3,Build 2 -week 4,NULL,NULL,NULL,NULL,NULL,NULL,NULL,NULL,NULL,NULL,NULL,NULL,NULL,NULL,NULL,NULL,NULL,NULL,NULL,NULL,NULL,NULL,NULL,NULL,NULL,NULL,NULL,NULL,NULL,NULL,NULL,NULL,NULL
A-B,S,Under40,16.0,Transition,Build 1 -week 2,Build 1 -week 3,Build 1 -week 4,Base 3 -week 1,Base 3 -week 2,Base 3 -week 3,Base 3 -week 4,Build 1 -week 1,Build 1 -week 2,Build 1 -week 3,Build 1 -week 4,Build 2 -week 1,Build 2 -week 2,Build 2 -week 3,Build 2 -week 4,NULL,NULL,NULL,NULL,NULL,NULL,NULL,NULL,NULL,NULL,NULL,NULL,NULL,NULL,NULL,NULL,NULL,NULL,NULL,NULL,NULL,NULL,NULL,NULL,NULL,NULL,NULL,NULL,NULL,NULL,NULL,NULL
A-B,S,Under40,17.0,Transition,Build 1 -week 1,Build 1 -week 2,Build 1 -week 3,Build 1 -week 4,Base 3 -week 1,Base 3 -week 2,Base 3 -week 3,Base 3 -week 4,Build 1 -week 1,Build 1 -week 2,Build 1 -week 3,Build 1 -week 4,Build 2 -week 1,Build 2 -week 2,Build 2 -week 3,Build 2 -week 4,NULL,NULL,NULL,NULL,NULL,NULL,NULL,NULL,NULL,NULL,NULL,NULL,NULL,NULL,NULL,NULL,NULL,NULL,NULL,NULL,NULL,NULL,NULL,NULL,NULL,NULL,NULL,NULL,NULL,NULL,NULL
A-B,S,Under40,18.0,Transition,Base 3 -week 3,Base 3 -week 4,Build 1 -week 1,Build 1 -week 2,Build 1 -week 4,Base 3 -week 1,Base 3 -week 2,Base 3 -week 3,Base 3 -week 4,Build 1 -week 1,Build 1 -week 2,Build 1 -week 3,Build 1 -week 4,Build 2 -week 1,Build 2 -week 2,Build 2 -week 3,Build 2 -week 4,NULL,NULL,NULL,NULL,NULL,NULL,NULL,NULL,NULL,NULL,NULL,NULL,NULL,NULL,NULL,NULL,NULL,NULL,NULL,NULL,NULL,NULL,NULL,NULL,NULL,NULL,NULL,NULL,NULL,NULL
B-A,S,Over40,4.0,Build 2 -week 2,Build 2 -week 4,Peak -week 1,Race,NULL,NULL,NULL,NULL,NULL,NULL,NULL,NULL,NULL,NULL,NULL,NULL,NULL,NULL,NULL,NULL,NULL,NULL,NULL,NULL,NULL,NULL,NULL,NULL,NULL,NULL,NULL,NULL,NULL,NULL,NULL,NULL,NULL,NULL,NULL,NULL,NULL,NULL,NULL,NULL,NULL,NULL,NULL,NULL
B-A,S,Over40,9.0,Build 1 -week 1,Build 1 -week 2,Build 1 -week 4,Build 2 -week 1,Build 2 -week 2,Build 2 -week 4,Peak -week 1,Peak -week 2,Race,NULL,NULL,NULL,NULL,NULL,NULL,NULL,NULL,NULL,NULL,NULL,NULL,NULL,NULL,NULL,NULL,NULL,NULL,NULL,NULL,NULL,NULL,NULL,NULL,NULL,NULL,NULL,NULL,NULL,NULL,NULL,NULL,NULL,NULL,NULL,NULL,NULL,NULL,NULL
B-A,W,Over40,6.0,Base 3 -week 1,Base 3 -week 2,Base 3 -week 4,Base 3 -week 1,Peak -week 1,Race,NULL,NULL,NULL,NULL,NULL,NULL,NULL,NULL,NULL,NULL,NULL,NULL,NULL,NULL,NULL,NULL,NULL,NULL,NULL,NULL,NULL,NULL,NULL,NULL,NULL,NULL,NULL,NULL,NULL,NULL,NULL,NULL,NULL,NULL,NULL,NULL,NULL,NULL,NULL,NULL,NULL,NULL
B-A,W,Over40,7.0,Base 3 -week 4,Base 3 -week 1,Base 3 -week 2,Base 3 -week 4,Base 3 -week 1,Peak -week 1,Race,NULL,NULL,NULL,NULL,NULL,NULL,NULL,NULL,NULL,NULL,NULL,NULL,NULL,NULL,NULL,NULL,NULL,NULL,NULL,NULL,NULL,NULL,NULL,NULL,NULL,NULL,NULL,NULL,NULL,NULL,NULL,NULL,NULL,NULL,NULL,NULL,NULL,NULL,NULL,NULL,NULL
B-A,W,Over40,12.0,Base 3 -week 1,Base 3 -week 2,Base 3 -week 4,Build 1 -week 1,Build 1 -week 2,Build 1 -week 4,Build 2 -week 1,Build 2 -week 2,Build 2 -week 4,Peak -week 1,Peak -week 2,Race,NULL,NULL,NULL,NULL,NULL,NULL,NULL,NULL,NULL,NULL,NULL,NULL,NULL,NULL,NULL,NULL,NULL,NULL,NULL,NULL,NULL,NULL,NULL,NULL,NULL,NULL,NULL,NULL,NULL,NULL,NULL,NULL,NULL,NULL,NULL,NULL
A-B,S,Under40,19.0,Transition,Base 3 -week 2,Base 3 -week 3,Base 3 -week 4,Build 1 -week 1,Build 1 -week 2,Build 1 -week 4,Base 3 -week 1,Base 3 -week 2,Base 3 -week 3,Base 3 -week 4,Build 1 -week 1,Build 1 -week 2,Build 1 -week 3,Build 1 -week 4,Build 2 -week 1,Build 2 -week 2,Build 2 -week 3,Build 2 -week 4,NULL,NULL,NULL,NULL,NULL,NULL,NULL,NULL,NULL,NULL,NULL,NULL,NULL,NULL,NULL,NULL,NULL,NULL,NULL,NULL,NULL,NULL,NULL,NULL,NULL,NULL,NULL,NULL,NULL
A-B,S,Under40,20.0,Transition,Base 3 -week 1,Base 3 -week 2,Base 3 -week 3,Base 3 -week 4,Build 1 -week 1,Build 1 -week 2,Build 1 -week 4,Base 3 -week 1,Base 3 -week 2,Base 3 -week 3,Base 3 -week 4,Build 1 -week 1,Build 1 -week 2,Build 1 -week 3,Build 1 -week 4,Build 2 -week 1,Build 2 -week 2,Build 2 -week 3,Build 2 -week 4,NULL,NULL,NULL,NULL,NULL,NULL,NULL,NULL,NULL,NULL,NULL,NULL,NULL,NULL,NULL,NULL,NULL,NULL,NULL,NULL,NULL,NULL,NULL,NULL,NULL,NULL,NULL,NULL
A-B,S,Under40,21.0,Transition,Build 1 -week 4,Base 3 -week 1,Base 3 -week 2,Base 3 -week 3,Base 3 -week 4,Build 1 -week 1,Build 1 -week 2,Build 1 -week 4,Base 3 -week 1,Base 3 -week 2,Base 3 -week 3,Base 3 -week 4,Build 1 -week 1,Build 1 -week 2,Build 1 -week 3,Build 1 -week 4,Build 2 -week 1,Build 2 -week 2,Build 2 -week 3,Build 2 -week 4,NULL,NULL,NULL,NULL,NULL,NULL,NULL,NULL,NULL,NULL,NULL,NULL,NULL,NULL,NULL,NULL,NULL,NULL,NULL,NULL,NULL,NULL,NULL,NULL,NULL,NULL,NULL
A-B,S,Under40,22.0,Transition,Build 1 -week 2,Build 1 -week 4,Base 3 -week 1,Base 3 -week 2,Base 3 -week 3,Base 3 -week 4,Build 1 -week 1,Build 1 -week 2,Build 1 -week 4,Base 3 -week 1,Base 3 -week 2,Base 3 -week 3,Base 3 -week 4,Build 1 -week 1,Build 1 -week 2,Build 1 -week 3,Build 1 -week 4,Build 2 -week 1,Build 2 -week 2,Build 2 -week 3,Build 2 -week 4,NULL,NULL,NULL,NULL,NULL,NULL,NULL,NULL,NULL,NULL,NULL,NULL,NULL,NULL,NULL,NULL,NULL,NULL,NULL,NULL,NULL,NULL,NULL,NULL,NULL,NULL
A-B,S,Under40,23.0,Transition,Build 1 -week 1,Build 1 -week 2,Build 1 -week 4,Base 3 -week 1,Base 3 -week 2,Base 3 -week 3,Base 3 -week 4,Build 1 -week 1,Build 1 -week 2,Build 1 -week 4,Base 3 -week 1,Base 3 -week 2,Base 3 -week 3,Base 3 -week 4,Build 1 -week 1,Build 1 -week 2,Build 1 -week 3,Build 1 -week 4,Build 2 -week 1,Build 2 -week 2,Build 2 -week 3,Build 2 -week 4,NULL,NULL,NULL,NULL,NULL,NULL,NULL,NULL,NULL,NULL,NULL,NULL,NULL,NULL,NULL,NULL,NULL,NULL,NULL,NULL,NULL,NULL,NULL,NULL,NULL
A-B,S,Under40,24.0,Transition,Build 1 -week 1,Build 1 -week 2,Build 1 -week 4,Base 3 -week 1,Base 3 -week 2,Base 3 -week 3,Base 3 -week 4,Build 1 -week 1,Build 1 -week 2,Build 1 -week 3,Build 1 -week 4,Base 3 -week 1,Base 3 -week 2,Base 3 -week 3,Base 3 -week 4,Build 1 -week 1,Build 1 -week 2,Build 1 -week 3,Build 1 -week 4,Build 2 -week 1,Build 2 -week 2,Build 2 -week 3,Build 2 -week 4,NULL,NULL,NULL,NULL,NULL,NULL,NULL,NULL,NULL,NULL,NULL,NULL,NULL,NULL,NULL,NULL,NULL,NULL,NULL,NULL,NULL,NULL,NULL,NULL
A-B,S,Under40,25.0,Transition,Base 2 -week 4,Build 1 -week 1,Build 1 -week 2,Build 1 -week 4,Base 3 -week 1,Base 3 -week 2,Base 3 -week 3,Base 3 -week 4,Build 1 -week 1,Build 1 -week 2,Build 1 -week 3,Build 1 -week 4,Base 3 -week 1,Base 3 -week 2,Base 3 -week 3,Base 3 -week 4,Build 1 -week 1,Build 1 -week 2,Build 1 -week 3,Build 1 -week 4,Build 2 -week 1,Build 2 -week 2,Build 2 -week 3,Build 2 -week 4,NULL,NULL,NULL,NULL,NULL,NULL,NULL,NULL,NULL,NULL,NULL,NULL,NULL,NULL,NULL,NULL,NULL,NULL,NULL,NULL,NULL,NULL,NULL
A-B,S,Under40,26.0,Transition,Base 2 -week 3,Base 2 -week 4,Build 1 -week 1,Build 1 -week 2,Build 1 -week 4,Base 3 -week 1,Base 3 -week 2,Base 3 -week 3,Base 3 -week 4,Build 1 -week 1,Build 1 -week 2,Build 1 -week 3,Build 1 -week 4,Base 3 -week 1,Base 3 -week 2,Base 3 -week 3,Base 3 -week 4,Build 1 -week 1,Build 1 -week 2,Build 1 -week 3,Build 1 -week 4,Build 2 -week 1,Build 2 -week 2,Build 2 -week 3,Build 2 -week 4,NULL,NULL,NULL,NULL,NULL,NULL,NULL,NULL,NULL,NULL,NULL,NULL,NULL,NULL,NULL,NULL,NULL,NULL,NULL,NULL,NULL,NULL
A-B,S,Under40,27.0,Transition,Base 2 -week 2,Base 2 -week 3,Base 2 -week 4,Build 1 -week 1,Build 1 -week 2,Build 1 -week 4,Base 3 -week 1,Base 3 -week 2,Base 3 -week 3,Base 3 -week 4,Build 1 -week 1,Build 1 -week 2,Build 1 -week 3,Build 1 -week 4,Base 3 -week 1,Base 3 -week 2,Base 3 -week 3,Base 3 -week 4,Build 1 -week 1,Build 1 -week 2,Build 1 -week 3,Build 1 -week 4,Build 2 -week 1,Build 2 -week 2,Build 2 -week 3,Build 2 -week 4,NULL,NULL,NULL,NULL,NULL,NULL,NULL,NULL,NULL,NULL,NULL,NULL,NULL,NULL,NULL,NULL,NULL,NULL,NULL,NULL,NULL
B-A,S,Over40,2.0,Peak -week 1,Race,NULL,NULL,NULL,NULL,NULL,NULL,NULL,NULL,NULL,NULL,NULL,NULL,NULL,NULL,NULL,NULL,NULL,NULL,NULL,NULL,NULL,NULL,NULL,NULL,NULL,NULL,NULL,NULL,NULL,NULL,NULL,NULL,NULL,NULL,NULL,NULL,NULL,NULL,NULL,NULL,NULL,NULL,NULL,NULL,NULL,NULL
B-A,S,Over40,6.0,Build 1 -week 4,Build 2 -week 1,Build 2 -week 2,Build 2 -week 4,Peak -week 1,Race,NULL,NULL,NULL,NULL,NULL,NULL,NULL,NULL,NULL,NULL,NULL,NULL,NULL,NULL,NULL,NULL,NULL,NULL,NULL,NULL,NULL,NULL,NULL,NULL,NULL,NULL,NULL,NULL,NULL,NULL,NULL,NULL,NULL,NULL,NULL,NULL,NULL,NULL,NULL,NULL,NULL,NULL
B-A,S,Over40,10.0,Build 1 -week 4,Build 2 -week 1,Build 2 -week 2,Build 2 -week 4,Build 2 -week 1,Build 2 -week 2,Build 2 -week 4,Peak -week 1,Peak -week 2,Race,NULL,NULL,NULL,NULL,NULL,NULL,NULL,NULL,NULL,NULL,NULL,NULL,NULL,NULL,NULL,NULL,NULL,NULL,NULL,NULL,NULL,NULL,NULL,NULL,NULL,NULL,NULL,NULL,NULL,NULL,NULL,NULL,NULL,NULL,NULL,NULL,NULL,NULL
B-A,S,Under40,4.0,Build 1 -week 1,Build 1 -week 2,Peak -week 1,Race,NULL,NULL,NULL,NULL,NULL,NULL,NULL,NULL,NULL,NULL,NULL,NULL,NULL,NULL,NULL,NULL,NULL,NULL,NULL,NULL,NULL,NULL,NULL,NULL,NULL,NULL,NULL,NULL,NULL,NULL,NULL,NULL,NULL,NULL,NULL,NULL,NULL,NULL,NULL,NULL,NULL,NULL,NULL,NULL
B-A,W,Over40,1.0,Race,NULL,NULL,NULL,NULL,NULL,NULL,NULL,NULL,NULL,NULL,NULL,NULL,NULL,NULL,NULL,NULL,NULL,NULL,NULL,NULL,NULL,NULL,NULL,NULL,NULL,NULL,NULL,NULL,NULL,NULL,NULL,NULL,NULL,NULL,NULL,NULL,NULL,NULL,NULL,NULL,NULL,NULL,NULL,NULL,NULL,NULL,NULL
A-B,S,Under40,28.0,Transition,Base 2 -week 1,Base 2 -week 2,Base 2 -week 3,Base 2 -week 4,Build 1 -week 1,Build 1 -week 2,Build 1 -week 4,Base 3 -week 1,Base 3 -week 2,Base 3 -week 3,Base 3 -week 4,Build 1 -week 1,Build 1 -week 2,Build 1 -week 3,Build 1 -week 4,Base 3 -week 1,Base 3 -week 2,Base 3 -week 3,Base 3 -week 4,Build 1 -week 1,Build 1 -week 2,Build 1 -week 3,Build 1 -week 4,Build 2 -week 1,Build 2 -week 2,Build 2 -week 3,Build 2 -week 4,NULL,NULL,NULL,NULL,NULL,NULL,NULL,NULL,NULL,NULL,NULL,NULL,NULL,NULL,NULL,NULL,NULL,NULL,NULL,NULL
A-B,S,Under40,29.0,Transition,Base 2 -week 4,Base 2 -week 1,Base 2 -week 2,Base 2 -week 3,Base 2 -week 4,Build 1 -week 1,Build 1 -week 2,Build 1 -week 4,Base 3 -week 1,Base 3 -week 2,Base 3 -week 3,Base 3 -week 4,Build 1 -week 1,Build 1 -week 2,Build 1 -week 3,Build 1 -week 4,Base 3 -week 1,Base 3 -week 2,Base 3 -week 3,Base 3 -week 4,Build 1 -week 1,Build 1 -week 2,Build 1 -week 3,Build 1 -week 4,Build 2 -week 1,Build 2 -week 2,Build 2 -week 3,Build 2 -week 4,NULL,NULL,NULL,NULL,NULL,NULL,NULL,NULL,NULL,NULL,NULL,NULL,NULL,NULL,NULL,NULL,NULL,NULL,NULL
A-B,S,Under40,30.0,Transition,Base 2 -week 3,Base 2 -week 4,Base 2 -week 1,Base 2 -week 2,Base 2 -week 3,Base 2 -week 4,Build 1 -week 1,Build 1 -week 2,Build 1 -week 4,Base 3 -week 1,Base 3 -week 2,Base 3 -week 3,Base 3 -week 4,Build 1 -week 1,Build 1 -week 2,Build 1 -week 3,Build 1 -week 4,Base 3 -week 1,Base 3 -week 2,Base 3 -week 3,Base 3 -week 4,Build 1 -week 1,Build 1 -week 2,Build 1 -week 3,Build 1 -week 4,Build 2 -week 1,Build 2 -week 2,Build 2 -week 3,Build 2 -week 4,NULL,NULL,NULL,NULL,NULL,NULL,NULL,NULL,NULL,NULL,NULL,NULL,NULL,NULL,NULL,NULL,NULL,NULL
A-B,S,Under40,31.0,Transition,Base 2 -week 2,Base 2 -week 3,Base 2 -week 4,Base 2 -week 1,Base 2 -week 2,Base 2 -week 3,Base 2 -week 4,Build 1 -week 1,Build 1 -week 2,Build 1 -week 4,Base 3 -week 1,Base 3 -week 2,Base 3 -week 3,Base 3 -week 4,Build 1 -week 1,Build 1 -week 2,Build 1 -week 3,Build 1 -week 4,Base 3 -week 1,Base 3 -week 2,Base 3 -week 3,Base 3 -week 4,Build 1 -week 1,Build 1 -week 2,Build 1 -week 3,Build 1 -week 4,Build 2 -week 1,Build 2 -week 2,Build 2 -week 3,Build 2 -week 4,NULL,NULL,NULL,NULL,NULL,NULL,NULL,NULL,NULL,NULL,NULL,NULL,NULL,NULL,NULL,NULL,NULL
A-B,S,Under40,32.0,Transition,Transition,Base 2 -week 2,Base 2 -week 3,Base 2 -week 4,Base 2 -week 1,Base 2 -week 2,Base 2 -week 3,Base 2 -week 4,Build 1 -week 1,Build 1 -week 2,Build 1 -week 4,Base 3 -week 1,Base 3 -week 2,Base 3 -week 3,Base 3 -week 4,Build 1 -week 1,Build 1 -week 2,Build 1 -week 3,Build 1 -week 4,Base 3 -week 1,Base 3 -week 2,Base 3 -week 3,Base 3 -week 4,Build 1 -week 1,Build 1 -week 2,Build 1 -week 3,Build 1 -week 4,Build 2 -week 1,Build 2 -week 2,Build 2 -week 3,Build 2 -week 4,NULL,NULL,NULL,NULL,NULL,NULL,NULL,NULL,NULL,NULL,NULL,NULL,NULL,NULL,NULL,NULL
A-B,W,Under40,12.0,Transition,Base 2 -week 1,Base 2 -week 2,Base 2 -week 3,Base 2 -week 4,Base 3 -week 1,Base 3 -week 2,Base 3 -week 3,Base 3 -week 4,Build 1 -week 1,Build 1 -week 2,Build 1 -week 4,NULL,NULL,NULL,NULL,NULL,NULL,NULL,NULL,NULL,NULL,NULL,NULL,NULL,NULL,NULL,NULL,NULL,NULL,NULL,NULL,NULL,NULL,NULL,NULL,NULL,NULL,NULL,NULL,NULL,NULL,NULL,NULL,NULL,NULL,NULL,NULL
A-B,W,Under40,13.0,Transition,Base 2 -week 1,Base 2 -week 2,Base 2 -week 3,Base 2 -week 4,Base 3 -week 1,Base 3 -week 2,Base 3 -week 3,Base 3 -week 4,Build 1 -week 1,Build 1 -week 2,Build 1 -week 3,Build 1 -week 4,NULL,NULL,NULL,NULL,NULL,NULL,NULL,NULL,NULL,NULL,NULL,NULL,NULL,NULL,NULL,NULL,NULL,NULL,NULL,NULL,NULL,NULL,NULL,NULL,NULL,NULL,NULL,NULL,NULL,NULL,NULL,NULL,NULL,NULL,NULL
A-B,W,Under40,14.0,Transition,Base 2 -week 1,Base 2 -week 2,Base 2 -week 3,Base 2 -week 4,Base 3 -week 1,Base 3 -week 2,Base 3 -week 3,Base 3 -week 4,Build 1 -week 1,Build 1 -week 2,Build 1 -week 4,Build 2 -week 2,Build 2 -week 4,NULL,NULL,NULL,NULL,NULL,NULL,NULL,NULL,NULL,NULL,NULL,NULL,NULL,NULL,NULL,NULL,NULL,NULL,NULL,NULL,NULL,NULL,NULL,NULL,NULL,NULL,NULL,NULL,NULL,NULL,NULL,NULL,NULL,NULL
A-B,W,Under40,15.0,Transition,Base 2 -week 1,Base 2 -week 2,Base 2 -week 3,Base 2 -week 4,Base 3 -week 1,Base 3 -week 2,Base 3 -week 3,Base 3 -week 4,Build 1 -week 1,Build 1 -week 2,Build 1 -week 4,Build 2 -week 1,Build 2 -week 2,Build 2 -week 4,NULL,NULL,NULL,NULL,NULL,NULL,NULL,NULL,NULL,NULL,NULL,NULL,NULL,NULL,NULL,NULL,NULL,NULL,NULL,NULL,NULL,NULL,NULL,NULL,NULL,NULL,NULL,NULL,NULL,NULL,NULL,NULL,NULL
B-A,S,Over40,12.0,Build 1 -week 1,Build 1 -week 2,Build 1 -week 4,Build 2 -week 1,Build 2 -week 2,Build 2 -week 4,Build 2 -week 1,Build 2 -week 2,Build 2 -week 4,Peak -week 1,Peak -week 2,Race,NULL,NULL,NULL,NULL,NULL,NULL,NULL,NULL,NULL,NULL,NULL,NULL,NULL,NULL,NULL,NULL,NULL,NULL,NULL,NULL,NULL,NULL,NULL,NULL,NULL,NULL,NULL,NULL,NULL,NULL,NULL,NULL,NULL,NULL,NULL,NULL
B-A,W,Over40,10.0,Base 3 -week 1,Base 3 -week 2,Base 3 -week 4,Build 1 -week 1,Build 1 -week 2,Build 1 -week 4,Build 1 -week 2,Build 1 -week 4,Peak -week 1,Race,NULL,NULL,NULL,NULL,NULL,NULL,NULL,NULL,NULL,NULL,NULL,NULL,NULL,NULL,NULL,NULL,NULL,NULL,NULL,NULL,NULL,NULL,NULL,NULL,NULL,NULL,NULL,NULL,NULL,NULL,NULL,NULL,NULL,NULL,NULL,NULL,NULL,NULL
B-A,S,Under40,1.0,Race,NULL,NULL,NULL,NULL,NULL,NULL,NULL,NULL,NULL,NULL,NULL,NULL,NULL,NULL,NULL,NULL,NULL,NULL,NULL,NULL,NULL,NULL,NULL,NULL,NULL,NULL,NULL,NULL,NULL,NULL,NULL,NULL,NULL,NULL,NULL,NULL,NULL,NULL,NULL,NULL,NULL,NULL,NULL,NULL,NULL,NULL,NULL
B-A,S,Under40,3.0,Build 1 -week 1,Peak -week 1,Race,NULL,NULL,NULL,NULL,NULL,NULL,NULL,NULL,NULL,NULL,NULL,NULL,NULL,NULL,NULL,NULL,NULL,NULL,NULL,NULL,NULL,NULL,NULL,NULL,NULL,NULL,NULL,NULL,NULL,NULL,NULL,NULL,NULL,NULL,NULL,NULL,NULL,NULL,NULL,NULL,NULL,NULL,NULL,NULL,NULL
B-A,W,Over40,4.0,Base 3 -week 1,Base 3 -week 2,Peak -week 1,Race,NULL,NULL,NULL,NULL,NULL,NULL,NULL,NULL,NULL,NULL,NULL,NULL,NULL,NULL,NULL,NULL,NULL,NULL,NULL,NULL,NULL,NULL,NULL,NULL,NULL,NULL,NULL,NULL,NULL,NULL,NULL,NULL,NULL,NULL,NULL,NULL,NULL,NULL,NULL,NULL,NULL,NULL,NULL,NULL
A-B,W,Under40,16.0,Transition,Base 2 -week 1,Base 2 -week 2,Base 2 -week 3,Base 2 -week 4,Base 3 -week 1,Base 3 -week 2,Base 3 -week 3,Base 3 -week 4,Build 1 -week 1,Build 1 -week 2,Build 1 -week 3,Build 1 -week 4,Build 2 -week 1,Build 2 -week 2,Build 2 -week 4,NULL,NULL,NULL,NULL,NULL,NULL,NULL,NULL,NULL,NULL,NULL,NULL,NULL,NULL,NULL,NULL,NULL,NULL,NULL,NULL,NULL,NULL,NULL,NULL,NULL,NULL,NULL,NULL,NULL,NULL,NULL,NULL
A-B,W,Under40,17.0,Transition,Base 2 -week 1,Base 2 -week 2,Base 2 -week 3,Base 2 -week 4,Base 3 -week 1,Base 3 -week 2,Base 3 -week 3,Base 3 -week 4,Build 1 -week 1,Build 1 -week 2,Build 1 -week 3,Build 1 -week 4,Build 2 -week 1,Build 2 -week 2,Build 2 -week 3,Build 2 -week 4,NULL,NULL,NULL,NULL,NULL,NULL,NULL,NULL,NULL,NULL,NULL,NULL,NULL,NULL,NULL,NULL,NULL,NULL,NULL,NULL,NULL,NULL,NULL,NULL,NULL,NULL,NULL,NULL,NULL,NULL,NULL
A-B,W,Under40,18.0,Transition,Base 2 -week 2,Base 2 -week 4,Base 3 -week 1,Base 3 -week 2,Base 3 -week 4,Base 3 -week 1,Base 3 -week 2,Base 3 -week 3,Base 3 -week 4,Build 1 -week 1,Build 1 -week 2,Build 1 -week 3,Build 1 -week 4,Build 2 -week 1,Build 2 -week 2,Build 2 -week 3,Build 2 -week 4,NULL,NULL,NULL,NULL,NULL,NULL,NULL,NULL,NULL,NULL,NULL,NULL,NULL,NULL,NULL,NULL,NULL,NULL,NULL,NULL,NULL,NULL,NULL,NULL,NULL,NULL,NULL,NULL,NULL,NULL
A-B,W,Under40,19.0,Transition,Base 2 -week 1,Base 2 -week 2,Base 2 -week 4,Base 3 -week 1,Base 3 -week 2,Base 3 -week 4,Base 3 -week 1,Base 3 -week 2,Base 3 -week 3,Base 3 -week 4,Build 1 -week 1,Build 1 -week 2,Build 1 -week 3,Build 1 -week 4,Build 2 -week 1,Build 2 -week 2,Build 2 -week 3,Build 2 -week 4,NULL,NULL,NULL,NULL,NULL,NULL,NULL,NULL,NULL,NULL,NULL,NULL,NULL,NULL,NULL,NULL,NULL,NULL,NULL,NULL,NULL,NULL,NULL,NULL,NULL,NULL,NULL,NULL,NULL
A-B,W,Under40,20.0,Transition,Base 2 -week 1,Base 2 -week 2,Base 2 -week 3,Base 2 -week 4,Base 3 -week 1,Base 3 -week 2,Base 3 -week 4,Base 3 -week 1,Base 3 -week 2,Base 3 -week 3,Base 3 -week 4,Build 1 -week 1,Build 1 -week 2,Build 1 -week 3,Build 1 -week 4,Build 2 -week 1,Build 2 -week 2,Build 2 -week 3,Build 2 -week 4,NULL,NULL,NULL,NULL,NULL,NULL,NULL,NULL,NULL,NULL,NULL,NULL,NULL,NULL,NULL,NULL,NULL,NULL,NULL,NULL,NULL,NULL,NULL,NULL,NULL,NULL,NULL,NULL
A-B,W,Under40,21.0,Transition,Base 2 -week 1,Base 2 -week 2,Base 2 -week 3,Base 2 -week 4,Base 3 -week 1,Base 3 -week 2,Base 3 -week 3,Base 3 -week 4,Base 3 -week 1,Base 3 -week 2,Base 3 -week 3,Base 3 -week 4,Build 1 -week 1,Build 1 -week 2,Build 1 -week 3,Build 1 -week 4,Build 2 -week 1,Build 2 -week 2,Build 2 -week 3,Build 2 -week 4,NULL,NULL,NULL,NULL,NULL,NULL,NULL,NULL,NULL,NULL,NULL,NULL,NULL,NULL,NULL,NULL,NULL,NULL,NULL,NULL,NULL,NULL,NULL,NULL,NULL,NULL,NULL
A-B,W,Under40,22.0,Transition,Base 2 -week 4,Base 2 -week 1,Base 2 -week 2,Base 2 -week 3,Base 2 -week 4,Base 3 -week 1,Base 3 -week 2,Base 3 -week 3,Base 3 -week 4,Base 3 -week 1,Base 3 -week 2,Base 3 -week 3,Base 3 -week 4,Build 1 -week 1,Build 1 -week 2,Build 1 -week 3,Build 1 -week 4,Build 2 -week 1,Build 2 -week 2,Build 2 -week 3,Build 2 -week 4,NULL,NULL,NULL,NULL,NULL,NULL,NULL,NULL,NULL,NULL,NULL,NULL,NULL,NULL,NULL,NULL,NULL,NULL,NULL,NULL,NULL,NULL,NULL,NULL,NULL,NULL
A-B,W,Under40,23.0,Transition,Base 2 -week 1,Base 2 -week 4,Base 2 -week 1,Base 2 -week 2,Base 2 -week 3,Base 2 -week 4,Base 3 -week 1,Base 3 -week 2,Base 3 -week 3,Base 3 -week 4,Base 3 -week 1,Base 3 -week 2,Base 3 -week 3,Base 3 -week 4,Build 1 -week 1,Build 1 -week 2,Build 1 -week 3,Build 1 -week 4,Build 2 -week 1,Build 2 -week 2,Build 2 -week 3,Build 2 -week 4,NULL,NULL,NULL,NULL,NULL,NULL,NULL,NULL,NULL,NULL,NULL,NULL,NULL,NULL,NULL,NULL,NULL,NULL,NULL,NULL,NULL,NULL,NULL,NULL,NULL
A-B,W,Under40,24.0,Transition,Base 2 -week 1,Base 2 -week 2,Base 2 -week 4,Base 2 -week 1,Base 2 -week 2,Base 2 -week 3,Base 2 -week 4,Base 3 -week 1,Base 3 -week 2,Base 3 -week 3,Base 3 -week 4,Base 3 -week 1,Base 3 -week 2,Base 3 -week 3,Base 3 -week 4,Build 1 -week 1,Build 1 -week 2,Build 1 -week 3,Build 1 -week 4,Build 2 -week 1,Build 2 -week 2,Build 2 -week 3,Build 2 -week 4,NULL,NULL,NULL,NULL,NULL,NULL,NULL,NULL,NULL,NULL,NULL,NULL,NULL,NULL,NULL,NULL,NULL,NULL,NULL,NULL,NULL,NULL,NULL,NULL
A-B,W,Under40,25.0,Transition,Base 2 -week 1,Base 2 -week 2,Base 2 -week 3,Base 2 -week 4,Base 2 -week 1,Base 2 -week 2,Base 2 -week 3,Base 2 -week 4,Base 3 -week 1,Base 3 -week 2,Base 3 -week 3,Base 3 -week 4,Base 3 -week 1,Base 3 -week 2,Base 3 -week 3,Base 3 -week 4,Build 1 -week 1,Build 1 -week 2,Build 1 -week 3,Build 1 -week 4,Build 2 -week 1,Build 2 -week 2,Build 2 -week 3,Build 2 -week 4,NULL,NULL,NULL,NULL,NULL,NULL,NULL,NULL,NULL,NULL,NULL,NULL,NULL,NULL,NULL,NULL,NULL,NULL,NULL,NULL,NULL,NULL,NULL
B-A,W,Over40,9.0,Base 3 -week 1,Base 3 -week 2,Base 3 -week 4,Build 1 -week 1,Build 1 -week 2,Build 1 -week 4,Peak -week 1,Peak -week 2,Race,NULL,NULL,NULL,NULL,NULL,NULL,NULL,NULL,NULL,NULL,NULL,NULL,NULL,NULL,NULL,NULL,NULL,NULL,NULL,NULL,NULL,NULL,NULL,NULL,NULL,NULL,NULL,NULL,NULL,NULL,NULL,NULL,NULL,NULL,NULL,NULL,NULL,NULL,NULL
B-A,W,Over40,5.0,Base 3 -week 1,Base 3 -week 2,Base 3 -week 4,Peak -week 1,Race,NULL,NULL,NULL,NULL,NULL,NULL,NULL,NULL,NULL,NULL,NULL,NULL,NULL,NULL,NULL,NULL,NULL,NULL,NULL,NULL,NULL,NULL,NULL,NULL,NULL,NULL,NULL,NULL,NULL,NULL,NULL,NULL,NULL,NULL,NULL,NULL,NULL,NULL,NULL,NULL,NULL,NULL,NULL
B-A,W,Over40,8.0,Base 3 -week 1,Base 3 -week 2,Base 3 -week 4,Build 1 -week 1,Build 1 -week 2,Build 1 -week 4,Peak -week 1,Race,NULL,NULL,NULL,NULL,NULL,NULL,NULL,NULL,NULL,NULL,NULL,NULL,NULL,NULL,NULL,NULL,NULL,NULL,NULL,NULL,NULL,NULL,NULL,NULL,NULL,NULL,NULL,NULL,NULL,NULL,NULL,NULL,NULL,NULL,NULL,NULL,NULL,NULL,NULL,NULL
B-A,S,Under40,7.0,Build 1 -week 1,Build 1 -week 2,Build 1 -week 3,Build 1 -week 4,Build 2 -week 1,Peak -week 1,Race,NULL,NULL,NULL,NULL,NULL,NULL,NULL,NULL,NULL,NULL,NULL,NULL,NULL,NULL,NULL,NULL,NULL,NULL,NULL,NULL,NULL,NULL,NULL,NULL,NULL,NULL,NULL,NULL,NULL,NULL,NULL,NULL,NULL,NULL,NULL,NULL,NULL,NULL,NULL,NULL,NULL
A-B,W,Under40,26.0,Transition,Base 1 -week 4,Base 2 -week 1,Base 2 -week 2,Base 2 -week 3,Base 2 -week 4,Base 2 -week 1,Base 2 -week 2,Base 2 -week 3,Base 2 -week 4,Base 3 -week 1,Base 3 -week 2,Base 3 -week 3,Base 3 -week 4,Base 3 -week 1,Base 3 -week 2,Base 3 -week 3,Base 3 -week 4,Build 1 -week 1,Build 1 -week 2,Build 1 -week 3,Build 1 -week 4,Build 2 -week 1,Build 2 -week 2,Build 2 -week 3,Build 2 -week 4,NULL,NULL,NULL,NULL,NULL,NULL,NULL,NULL,NULL,NULL,NULL,NULL,NULL,NULL,NULL,NULL,NULL,NULL,NULL,NULL,NULL,NULL
A-B,W,Under40,27.0,Transition,Base 1 -week 2,Base 1 -week 4,Base 2 -week 1,Base 2 -week 2,Base 2 -week 3,Base 2 -week 4,Base 2 -week 1,Base 2 -week 2,Base 2 -week 3,Base 2 -week 4,Base 3 -week 1,Base 3 -week 2,Base 3 -week 3,Base 3 -week 4,Base 3 -week 1,Base 3 -week 2,Base 3 -week 3,Base 3 -week 4,Build 1 -week 1,Build 1 -week 2,Build 1 -week 3,Build 1 -week 4,Build 2 -week 1,Build 2 -week 2,Build 2 -week 3,Build 2 -week 4,NULL,NULL,NULL,NULL,NULL,NULL,NULL,NULL,NULL,NULL,NULL,NULL,NULL,NULL,NULL,NULL,NULL,NULL,NULL,NULL,NULL
A-B,W,Under40,28.0,Transition,Base 1 -week 1,Base 1 -week 2,Base 1 -week 4,Base 2 -week 1,Base 2 -week 2,Base 2 -week 3,Base 2 -week 4,Base 2 -week 1,Base 2 -week 2,Base 2 -week 3,Base 2 -week 4,Base 3 -week 1,Base 3 -week 2,Base 3 -week 3,Base 3 -week 4,Base 3 -week 1,Base 3 -week 2,Base 3 -week 3,Base 3 -week 4,Build 1 -week 1,Build 1 -week 2,Build 1 -week 3,Build 1 -week 4,Build 2 -week 1,Build 2 -week 2,Build 2 -week 3,Build 2 -week 4,NULL,NULL,NULL,NULL,NULL,NULL,NULL,NULL,NULL,NULL,NULL,NULL,NULL,NULL,NULL,NULL,NULL,NULL,NULL,NULL
A-B,W,Under40,29.0,Transition,Base 1 -week 4,Base 1 -week 1,Base 1 -week 2,Base 1 -week 4,Base 2 -week 1,Base 2 -week 2,Base 2 -week 3,Base 2 -week 4,Base 2 -week 1,Base 2 -week 2,Base 2 -week 3,Base 2 -week 4,Base 3 -week 1,Base 3 -week 2,Base 3 -week 3,Base 3 -week 4,Base 3 -week 1,Base 3 -week 2,Base 3 -week 3,Base 3 -week 4,Build 1 -week 1,Build 1 -week 2,Build 1 -week 3,Build 1 -week 4,Build 2 -week 1,Build 2 -week 2,Build 2 -week 3,Build 2 -week 4,NULL,NULL,NULL,NULL,NULL,NULL,NULL,NULL,NULL,NULL,NULL,NULL,NULL,NULL,NULL,NULL,NULL,NULL,NULL
A-B,W,Under40,30.0,Transition,Base 1 -week 2,Base 1 -week 4,Base 1 -week 1,Base 1 -week 2,Base 1 -week 4,Base 2 -week 1,Base 2 -week 2,Base 2 -week 3,Base 2 -week 4,Base 2 -week 1,Base 2 -week 2,Base 2 -week 3,Base 2 -week 4,Base 3 -week 1,Base 3 -week 2,Base 3 -week 3,Base 3 -week 4,Base 3 -week 1,Base 3 -week 2,Base 3 -week 3,Base 3 -week 4,Build 1 -week 1,Build 1 -week 2,Build 1 -week 3,Build 1 -week 4,Build 2 -week 1,Build 2 -week 2,Build 2 -week 3,Build 2 -week 4,NULL,NULL,NULL,NULL,NULL,NULL,NULL,NULL,NULL,NULL,NULL,NULL,NULL,NULL,NULL,NULL,NULL,NULL
A-B,W,Under40,31.0,Transition,Base 1 -week 1,Base 1 -week 2,Base 1 -week 4,Base 1 -week 1,Base 1 -week 2,Base 1 -week 4,Base 2 -week 1,Base 2 -week 2,Base 2 -week 3,Base 2 -week 4,Base 2 -week 1,Base 2 -week 2,Base 2 -week 3,Base 2 -week 4,Base 3 -week 1,Base 3 -week 2,Base 3 -week 3,Base 3 -week 4,Base 3 -week 1,Base 3 -week 2,Base 3 -week 3,Base 3 -week 4,Build 1 -week 1,Build 1 -week 2,Build 1 -week 3,Build 1 -week 4,Build 2 -week 1,Build 2 -week 2,Build 2 -week 3,Build 2 -week 4,NULL,NULL,NULL,NULL,NULL,NULL,NULL,NULL,NULL,NULL,NULL,NULL,NULL,NULL,NULL,NULL,NULL
A-B,W,Under40,32.0,Transition,Transition,Base 1 -week 1,Base 1 -week 2,Base 1 -week 4,Base 1 -week 1,Base 1 -week 2,Base 1 -week 4,Base 2 -week 1,Base 2 -week 2,Base 2 -week 3,Base 2 -week 4,Base 2 -week 1,Base 2 -week 2,Base 2 -week 3,Base 2 -week 4,Base 3 -week 1,Base 3 -week 2,Base 3 -week 3,Base 3 -week 4,Base 3 -week 1,Base 3 -week 2,Base 3 -week 3,Base 3 -week 4,Build 1 -week 1,Build 1 -week 2,Build 1 -week 3,Build 1 -week 4,Build 2 -week 1,Build 2 -week 2,Build 2 -week 3,Build 2 -week 4,NULL,NULL,NULL,NULL,NULL,NULL,NULL,NULL,NULL,NULL,NULL,NULL,NULL,NULL,NULL,NULL
B-A,W,Over40,2.0,Base 3 -week 1,Race,NULL,NULL,NULL,NULL,NULL,NULL,NULL,NULL,NULL,NULL,NULL,NULL,NULL,NULL,NULL,NULL,NULL,NULL,NULL,NULL,NULL,NULL,NULL,NULL,NULL,NULL,NULL,NULL,NULL,NULL,NULL,NULL,NULL,NULL,NULL,NULL,NULL,NULL,NULL,NULL,NULL,NULL,NULL,NULL,NULL,NULL
B-A,W,Over40,3.0,Base 3 -week 1,Base 3 -week 2,Race,NULL,NULL,NULL,NULL,NULL,NULL,NULL,NULL,NULL,NULL,NULL,NULL,NULL,NULL,NULL,NULL,NULL,NULL,NULL,NULL,NULL,NULL,NULL,NULL,NULL,NULL,NULL,NULL,NULL,NULL,NULL,NULL,NULL,NULL,NULL,NULL,NULL,NULL,NULL,NULL,NULL,NULL,NULL,NULL,NULL
B-A,W,Over40,11.0,Base 3 -week 1,Base 3 -week 2,Base 3 -week 4,Build 1 -week 1,Build 1 -week 2,Build 1 -week 4,Build 2 -week 2,Build 2 -week 4,Peak -week 1,Peak -week 2,Race,NULL,NULL,NULL,NULL,NULL,NULL,NULL,NULL,NULL,NULL,NULL,NULL,NULL,NULL,NULL,NULL,NULL,NULL,NULL,NULL,NULL,NULL,NULL,NULL,NULL,NULL,NULL,NULL,NULL,NULL,NULL,NULL,NULL,NULL,NULL,NULL,NULL
B-A,S,Under40,5.0,Build 1 -week 1,Build 1 -week 2,Build 1 -week 3,Peak -week 1,Race,NULL,NULL,NULL,NULL,NULL,NULL,NULL,NULL,NULL,NULL,NULL,NULL,NULL,NULL,NULL,NULL,NULL,NULL,NULL,NULL,NULL,NULL,NULL,NULL,NULL,NULL,NULL,NULL,NULL,NULL,NULL,NULL,NULL,NULL,NULL,NULL,NULL,NULL,NULL,NULL,NULL,NULL,NULL
B-A,S,Under40,6.0,Build 1 -week 1,Build 1 -week 2,Build 1 -week 4,Build 2 -week 1,Peak -week 1,Race,NULL,NULL,NULL,NULL,NULL,NULL,NULL,NULL,NULL,NULL,NULL,NULL,NULL,NULL,NULL,NULL,NULL,NULL,NULL,NULL,NULL,NULL,NULL,NULL,NULL,NULL,NULL,NULL,NULL,NULL,NULL,NULL,NULL,NULL,NULL,NULL,NULL,NULL,NULL,NULL,NULL,NULL
B-A,W,Under40,2.0,Base 3 -week 2,Race,NULL,NULL,NULL,NULL,NULL,NULL,NULL,NULL,NULL,NULL,NULL,NULL,NULL,NULL,NULL,NULL,NULL,NULL,NULL,NULL,NULL,NULL,NULL,NULL,NULL,NULL,NULL,NULL,NULL,NULL,NULL,NULL,NULL,NULL,NULL,NULL,NULL,NULL,NULL,NULL,NULL,NULL,NULL,NULL,NULL,NULL
B-A,W,Under40,6.0,Base 2 -week 4,Base 3 -week 1,Base 3 -week 2,Base 3 -week 3,Base 3 -week 4,Race,NULL,NULL,NULL,NULL,NULL,NULL,NULL,NULL,NULL,NULL,NULL,NULL,NULL,NULL,NULL,NULL,NULL,NULL,NULL,NULL,NULL,NULL,NULL,NULL,NULL,NULL,NULL,NULL,NULL,NULL,NULL,NULL,NULL,NULL,NULL,NULL,NULL,NULL,NULL,NULL,NULL,NULL
B-A,S,Over40,13.0,Base 3 -week 4,Build 1 -week 1,Build 1 -week 2,Build 1 -week 4,Build 2 -week 1,Build 2 -week 2,Build 2 -week 4,Build 2 -week 1,Build 2 -week 2,Build 2 -week 4,Peak -week 1,Peak -week 2,Race,NULL,NULL,NULL,NULL,NULL,NULL,NULL,NULL,NULL,NULL,NULL,NULL,NULL,NULL,NULL,NULL,NULL,NULL,NULL,NULL,NULL,NULL,NULL,NULL,NULL,NULL,NULL,NULL,NULL,NULL,NULL,NULL,NULL,NULL,NULL
B-A,S,Over40,14.0,Base 3 -week 2,Base 3 -week 4,Build 1 -week 1,Build 1 -week 2,Build 1 -week 4,Build 2 -week 1,Build 2 -week 2,Build 2 -week 4,Build 2 -week 1,Build 2 -week 2,Build 2 -week 4,Peak -week 1,Peak -week 2,Race,NULL,NULL,NULL,NULL,NULL,NULL,NULL,NULL,NULL,NULL,NULL,NULL,NULL,NULL,NULL,NULL,NULL,NULL,NULL,NULL,NULL,NULL,NULL,NULL,NULL,NULL,NULL,NULL,NULL,NULL,NULL,NULL,NULL,NULL
B-A,S,Over40,15.0,Base 3 -week 1,Base 3 -week 2,Base 3 -week 4,Build 1 -week 1,Build 1 -week 2,Build 1 -week 4,Build 2 -week 1,Build 2 -week 2,Build 2 -week 4,Build 2 -week 1,Build 2 -week 2,Build 2 -week 4,Peak -week 1,Peak -week 2,Race,NULL,NULL,NULL,NULL,NULL,NULL,NULL,NULL,NULL,NULL,NULL,NULL,NULL,NULL,NULL,NULL,NULL,NULL,NULL,NULL,NULL,NULL,NULL,NULL,NULL,NULL,NULL,NULL,NULL,NULL,NULL,NULL,NULL
B-A,S,Over40,16.0,Build 1 -week 4,Base 3 -week 1,Base 3 -week 2,Base 3 -week 4,Build 1 -week 1,Build 1 -week 2,Build 1 -week 4,Build 2 -week 1,Build 2 -week 2,Build 2 -week 4,Build 2 -week 1,Build 2 -week 2,Build 2 -week 4,Peak -week 1,Peak -week 2,Race,NULL,NULL,NULL,NULL,NULL,NULL,NULL,NULL,NULL,NULL,NULL,NULL,NULL,NULL,NULL,NULL,NULL,NULL,NULL,NULL,NULL,NULL,NULL,NULL,NULL,NULL,NULL,NULL,NULL,NULL,NULL,NULL
B-A,S,Over40,17.0,Build 1 -week 2,Build 1 -week 4,Base 3 -week 1,Base 3 -week 2,Base 3 -week 4,Build 1 -week 1,Build 1 -week 2,Build 1 -week 4,Build 2 -week 1,Build 2 -week 2,Build 2 -week 4,Build 2 -week 1,Build 2 -week 2,Build 2 -week 4,Peak -week 1,Peak -week 2,Race,NULL,NULL,NULL,NULL,NULL,NULL,NULL,NULL,NULL,NULL,NULL,NULL,NULL,NULL,NULL,NULL,NULL,NULL,NULL,NULL,NULL,NULL,NULL,NULL,NULL,NULL,NULL,NULL,NULL,NULL,NULL
B-A,S,Over40,18.0,Build 1 -week 1,Build 1 -week 2,Build 1 -week 4,Base 3 -week 1,Base 3 -week 2,Base 3 -week 4,Build 1 -week 1,Build 1 -week 2,Build 1 -week 4,Build 2 -week 1,Build 2 -week 2,Build 2 -week 4,Build 2 -week 1,Build 2 -week 2,Build 2 -week 4,Peak -week 1,Peak -week 2,Race,NULL,NULL,NULL,NULL,NULL,NULL,NULL,NULL,NULL,NULL,NULL,NULL,NULL,NULL,NULL,NULL,NULL,NULL,NULL,NULL,NULL,NULL,NULL,NULL,NULL,NULL,NULL,NULL,NULL,NULL
B-A,S,Over40,19.0,Base 3 -week 4,Build 1 -week 1,Build 1 -week 2,Build 1 -week 4,Base 3 -week 1,Base 3 -week 2,Base 3 -week 4,Build 1 -week 1,Build 1 -week 2,Build 1 -week 4,Build 2 -week 1,Build 2 -week 2,Build 2 -week 4,Build 2 -week 1,Build 2 -week 2,Build 2 -week 4,Peak -week 1,Peak -week 2,Race,NULL,NULL,NULL,NULL,NULL,NULL,NULL,NULL,NULL,NULL,NULL,NULL,NULL,NULL,NULL,NULL,NULL,NULL,NULL,NULL,NULL,NULL,NULL,NULL,NULL,NULL,NULL,NULL,NULL
B-A,S,Over40,20.0,Base 3 -week 2,Base 3 -week 4,Build 1 -week 1,Build 1 -week 2,Build 1 -week 4,Base 3 -week 1,Base 3 -week 2,Base 3 -week 4,Build 1 -week 1,Build 1 -week 2,Build 1 -week 4,Build 2 -week 1,Build 2 -week 2,Build 2 -week 4,Build 2 -week 1,Build 2 -week 2,Build 2 -week 4,Peak -week 1,Peak -week 2,Race,NULL,NULL,NULL,NULL,NULL,NULL,NULL,NULL,NULL,NULL,NULL,NULL,NULL,NULL,NULL,NULL,NULL,NULL,NULL,NULL,NULL,NULL,NULL,NULL,NULL,NULL,NULL,NULL
B-A,S,Over40,21.0,Base 3 -week 1,Base 3 -week 2,Base 3 -week 4,Build 1 -week 1,Build 1 -week 2,Build 1 -week 4,Base 3 -week 1,Base 3 -week 2,Base 3 -week 4,Build 1 -week 1,Build 1 -week 2,Build 1 -week 4,Build 2 -week 1,Build 2 -week 2,Build 2 -week 4,Build 2 -week 1,Build 2 -week 2,Build 2 -week 4,Peak -week 1,Peak -week 2,Race,NULL,NULL,NULL,NULL,NULL,NULL,NULL,NULL,NULL,NULL,NULL,NULL,NULL,NULL,NULL,NULL,NULL,NULL,NULL,NULL,NULL,NULL,NULL,NULL,NULL,NULL,NULL
B-A,S,Over40,22.0,Build 1 -week 4,Base 3 -week 1,Base 3 -week 2,Base 3 -week 4,Build 1 -week 1,Build 1 -week 2,Build 1 -week 4,Base 3 -week 1,Base 3 -week 2,Base 3 -week 4,Build 1 -week 1,Build 1 -week 2,Build 1 -week 4,Build 2 -week 1,Build 2 -week 2,Build 2 -week 4,Build 2 -week 1,Build 2 -week 2,Build 2 -week 4,Peak -week 1,Peak -week 2,Race,NULL,NULL,NULL,NULL,NULL,NULL,NULL,NULL,NULL,NULL,NULL,NULL,NULL,NULL,NULL,NULL,NULL,NULL,NULL,NULL,NULL,NULL,NULL,NULL,NULL,NULL
B-A,S,Over40,23.0,Build 1 -week 2,Build 1 -week 4,Base 3 -week 1,Base 3 -week 2,Base 3 -week 4,Build 1 -week 1,Build 1 -week 2,Build 1 -week 4,Base 3 -week 1,Base 3 -week 2,Base 3 -week 4,Build 1 -week 1,Build 1 -week 2,Build 1 -week 4,Build 2 -week 1,Build 2 -week 2,Build 2 -week 4,Build 2 -week 1,Build 2 -week 2,Build 2 -week 4,Peak -week 1,Peak -week 2,Race,NULL,NULL,NULL,NULL,NULL,NULL,NULL,NULL,NULL,NULL,NULL,NULL,NULL,NULL,NULL,NULL,NULL,NULL,NULL,NULL,NULL,NULL,NULL,NULL,NULL
B-A,S,Over40,24.0,Build 1 -week 1,Build 1 -week 2,Build 1 -week 4,Base 3 -week 1,Base 3 -week 2,Base 3 -week 4,Build 1 -week 1,Build 1 -week 2,Build 1 -week 4,Base 3 -week 1,Base 3 -week 2,Base 3 -week 4,Build 1 -week 1,Build 1 -week 2,Build 1 -week 4,Build 2 -week 1,Build 2 -week 2,Build 2 -week 4,Build 2 -week 1,Build 2 -week 2,Build 2 -week 4,Peak -week 1,Peak -week 2,Race,NULL,NULL,NULL,NULL,NULL,NULL,NULL,NULL,NULL,NULL,NULL,NULL,NULL,NULL,NULL,NULL,NULL,NULL,NULL,NULL,NULL,NULL,NULL,NULL
B-A,S,Under40,8.0,Build 1 -week 1,Build 1 -week 2,Build 1 -week 3,Build 1 -week 4,Build 2 -week 1,Build 2 -week 2,Peak -week 1,Race,NULL,NULL,NULL,NULL,NULL,NULL,NULL,NULL,NULL,NULL,NULL,NULL,NULL,NULL,NULL,NULL,NULL,NULL,NULL,NULL,NULL,NULL,NULL,NULL,NULL,NULL,NULL,NULL,NULL,NULL,NULL,NULL,NULL,NULL,NULL,NULL,NULL,NULL,NULL,NULL
B-A,S,Under40,10.0,Build 1 -week 1,Build 1 -week 2,Build 1 -week 3,Build 1 -week 4,Build 2 -week 1,Build 2 -week 2,Build 2 -week 3,Build 2 -week 4,Peak -week 1,Race,NULL,NULL,NULL,NULL,NULL,NULL,NULL,NULL,NULL,NULL,NULL,NULL,NULL,NULL,NULL,NULL,NULL,NULL,NULL,NULL,NULL,NULL,NULL,NULL,NULL,NULL,NULL,NULL,NULL,NULL,NULL,NULL,NULL,NULL,NULL,NULL,NULL,NULL
B-A,S,Over40,25.0,Base 3 -week 4,Build 1 -week 1,Build 1 -week 2,Build 1 -week 4,Base 3 -week 1,Base 3 -week 2,Base 3 -week 4,Build 1 -week 1,Build 1 -week 2,Build 1 -week 4,Base 3 -week 1,Base 3 -week 2,Base 3 -week 4,Build 1 -week 1,Build 1 -week 2,Build 1 -week 4,Build 2 -week 1,Build 2 -week 2,Build 2 -week 4,Build 2 -week 1,Build 2 -week 2,Build 2 -week 4,Peak -week 1,Peak -week 2,Race,NULL,NULL,NULL,NULL,NULL,NULL,NULL,NULL,NULL,NULL,NULL,NULL,NULL,NULL,NULL,NULL,NULL,NULL,NULL,NULL,NULL,NULL,NULL
B-A,S,Over40,26.0,Base 3 -week 2,Base 3 -week 4,Build 1 -week 1,Build 1 -week 2,Build 1 -week 4,Base 3 -week 1,Base 3 -week 2,Base 3 -week 4,Build 1 -week 1,Build 1 -week 2,Build 1 -week 4,Base 3 -week 1,Base 3 -week 2,Base 3 -week 4,Build 1 -week 1,Build 1 -week 2,Build 1 -week 4,Build 2 -week 1,Build 2 -week 2,Build 2 -week 4,Build 2 -week 1,Build 2 -week 2,Build 2 -week 4,Peak -week 1,Peak -week 2,Race,NULL,NULL,NULL,NULL,NULL,NULL,NULL,NULL,NULL,NULL,NULL,NULL,NULL,NULL,NULL,NULL,NULL,NULL,NULL,NULL,NULL,NULL
B-A,S,Over40,27.0,Base 3 -week 1,Base 3 -week 2,Base 3 -week 4,Build 1 -week 1,Build 1 -week 2,Build 1 -week 4,Base 3 -week 1,Base 3 -week 2,Base 3 -week 4,Build 1 -week 1,Build 1 -week 2,Build 1 -week 4,Base 3 -week 1,Base 3 -week 2,Base 3 -week 4,Build 1 -week 1,Build 1 -week 2,Build 1 -week 4,Build 2 -week 1,Build 2 -week 2,Build 2 -week 4,Build 2 -week 1,Build 2 -week 2,Build 2 -week 4,Peak -week 1,Peak -week 2,Race,NULL,NULL,NULL,NULL,NULL,NULL,NULL,NULL,NULL,NULL,NULL,NULL,NULL,NULL,NULL,NULL,NULL,NULL,NULL,NULL,NULL
B-A,S,Over40,28.0,Base 2 -week 4,Base 3 -week 1,Base 3 -week 2,Base 3 -week 4,Build 1 -week 1,Build 1 -week 2,Build 1 -week 4,Base 3 -week 1,Base 3 -week 2,Base 3 -week 4,Build 1 -week 1,Build 1 -week 2,Build 1 -week 4,Base 3 -week 1,Base 3 -week 2,Base 3 -week 4,Build 1 -week 1,Build 1 -week 2,Build 1 -week 4,Build 2 -week 1,Build 2 -week 2,Build 2 -week 4,Build 2 -week 1,Build 2 -week 2,Build 2 -week 4,Peak -week 1,Peak -week 2,Race,NULL,NULL,NULL,NULL,NULL,NULL,NULL,NULL,NULL,NULL,NULL,NULL,NULL,NULL,NULL,NULL,NULL,NULL,NULL,NULL
B-A,S,Over40,29.0,Base 2 -week 2,Base 2 -week 4,Base 3 -week 1,Base 3 -week 2,Base 3 -week 4,Build 1 -week 1,Build 1 -week 2,Build 1 -week 4,Base 3 -week 1,Base 3 -week 2,Base 3 -week 4,Build 1 -week 1,Build 1 -week 2,Build 1 -week 4,Base 3 -week 1,Base 3 -week 2,Base 3 -week 4,Build 1 -week 1,Build 1 -week 2,Build 1 -week 4,Build 2 -week 1,Build 2 -week 2,Build 2 -week 4,Build 2 -week 1,Build 2 -week 2,Build 2 -week 4,Peak -week 1,Peak -week 2,Race,NULL,NULL,NULL,NULL,NULL,NULL,NULL,NULL,NULL,NULL,NULL,NULL,NULL,NULL,NULL,NULL,NULL,NULL,NULL
B-A,S,Over40,30.0,Base 2 -week 1,Base 2 -week 2,Base 2 -week 4,Base 3 -week 1,Base 3 -week 2,Base 3 -week 4,Build 1 -week 1,Build 1 -week 2,Build 1 -week 4,Base 3 -week 1,Base 3 -week 2,Base 3 -week 4,Build 1 -week 1,Build 1 -week 2,Build 1 -week 4,Base 3 -week 1,Base 3 -week 2,Base 3 -week 4,Build 1 -week 1,Build 1 -week 2,Build 1 -week 4,Build 2 -week 1,Build 2 -week 2,Build 2 -week 4,Build 2 -week 1,Build 2 -week 2,Build 2 -week 4,Peak -week 1,Peak -week 2,Race,NULL,NULL,NULL,NULL,NULL,NULL,NULL,NULL,NULL,NULL,NULL,NULL,NULL,NULL,NULL,NULL,NULL,NULL
B-A,S,Over40,31.0,Base 2 -week 4,Base 2 -week 1,Base 2 -week 2,Base 2 -week 4,Base 3 -week 1,Base 3 -week 2,Base 3 -week 4,Build 1 -week 1,Build 1 -week 2,Build 1 -week 4,Base 3 -week 1,Base 3 -week 2,Base 3 -week 4,Build 1 -week 1,Build 1 -week 2,Build 1 -week 4,Base 3 -week 1,Base 3 -week 2,Base 3 -week 4,Build 1 -week 1,Build 1 -week 2,Build 1 -week 4,Build 2 -week 1,Build 2 -week 2,Build 2 -week 4,Build 2 -week 1,Build 2 -week 2,Build 2 -week 4,Peak -week 1,Peak -week 2,Race,NULL,NULL,NULL,NULL,NULL,NULL,NULL,NULL,NULL,NULL,NULL,NULL,NULL,NULL,NULL,NULL,NULL
B-A,S,Over40,32.0,Base 2 -week 2,Base 2 -week 4,Base 2 -week 1,Base 2 -week 2,Base 2 -week 4,Base 3 -week 1,Base 3 -week 2,Base 3 -week 4,Build 1 -week 1,Build 1 -week 2,Build 1 -week 4,Base 3 -week 1,Base 3 -week 2,Base 3 -week 4,Build 1 -week 1,Build 1 -week 2,Build 1 -week 4,Base 3 -week 1,Base 3 -week 2,Base 3 -week 4,Build 1 -week 1,Build 1 -week 2,Build 1 -week 4,Build 2 -week 1,Build 2 -week 2,Build 2 -week 4,Build 2 -week 1,Build 2 -week 2,Build 2 -week 4,Peak -week 1,Peak -week 2,Race,NULL,NULL,NULL,NULL,NULL,NULL,NULL,NULL,NULL,NULL,NULL,NULL,NULL,NULL,NULL,NULL
B-A,S,Under40,11.0,Build 1 -week 1,Build 1 -week 2,Build 1 -week 3,Build 1 -week 4,Build 2 -week 1,Build 2 -week 2,Build 2 -week 3,Build 2 -week 4,Peak -week 1,Peak -week 1,Race,NULL,NULL,NULL,NULL,NULL,NULL,NULL,NULL,NULL,NULL,NULL,NULL,NULL,NULL,NULL,NULL,NULL,NULL,NULL,NULL,NULL,NULL,NULL,NULL,NULL,NULL,NULL,NULL,NULL,NULL,NULL,NULL,NULL,NULL,NULL,NULL,NULL
B-A,W,Under40,1.0,Race,NULL,NULL,NULL,NULL,NULL,NULL,NULL,NULL,NULL,NULL,NULL,NULL,NULL,NULL,NULL,NULL,NULL,NULL,NULL,NULL,NULL,NULL,NULL,NULL,NULL,NULL,NULL,NULL,NULL,NULL,NULL,NULL,NULL,NULL,NULL,NULL,NULL,NULL,NULL,NULL,NULL,NULL,NULL,NULL,NULL,NULL,NULL
B-A,W,Over40,13.0,Base 3 -week 2,Base 3 -week 4,Base 3 -week 2,Base 3 -week 4,Base 3 -week 1,Base 3 -week 2,Base 3 -week 4,Base 3 -week 1,Base 3 -week 2,Base 3 -week 4,Build 1 -week 1,Peak -week 1,Race,NULL,NULL,NULL,NULL,NULL,NULL,NULL,NULL,NULL,NULL,NULL,NULL,NULL,NULL,NULL,NULL,NULL,NULL,NULL,NULL,NULL,NULL,NULL,NULL,NULL,NULL,NULL,NULL,NULL,NULL,NULL,NULL,NULL,NULL,NULL
B-A,W,Over40,14.0,Base 3 -week 2,Base 3 -week 4,Base 3 -week 2,Base 3 -week 4,Base 3 -week 1,Base 3 -week 2,Base 3 -week 4,Base 3 -week 1,Base 3 -week 2,Base 3 -week 4,Build 1 -week 1,Peak -week 1,Peak -week 2,Race,NULL,NULL,NULL,NULL,NULL,NULL,NULL,NULL,NULL,NULL,NULL,NULL,NULL,NULL,NULL,NULL,NULL,NULL,NULL,NULL,NULL,NULL,NULL,NULL,NULL,NULL,NULL,NULL,NULL,NULL,NULL,NULL,NULL,NULL
B-A,W,Over40,15.0,Base 3 -week 4,Base 3 -week 1,Base 3 -week 2,Base 3 -week 4,Base 3 -week 2,Base 3 -week 4,Base 3 -week 1,Base 3 -week 2,Base 3 -week 4,Build 1 -week 1,Build 1 -week 2,Build 1 -week 4,Build 2 -week 1,Peak -week 1,Race,NULL,NULL,NULL,NULL,NULL,NULL,NULL,NULL,NULL,NULL,NULL,NULL,NULL,NULL,NULL,NULL,NULL,NULL,NULL,NULL,NULL,NULL,NULL,NULL,NULL,NULL,NULL,NULL,NULL,NULL,NULL,NULL,NULL
B-A,W,Over40,16.0,Base 3 -week 2,Base 3 -week 4,Base 3 -week 1,Base 3 -week 2,Base 3 -week 4,Base 3 -week 4,Base 3 -week 1,Base 3 -week 2,Base 3 -week 4,Build 1 -week 1,Build 1 -week 2,Build 1 -week 4,Build 2 -week 1,Build 2 -week 4,Peak -week 1,Race,NULL,NULL,NULL,NULL,NULL,NULL,NULL,NULL,NULL,NULL,NULL,NULL,NULL,NULL,NULL,NULL,NULL,NULL,NULL,NULL,NULL,NULL,NULL,NULL,NULL,NULL,NULL,NULL,NULL,NULL,NULL,NULL
B-A,W,Over40,17.0,Base 3 -week 1,Base 3 -week 2,Base 3 -week 4,Base 3 -week 1,Base 3 -week 2,Base 3 -week 4,Base 3 -week 1,Base 3 -week 2,Base 3 -week 4,Build 1 -week 1,Build 1 -week 2,Build 1 -week 4,Build 2 -week 1,Build 2 -week 2,Build 2 -week 4,Peak -week 1,Race,NULL,NULL,NULL,NULL,NULL,NULL,NULL,NULL,NULL,NULL,NULL,NULL,NULL,NULL,NULL,NULL,NULL,NULL,NULL,NULL,NULL,NULL,NULL,NULL,NULL,NULL,NULL,NULL,NULL,NULL,NULL
B-A,W,Over40,18.0,Base 3 -week 4,Base 3 -week 1,Base 3 -week 2,Base 3 -week 4,Base 3 -week 1,Base 3 -week 2,Base 3 -week 4,Base 3 -week 1,Base 3 -week 2,Base 3 -week 4,Build 1 -week 1,Build 1 -week 2,Build 1 -week 4,Build 2 -week 1,Build 2 -week 2,Build 2 -week 4,Peak -week 1,Race,NULL,NULL,NULL,NULL,NULL,NULL,NULL,NULL,NULL,NULL,NULL,NULL,NULL,NULL,NULL,NULL,NULL,NULL,NULL,NULL,NULL,NULL,NULL,NULL,NULL,NULL,NULL,NULL,NULL,NULL
B-A,S,Under40,9.0,Build 1 -week 1,Build 1 -week 2,Build 1 -week 3,Build 1 -week 4,Build 2 -week 1,Build 2 -week 2,Build 2 -week 3,Peak -week 1,Race,NULL,NULL,NULL,NULL,NULL,NULL,NULL,NULL,NULL,NULL,NULL,NULL,NULL,NULL,NULL,NULL,NULL,NULL,NULL,NULL,NULL,NULL,NULL,NULL,NULL,NULL,NULL,NULL,NULL,NULL,NULL,NULL,NULL,NULL,NULL,NULL,NULL,NULL,NULL
B-A,W,Over40,19.0,Base 3 -week 2,Base 3 -week 4,Base 3 -week 1,Base 3 -week 2,Base 3 -week 4,Base 3 -week 1,Base 3 -week 2,Base 3 -week 4,Base 3 -week 1,Base 3 -week 2,Base 3 -week 4,Build 1 -week 1,Build 1 -week 2,Build 1 -week 4,Build 2 -week 1,Build 2 -week 2,Build 2 -week 4,Peak -week 1,Race,NULL,NULL,NULL,NULL,NULL,NULL,NULL,NULL,NULL,NULL,NULL,NULL,NULL,NULL,NULL,NULL,NULL,NULL,NULL,NULL,NULL,NULL,NULL,NULL,NULL,NULL,NULL,NULL,NULL
B-A,W,Over40,20.0,Base 3 -week 4,Base 3 -week 1,Base 3 -week 4,Base 3 -week 1,Base 3 -week 2,Base 3 -week 4,Base 3 -week 1,Base 3 -week 2,Base 3 -week 4,Base 3 -week 4,Build 1 -week 1,Build 1 -week 2,Build 1 -week 4,Build 2 -week 1,Build 2 -week 2,Build 2 -week 4,Build 2 -week 1,Build 2 -week 4,Peak -week 1,Race,NULL,NULL,NULL,NULL,NULL,NULL,NULL,NULL,NULL,NULL,NULL,NULL,NULL,NULL,NULL,NULL,NULL,NULL,NULL,NULL,NULL,NULL,NULL,NULL,NULL,NULL,NULL,NULL
B-A,W,Over40,21.0,Base 3 -week 4,Base 3 -week 1,Base 3 -week 2,Base 3 -week 4,Base 3 -week 1,Base 3 -week 2,Base 3 -week 4,Base 3 -week 1,Base 3 -week 4,Build 1 -week 1,Build 1 -week 2,Build 1 -week 4,Build 2 -week 1,Build 2 -week 2,Build 2 -week 4,Build 2 -week 1,Build 2 -week 2,Build 2 -week 4,Peak -week 1,Peak -week 2,Race,NULL,NULL,NULL,NULL,NULL,NULL,NULL,NULL,NULL,NULL,NULL,NULL,NULL,NULL,NULL,NULL,NULL,NULL,NULL,NULL,NULL,NULL,NULL,NULL,NULL,NULL,NULL
B-A,W,Over40,22.0,Base 3 -week 4,Base 3 -week 1,Base 3 -week 2,Base 3 -week 4,Base 3 -week 1,Base 3 -week 2,Base 3 -week 4,Base 3 -week 1,Base 3 -week 2,Base 3 -week 4,Build 1 -week 1,Build 1 -week 2,Build 1 -week 4,Build 2 -week 1,Build 2 -week 2,Build 2 -week 4,Build 2 -week 1,Build 2 -week 2,Build 2 -week 4,Peak -week 1,Peak -week 2,Race,NULL,NULL,NULL,NULL,NULL,NULL,NULL,NULL,NULL,NULL,NULL,NULL,NULL,NULL,NULL,NULL,NULL,NULL,NULL,NULL,NULL,NULL,NULL,NULL,NULL,NULL
B-A,W,Under40,3.0,Base 3 -week 2,Base 3 -week 4,Race,NULL,NULL,NULL,NULL,NULL,NULL,NULL,NULL,NULL,NULL,NULL,NULL,NULL,NULL,NULL,NULL,NULL,NULL,NULL,NULL,NULL,NULL,NULL,NULL,NULL,NULL,NULL,NULL,NULL,NULL,NULL,NULL,NULL,NULL,NULL,NULL,NULL,NULL,NULL,NULL,NULL,NULL,NULL,NULL,NULL
B-A,W,Under40,4.0,Base 3 -week 2,Base 3 -week 3,Base 3 -week 4,Race,NULL,NULL,NULL,NULL,NULL,NULL,NULL,NULL,NULL,NULL,NULL,NULL,NULL,NULL,NULL,NULL,NULL,NULL,NULL,NULL,NULL,NULL,NULL,NULL,NULL,NULL,NULL,NULL,NULL,NULL,NULL,NULL,NULL,NULL,NULL,NULL,NULL,NULL,NULL,NULL,NULL,NULL,NULL,NULL
B-A,W,Under40,5.0,Base 3 -week 1,Base 3 -week 2,Base 3 -week 3,Base 3 -week 4,Race,NULL,NULL,NULL,NULL,NULL,NULL,NULL,NULL,NULL,NULL,NULL,NULL,NULL,NULL,NULL,NULL,NULL,NULL,NULL,NULL,NULL,NULL,NULL,NULL,NULL,NULL,NULL,NULL,NULL,NULL,NULL,NULL,NULL,NULL,NULL,NULL,NULL,NULL,NULL,NULL,NULL,NULL,NULL
B-A,S,Under40,12.0,Base 3 -week 4,Build 1 -week 1,Build 1 -week 2,Build 1 -week 3,Build 1 -week 4,Build 2 -week 1,Build 2 -week 2,Build 2 -week 3,Build 2 -week 4,Peak -week 1,Peak -week 2,Race,NULL,NULL,NULL,NULL,NULL,NULL,NULL,NULL,NULL,NULL,NULL,NULL,NULL,NULL,NULL,NULL,NULL,NULL,NULL,NULL,NULL,NULL,NULL,NULL,NULL,NULL,NULL,NULL,NULL,NULL,NULL,NULL,NULL,NULL,NULL,NULL
B-A,W,Under40,11.0,Base 3 -week 1,Base 3 -week 2,Base 3 -week 3,Base 3 -week 4,Build 1 -week 1,Build 1 -week 2,Build 1 -week 3,Build 1 -week 4,Peak -week 1,Peak -week 2,Race,NULL,NULL,NULL,NULL,NULL,NULL,NULL,NULL,NULL,NULL,NULL,NULL,NULL,NULL,NULL,NULL,NULL,NULL,NULL,NULL,NULL,NULL,NULL,NULL,NULL,NULL,NULL,NULL,NULL,NULL,NULL,NULL,NULL,NULL,NULL,NULL,NULL
B-A,W,Under40,7.0,Base 3 -week 2,Base 3 -week 3,Base 3 -week 4,Build 1 -week 2,Build 1 -week 3,Build 1 -week 4,Race,NULL,NULL,NULL,NULL,NULL,NULL,NULL,NULL,NULL,NULL,NULL,NULL,NULL,NULL,NULL,NULL,NULL,NULL,NULL,NULL,NULL,NULL,NULL,NULL,NULL,NULL,NULL,NULL,NULL,NULL,NULL,NULL,NULL,NULL,NULL,NULL,NULL,NULL,NULL,NULL,NULL
B-A,W,Under40,8.0,Base 3 -week 1,Base 3 -week 2,Base 3 -week 3,Base 3 -week 4,Build 1 -week 2,Build 1 -week 3,Build 1 -week 4,Race,NULL,NULL,NULL,NULL,NULL,NULL,NULL,NULL,NULL,NULL,NULL,NULL,NULL,NULL,NULL,NULL,NULL,NULL,NULL,NULL,NULL,NULL,NULL,NULL,NULL,NULL,NULL,NULL,NULL,NULL,NULL,NULL,NULL,NULL,NULL,NULL,NULL,NULL,NULL,NULL
B-A,W,Under40,9.0,Base 3 -week 1,Base 3 -week 2,Base 3 -week 3,Base 3 -week 4,Build 1 -week 2,Build 1 -week 3,Build 1 -week 4,Peak -week 2,Race,NULL,NULL,NULL,NULL,NULL,NULL,NULL,NULL,NULL,NULL,NULL,NULL,NULL,NULL,NULL,NULL,NULL,NULL,NULL,NULL,NULL,NULL,NULL,NULL,NULL,NULL,NULL,NULL,NULL,NULL,NULL,NULL,NULL,NULL,NULL,NULL,NULL,NULL,NULL
B-A,W,Over40,23.0,Base 3 -week 2,Base 3 -week 4,Base 3 -week 1,Base 3 -week 2,Base 3 -week 4,Base 3 -week 1,Base 3 -week 2,Base 3 -week 4,Base 3 -week 1,Base 3 -week 2,Base 3 -week 4,Build 1 -week 1,Build 1 -week 2,Build 1 -week 4,Build 2 -week 1,Build 2 -week 2,Build 2 -week 4,Build 2 -week 1,Build 2 -week 2,Build 2 -week 4,Peak -week 1,Peak -week 2,Race,NULL,NULL,NULL,NULL,NULL,NULL,NULL,NULL,NULL,NULL,NULL,NULL,NULL,NULL,NULL,NULL,NULL,NULL,NULL,NULL,NULL,NULL,NULL,NULL,NULL
B-A,W,Over40,24.0,Base 3 -week 1,Base 3 -week 2,Base 3 -week 4,Base 3 -week 1,Base 3 -week 2,Base 3 -week 4,Base 3 -week 1,Base 3 -week 2,Base 3 -week 4,Base 3 -week 1,Base 3 -week 2,Base 3 -week 4,Build 1 -week 1,Build 1 -week 2,Build 1 -week 4,Build 2 -week 1,Build 2 -week 2,Build 2 -week 4,Build 2 -week 1,Build 2 -week 2,Build 2 -week 4,Peak -week 1,Peak -week 2,Race,NULL,NULL,NULL,NULL,NULL,NULL,NULL,NULL,NULL,NULL,NULL,NULL,NULL,NULL,NULL,NULL,NULL,NULL,NULL,NULL,NULL,NULL,NULL,NULL
B-A,W,Over40,25.0,Base 2 -week 4,Base 3 -week 1,Base 3 -week 2,Base 3 -week 4,Base 3 -week 1,Base 3 -week 2,Base 3 -week 4,Base 3 -week 1,Base 3 -week 2,Base 3 -week 4,Base 3 -week 1,Base 3 -week 2,Base 3 -week 4,Build 1 -week 1,Build 1 -week 2,Build 1 -week 4,Build 2 -week 1,Build 2 -week 2,Build 2 -week 4,Build 2 -week 1,Build 2 -week 2,Build 2 -week 4,Peak -week 1,Peak -week 2,Race,NULL,NULL,NULL,NULL,NULL,NULL,NULL,NULL,NULL,NULL,NULL,NULL,NULL,NULL,NULL,NULL,NULL,NULL,NULL,NULL,NULL,NULL,NULL
B-A,W,Over40,26.0,Base 2 -week 2,Base 2 -week 4,Base 3 -week 1,Base 3 -week 2,Base 3 -week 4,Base 3 -week 1,Base 3 -week 2,Base 3 -week 4,Base 3 -week 1,Base 3 -week 2,Base 3 -week 4,Base 3 -week 1,Base 3 -week 2,Base 3 -week 4,Build 1 -week 1,Build 1 -week 2,Build 1 -week 4,Build 2 -week 1,Build 2 -week 2,Build 2 -week 4,Build 2 -week 1,Build 2 -week 2,Build 2 -week 4,Peak -week 1,Peak -week 2,Race,NULL,NULL,NULL,NULL,NULL,NULL,NULL,NULL,NULL,NULL,NULL,NULL,NULL,NULL,NULL,NULL,NULL,NULL,NULL,NULL,NULL,NULL
B-A,W,Over40,27.0,Base 2 -week 1,Base 2 -week 2,Base 2 -week 4,Base 3 -week 1,Base 3 -week 2,Base 3 -week 4,Base 3 -week 1,Base 3 -week 2,Base 3 -week 4,Base 3 -week 1,Base 3 -week 2,Base 3 -week 4,Base 3 -week 1,Base 3 -week 2,Base 3 -week 4,Build 1 -week 1,Build 1 -week 2,Build 1 -week 4,Build 2 -week 1,Build 2 -week 2,Build 2 -week 4,Build 2 -week 1,Build 2 -week 2,Build 2 -week 4,Peak -week 1,Peak -week 2,Race,NULL,NULL,NULL,NULL,NULL,NULL,NULL,NULL,NULL,NULL,NULL,NULL,NULL,NULL,NULL,NULL,NULL,NULL,NULL,NULL,NULL
B-A,W,Over40,28.0,Base 2 -week 4,Base 2 -week 1,Base 2 -week 2,Base 2 -week 4,Base 3 -week 1,Base 3 -week 2,Base 3 -week 4,Base 3 -week 1,Base 3 -week 2,Base 3 -week 4,Base 3 -week 1,Base 3 -week 2,Base 3 -week 4,Base 3 -week 1,Base 3 -week 2,Base 3 -week 4,Build 1 -week 1,Build 1 -week 2,Build 1 -week 4,Build 2 -week 1,Build 2 -week 2,Build 2 -week 4,Build 2 -week 1,Build 2 -week 2,Build 2 -week 4,Peak -week 1,Peak -week 2,Race,NULL,NULL,NULL,NULL,NULL,NULL,NULL,NULL,NULL,NULL,NULL,NULL,NULL,NULL,NULL,NULL,NULL,NULL,NULL,NULL
B-A,W,Over40,29.0,Base 2 -week 2,Base 2 -week 4,Base 2 -week 1,Base 2 -week 2,Base 2 -week 4,Base 3 -week 1,Base 3 -week 2,Base 3 -week 4,Base 3 -week 1,Base 3 -week 2,Base 3 -week 4,Base 3 -week 1,Base 3 -week 2,Base 3 -week 4,Base 3 -week 1,Base 3 -week 2,Base 3 -week 4,Build 1 -week 1,Build 1 -week 2,Build 1 -week 4,Build 2 -week 1,Build 2 -week 2,Build 2 -week 4,Build 2 -week 1,Build 2 -week 2,Build 2 -week 4,Peak -week 1,Peak -week 2,Race,NULL,NULL,NULL,NULL,NULL,NULL,NULL,NULL,NULL,NULL,NULL,NULL,NULL,NULL,NULL,NULL,NULL,NULL,NULL
B-A,W,Over40,30.0,Base 2 -week 1,Base 2 -week 2,Base 2 -week 4,Base 2 -week 1,Base 2 -week 2,Base 2 -week 4,Base 3 -week 1,Base 3 -week 2,Base 3 -week 4,Base 3 -week 1,Base 3 -week 2,Base 3 -week 4,Base 3 -week 1,Base 3 -week 2,Base 3 -week 4,Base 3 -week 1,Base 3 -week 2,Base 3 -week 4,Build 1 -week 1,Build 1 -week 2,Build 1 -week 4,Build 2 -week 1,Build 2 -week 2,Build 2 -week 4,Build 2 -week 1,Build 2 -week 2,Build 2 -week 4,Peak -week 1,Peak -week 2,Race,NULL,NULL,NULL,NULL,NULL,NULL,NULL,NULL,NULL,NULL,NULL,NULL,NULL,NULL,NULL,NULL,NULL,NULL
B-A,W,Under40,10.0,Base 3 -week 1,Base 3 -week 2,Base 3 -week 3,Base 3 -week 4,Build 1 -week 1,Build 1 -week 2,Build 1 -week 3,Build 1 -week 4,Peak -week 2,Race,NULL,NULL,NULL,NULL,NULL,NULL,NULL,NULL,NULL,NULL,NULL,NULL,NULL,NULL,NULL,NULL,NULL,NULL,NULL,NULL,NULL,NULL,NULL,NULL,NULL,NULL,NULL,NULL,NULL,NULL,NULL,NULL,NULL,NULL,NULL,NULL,NULL,NULL
B-A,W,Under40,12.0,Base 3 -week 1,Base 3 -week 2,Base 3 -week 3,Base 3 -week 4,Build 1 -week 1,Build 1 -week 2,Build 1 -week 3,Build 1 -week 4,Build 2 -week 2,Build 2 -week 4,Peak -week 1,Race,NULL,NULL,NULL,NULL,NULL,NULL,NULL,NULL,NULL,NULL,NULL,NULL,NULL,NULL,NULL,NULL,NULL,NULL,NULL,NULL,NULL,NULL,NULL,NULL,NULL,NULL,NULL,NULL,NULL,NULL,NULL,NULL,NULL,NULL,NULL,NULL
A2-A3,S,Over40,1.0,Race,NULL,NULL,NULL,NULL,NULL,NULL,NULL,NULL,NULL,NULL,NULL,NULL,NULL,NULL,NULL,NULL,NULL,NULL,NULL,NULL,NULL,NULL,NULL,NULL,NULL,NULL,NULL,NULL,NULL,NULL,NULL,NULL,NULL,NULL,NULL,NULL,NULL,NULL,NULL,NULL,NULL,NULL,NULL,NULL,NULL,NULL,NULL
A2-A3,S,Over40,3.0,Build 2 -week 1,Peak -week 1,Race,NULL,NULL,NULL,NULL,NULL,NULL,NULL,NULL,NULL,NULL,NULL,NULL,NULL,NULL,NULL,NULL,NULL,NULL,NULL,NULL,NULL,NULL,NULL,NULL,NULL,NULL,NULL,NULL,NULL,NULL,NULL,NULL,NULL,NULL,NULL,NULL,NULL,NULL,NULL,NULL,NULL,NULL,NULL,NULL,NULL
A2-A3,S,Over40,4.0,Build 2 -week 1,Build 2 -week 2,Peak -week 1,Race,NULL,NULL,NULL,NULL,NULL,NULL,NULL,NULL,NULL,NULL,NULL,NULL,NULL,NULL,NULL,NULL,NULL,NULL,NULL,NULL,NULL,NULL,NULL,NULL,NULL,NULL,NULL,NULL,NULL,NULL,NULL,NULL,NULL,NULL,NULL,NULL,NULL,NULL,NULL,NULL,NULL,NULL,NULL,NULL
B-A,W,Over40,31.0,Base 1 -week 4,Base 2 -week 1,Base 2 -week 2,Base 2 -week 4,Base 2 -week 1,Base 2 -week 2,Base 2 -week 4,Base 3 -week 1,Base 3 -week 2,Base 3 -week 4,Base 3 -week 1,Base 3 -week 2,Base 3 -week 4,Base 3 -week 1,Base 3 -week 2,Base 3 -week 4,Base 3 -week 1,Base 3 -week 2,Base 3 -week 4,Build 1 -week 1,Build 1 -week 2,Build 1 -week 4,Build 2 -week 1,Build 2 -week 2,Build 2 -week 4,Build 2 -week 1,Build 2 -week 2,Build 2 -week 4,Peak -week 1,Peak -week 2,Race,NULL,NULL,NULL,NULL,NULL,NULL,NULL,NULL,NULL,NULL,NULL,NULL,NULL,NULL,NULL,NULL,NULL
B-A,W,Over40,32.0,Base 1 -week 2,Base 1 -week 4,Base 2 -week 1,Base 2 -week 2,Base 2 -week 4,Base 2 -week 1,Base 2 -week 2,Base 2 -week 4,Base 3 -week 1,Base 3 -week 2,Base 3 -week 4,Base 3 -week 1,Base 3 -week 2,Base 3 -week 4,Base 3 -week 1,Base 3 -week 2,Base 3 -week 4,Base 3 -week 1,Base 3 -week 2,Base 3 -week 4,Build 1 -week 1,Build 1 -week 2,Build 1 -week 4,Build 2 -week 1,Build 2 -week 2,Build 2 -week 4,Build 2 -week 1,Build 2 -week 2,Build 2 -week 4,Peak -week 1,Peak -week 2,Race,NULL,NULL,NULL,NULL,NULL,NULL,NULL,NULL,NULL,NULL,NULL,NULL,NULL,NULL,NULL,NULL
B-A,S,Under40,13.0,Base 3 -week 3,Base 3 -week 4,Build 1 -week 1,Build 1 -week 2,Build 1 -week 3,Build 1 -week 4,Build 2 -week 1,Build 2 -week 2,Build 2 -week 3,Build 2 -week 4,Peak -week 1,Peak -week 2,Race,NULL,NULL,NULL,NULL,NULL,NULL,NULL,NULL,NULL,NULL,NULL,NULL,NULL,NULL,NULL,NULL,NULL,NULL,NULL,NULL,NULL,NULL,NULL,NULL,NULL,NULL,NULL,NULL,NULL,NULL,NULL,NULL,NULL,NULL,NULL
B-A,S,Under40,14.0,Base 3 -week 2,Base 3 -week 3,Base 3 -week 4,Build 1 -week 1,Build 1 -week 2,Build 1 -week 3,Build 1 -week 4,Build 2 -week 1,Build 2 -week 2,Build 2 -week 3,Build 2 -week 4,Peak -week 1,Peak -week 2,Race,NULL,NULL,NULL,NULL,NULL,NULL,NULL,NULL,NULL,NULL,NULL,NULL,NULL,NULL,NULL,NULL,NULL,NULL,NULL,NULL,NULL,NULL,NULL,NULL,NULL,NULL,NULL,NULL,NULL,NULL,NULL,NULL,NULL,NULL
B-A,S,Under40,15.0,Base 3 -week 1,Base 3 -week 2,Base 3 -week 3,Base 3 -week 4,Build 1 -week 1,Build 1 -week 2,Build 1 -week 3,Build 1 -week 4,Build 2 -week 1,Build 2 -week 2,Build 2 -week 3,Build 2 -week 4,Peak -week 1,Peak -week 2,Race,NULL,NULL,NULL,NULL,NULL,NULL,NULL,NULL,NULL,NULL,NULL,NULL,NULL,NULL,NULL,NULL,NULL,NULL,NULL,NULL,NULL,NULL,NULL,NULL,NULL,NULL,NULL,NULL,NULL,NULL,NULL,NULL,NULL
B-A,S,Under40,16.0,Base 3 -week 4,Base 3 -week 1,Base 3 -week 2,Base 3 -week 3,Base 3 -week 4,Build 1 -week 1,Build 1 -week 2,Build 1 -week 3,Build 1 -week 4,Build 2 -week 1,Build 2 -week 2,Build 2 -week 3,Build 2 -week 4,Peak -week 1,Peak -week 2,Race,NULL,NULL,NULL,NULL,NULL,NULL,NULL,NULL,NULL,NULL,NULL,NULL,NULL,NULL,NULL,NULL,NULL,NULL,NULL,NULL,NULL,NULL,NULL,NULL,NULL,NULL,NULL,NULL,NULL,NULL,NULL,NULL
B-A,S,Under40,17.0,Base 3 -week 3,Base 3 -week 4,Base 3 -week 1,Base 3 -week 2,Base 3 -week 3,Base 3 -week 4,Build 1 -week 1,Build 1 -week 2,Build 1 -week 3,Build 1 -week 4,Build 2 -week 1,Build 2 -week 2,Build 2 -week 3,Build 2 -week 4,Peak -week 1,Peak -week 2,Race,NULL,NULL,NULL,NULL,NULL,NULL,NULL,NULL,NULL,NULL,NULL,NULL,NULL,NULL,NULL,NULL,NULL,NULL,NULL,NULL,NULL,NULL,NULL,NULL,NULL,NULL,NULL,NULL,NULL,NULL,NULL
B-A,S,Under40,18.0,Base 3 -week 2,Base 3 -week 3,Base 3 -week 4,Base 3 -week 1,Base 3 -week 2,Base 3 -week 3,Base 3 -week 4,Build 1 -week 1,Build 1 -week 2,Build 1 -week 3,Build 1 -week 4,Build 2 -week 1,Build 2 -week 2,Build 2 -week 3,Build 2 -week 4,Peak -week 1,Peak -week 2,Race,NULL,NULL,NULL,NULL,NULL,NULL,NULL,NULL,NULL,NULL,NULL,NULL,NULL,NULL,NULL,NULL,NULL,NULL,NULL,NULL,NULL,NULL,NULL,NULL,NULL,NULL,NULL,NULL,NULL,NULL
B-A,S,Under40,19.0,Base 3 -week 1,Base 3 -week 2,Base 3 -week 3,Base 3 -week 4,Base 3 -week 1,Base 3 -week 2,Base 3 -week 3,Base 3 -week 4,Build 1 -week 1,Build 1 -week 2,Build 1 -week 3,Build 1 -week 4,Build 2 -week 1,Build 2 -week 2,Build 2 -week 3,Build 2 -week 4,Peak -week 1,Peak -week 2,Race,NULL,NULL,NULL,NULL,NULL,NULL,NULL,NULL,NULL,NULL,NULL,NULL,NULL,NULL,NULL,NULL,NULL,NULL,NULL,NULL,NULL,NULL,NULL,NULL,NULL,NULL,NULL,NULL,NULL
B-A,S,Under40,20.0,Build 1 -week 4,Base 3 -week 1,Base 3 -week 2,Base 3 -week 3,Base 3 -week 4,Base 3 -week 1,Base 3 -week 2,Base 3 -week 3,Base 3 -week 4,Build 1 -week 1,Build 1 -week 2,Build 1 -week 3,Build 1 -week 4,Build 2 -week 1,Build 2 -week 2,Build 2 -week 3,Build 2 -week 4,Peak -week 1,Peak -week 2,Race,NULL,NULL,NULL,NULL,NULL,NULL,NULL,NULL,NULL,NULL,NULL,NULL,NULL,NULL,NULL,NULL,NULL,NULL,NULL,NULL,NULL,NULL,NULL,NULL,NULL,NULL,NULL,NULL
A2-A3,S,Over40,11.0,Base 3 -week 4,Build 1 -week 1,Build 1 -week 2,Build 1 -week 4,Build 2 -week 1,Build 2 -week 2,Build 2 -week 4,Build 2 -week 1,Build 2 -week 4,Peak -week 1,Race,NULL,NULL,NULL,NULL,NULL,NULL,NULL,NULL,NULL,NULL,NULL,NULL,NULL,NULL,NULL,NULL,NULL,NULL,NULL,NULL,NULL,NULL,NULL,NULL,NULL,NULL,NULL,NULL,NULL,NULL,NULL,NULL,NULL,NULL,NULL,NULL,NULL
A2-A3,S,Over40,5.0,Build 1 -week 4,Build 2 -week 1,Build 2 -week 2,Peak -week 1,Race,NULL,NULL,NULL,NULL,NULL,NULL,NULL,NULL,NULL,NULL,NULL,NULL,NULL,NULL,NULL,NULL,NULL,NULL,NULL,NULL,NULL,NULL,NULL,NULL,NULL,NULL,NULL,NULL,NULL,NULL,NULL,NULL,NULL,NULL,NULL,NULL,NULL,NULL,NULL,NULL,NULL,NULL,NULL
A2-A3,S,Over40,6.0,Build 1 -week 4,Build 2 -week 1,Build 2 -week 2,Build 2 -week 4,Peak -week 1,Race,NULL,NULL,NULL,NULL,NULL,NULL,NULL,NULL,NULL,NULL,NULL,NULL,NULL,NULL,NULL,NULL,NULL,NULL,NULL,NULL,NULL,NULL,NULL,NULL,NULL,NULL,NULL,NULL,NULL,NULL,NULL,NULL,NULL,NULL,NULL,NULL,NULL,NULL,NULL,NULL,NULL,NULL
A2-A3,S,Over40,7.0,Build 1 -week 4,Build 2 -week 1,Build 2 -week 2,Build 2 -week 4,Build 2 -week 1,Peak -week 1,Race,NULL,NULL,NULL,NULL,NULL,NULL,NULL,NULL,NULL,NULL,NULL,NULL,NULL,NULL,NULL,NULL,NULL,NULL,NULL,NULL,NULL,NULL,NULL,NULL,NULL,NULL,NULL,NULL,NULL,NULL,NULL,NULL,NULL,NULL,NULL,NULL,NULL,NULL,NULL,NULL,NULL
A2-A3,S,Over40,8.0,Build 1 -week 4,Build 2 -week 1,Build 2 -week 2,Build 2 -week 4,Build 2 -week 1,Build 2 -week 2,Peak -week 1,Race,NULL,NULL,NULL,NULL,NULL,NULL,NULL,NULL,NULL,NULL,NULL,NULL,NULL,NULL,NULL,NULL,NULL,NULL,NULL,NULL,NULL,NULL,NULL,NULL,NULL,NULL,NULL,NULL,NULL,NULL,NULL,NULL,NULL,NULL,NULL,NULL,NULL,NULL,NULL,NULL
A2-A3,W,Over40,2.0,Base 3 -week 1,Race,NULL,NULL,NULL,NULL,NULL,NULL,NULL,NULL,NULL,NULL,NULL,NULL,NULL,NULL,NULL,NULL,NULL,NULL,NULL,NULL,NULL,NULL,NULL,NULL,NULL,NULL,NULL,NULL,NULL,NULL,NULL,NULL,NULL,NULL,NULL,NULL,NULL,NULL,NULL,NULL,NULL,NULL,NULL,NULL,NULL,NULL
A2-A3,W,Over40,4.0,Base 3 -week 1,Base 3 -week 2,Peak -week 1,Race,NULL,NULL,NULL,NULL,NULL,NULL,NULL,NULL,NULL,NULL,NULL,NULL,NULL,NULL,NULL,NULL,NULL,NULL,NULL,NULL,NULL,NULL,NULL,NULL,NULL,NULL,NULL,NULL,NULL,NULL,NULL,NULL,NULL,NULL,NULL,NULL,NULL,NULL,NULL,NULL,NULL,NULL,NULL,NULL
B-A,S,Under40,21.0,Base 3 -week 1,Base 3 -week 2,Base 3 -week 3,Base 3 -week 4,Build 1 -week 1,Build 1 -week 4,Base 3 -week 1,Base 3 -week 2,Base 3 -week 3,Base 3 -week 4,Build 1 -week 1,Build 1 -week 2,Build 1 -week 3,Build 1 -week 4,Build 2 -week 1,Build 2 -week 2,Build 2 -week 3,Build 2 -week 4,Peak -week 1,Peak -week 2,Race,NULL,NULL,NULL,NULL,NULL,NULL,NULL,NULL,NULL,NULL,NULL,NULL,NULL,NULL,NULL,NULL,NULL,NULL,NULL,NULL,NULL,NULL,NULL,NULL,NULL,NULL,NULL
B-A,S,Under40,22.0,Base 3 -week 1,Base 3 -week 2,Base 3 -week 3,Base 3 -week 4,Build 1 -week 1,Build 1 -week 2,Build 1 -week 4,Base 3 -week 1,Base 3 -week 2,Base 3 -week 3,Base 3 -week 4,Build 1 -week 1,Build 1 -week 2,Build 1 -week 3,Build 1 -week 4,Build 2 -week 1,Build 2 -week 2,Build 2 -week 3,Build 2 -week 4,Peak -week 1,Peak -week 2,Race,NULL,NULL,NULL,NULL,NULL,NULL,NULL,NULL,NULL,NULL,NULL,NULL,NULL,NULL,NULL,NULL,NULL,NULL,NULL,NULL,NULL,NULL,NULL,NULL,NULL,NULL
B-A,S,Under40,23.0,Build 1 -week 4,Base 3 -week 1,Base 3 -week 2,Base 3 -week 3,Base 3 -week 4,Build 1 -week 1,Build 1 -week 2,Build 1 -week 4,Base 3 -week 1,Base 3 -week 2,Base 3 -week 3,Base 3 -week 4,Build 1 -week 1,Build 1 -week 2,Build 1 -week 3,Build 1 -week 4,Build 2 -week 1,Build 2 -week 2,Build 2 -week 3,Build 2 -week 4,Peak -week 1,Peak -week 2,Race,NULL,NULL,NULL,NULL,NULL,NULL,NULL,NULL,NULL,NULL,NULL,NULL,NULL,NULL,NULL,NULL,NULL,NULL,NULL,NULL,NULL,NULL,NULL,NULL,NULL
B-A,S,Under40,24.0,Build 1 -week 4,Base 3 -week 1,Base 3 -week 2,Base 3 -week 3,Base 3 -week 4,Build 1 -week 1,Build 1 -week 2,Build 1 -week 3,Build 1 -week 4,Base 3 -week 1,Base 3 -week 2,Base 3 -week 3,Base 3 -week 4,Build 1 -week 1,Build 1 -week 2,Build 1 -week 3,Build 1 -week 4,Build 2 -week 1,Build 2 -week 2,Build 2 -week 3,Build 2 -week 4,Peak -week 1,Peak -week 2,Race,NULL,NULL,NULL,NULL,NULL,NULL,NULL,NULL,NULL,NULL,NULL,NULL,NULL,NULL,NULL,NULL,NULL,NULL,NULL,NULL,NULL,NULL,NULL,NULL
B-A,S,Under40,25.0,Build 1 -week 2,Build 1 -week 4,Base 3 -week 1,Base 3 -week 2,Base 3 -week 3,Base 3 -week 4,Build 1 -week 1,Build 1 -week 2,Build 1 -week 3,Build 1 -week 4,Base 3 -week 1,Base 3 -week 2,Base 3 -week 3,Base 3 -week 4,Build 1 -week 1,Build 1 -week 2,Build 1 -week 3,Build 1 -week 4,Build 2 -week 1,Build 2 -week 2,Build 2 -week 3,Build 2 -week 4,Peak -week 1,Peak -week 2,Race,NULL,NULL,NULL,NULL,NULL,NULL,NULL,NULL,NULL,NULL,NULL,NULL,NULL,NULL,NULL,NULL,NULL,NULL,NULL,NULL,NULL,NULL,NULL
B-A,S,Under40,26.0,Build 1 -week 1,Build 1 -week 2,Build 1 -week 4,Base 3 -week 1,Base 3 -week 2,Base 3 -week 3,Base 3 -week 4,Build 1 -week 1,Build 1 -week 2,Build 1 -week 3,Build 1 -week 4,Base 3 -week 1,Base 3 -week 2,Base 3 -week 3,Base 3 -week 4,Build 1 -week 1,Build 1 -week 2,Build 1 -week 3,Build 1 -week 4,Build 2 -week 1,Build 2 -week 2,Build 2 -week 3,Build 2 -week 4,Peak -week 1,Peak -week 2,Race,NULL,NULL,NULL,NULL,NULL,NULL,NULL,NULL,NULL,NULL,NULL,NULL,NULL,NULL,NULL,NULL,NULL,NULL,NULL,NULL,NULL,NULL
B-A,S,Under40,27.0,Base 2 -week 4,Build 1 -week 1,Build 1 -week 2,Build 1 -week 4,Base 3 -week 1,Base 3 -week 2,Base 3 -week 3,Base 3 -week 4,Build 1 -week 1,Build 1 -week 2,Build 1 -week 3,Build 1 -week 4,Base 3 -week 1,Base 3 -week 2,Base 3 -week 3,Base 3 -week 4,Build 1 -week 1,Build 1 -week 2,Build 1 -week 3,Build 1 -week 4,Build 2 -week 1,Build 2 -week 2,Build 2 -week 3,Build 2 -week 4,Peak -week 1,Peak -week 2,Race,NULL,NULL,NULL,NULL,NULL,NULL,NULL,NULL,NULL,NULL,NULL,NULL,NULL,NULL,NULL,NULL,NULL,NULL,NULL,NULL,NULL
B-A,S,Under40,28.0,Base 2 -week 3,Base 2 -week 4,Build 1 -week 1,Build 1 -week 2,Build 1 -week 4,Base 3 -week 1,Base 3 -week 2,Base 3 -week 3,Base 3 -week 4,Build 1 -week 1,Build 1 -week 2,Build 1 -week 3,Build 1 -week 4,Base 3 -week 1,Base 3 -week 2,Base 3 -week 3,Base 3 -week 4,Build 1 -week 1,Build 1 -week 2,Build 1 -week 3,Build 1 -week 4,Build 2 -week 1,Build 2 -week 2,Build 2 -week 3,Build 2 -week 4,Peak -week 1,Peak -week 2,Race,NULL,NULL,NULL,NULL,NULL,NULL,NULL,NULL,NULL,NULL,NULL,NULL,NULL,NULL,NULL,NULL,NULL,NULL,NULL,NULL
B-A,S,Under40,29.0,Base 2 -week 2,Base 2 -week 3,Base 2 -week 4,Build 1 -week 1,Build 1 -week 2,Build 1 -week 4,Base 3 -week 1,Base 3 -week 2,Base 3 -week 3,Base 3 -week 4,Build 1 -week 1,Build 1 -week 2,Build 1 -week 3,Build 1 -week 4,Base 3 -week 1,Base 3 -week 2,Base 3 -week 3,Base 3 -week 4,Build 1 -week 1,Build 1 -week 2,Build 1 -week 3,Build 1 -week 4,Build 2 -week 1,Build 2 -week 2,Build 2 -week 3,Build 2 -week 4,Peak -week 1,Peak -week 2,Race,NULL,NULL,NULL,NULL,NULL,NULL,NULL,NULL,NULL,NULL,NULL,NULL,NULL,NULL,NULL,NULL,NULL,NULL,NULL
A2-A3,S,Over40,2.0,Peak -week 1,Race,NULL,NULL,NULL,NULL,NULL,NULL,NULL,NULL,NULL,NULL,NULL,NULL,NULL,NULL,NULL,NULL,NULL,NULL,NULL,NULL,NULL,NULL,NULL,NULL,NULL,NULL,NULL,NULL,NULL,NULL,NULL,NULL,NULL,NULL,NULL,NULL,NULL,NULL,NULL,NULL,NULL,NULL,NULL,NULL,NULL,NULL
A2-A3,W,Over40,1.0,Race,NULL,NULL,NULL,NULL,NULL,NULL,NULL,NULL,NULL,NULL,NULL,NULL,NULL,NULL,NULL,NULL,NULL,NULL,NULL,NULL,NULL,NULL,NULL,NULL,NULL,NULL,NULL,NULL,NULL,NULL,NULL,NULL,NULL,NULL,NULL,NULL,NULL,NULL,NULL,NULL,NULL,NULL,NULL,NULL,NULL,NULL,NULL
A2-A3,S,Under40,9.0,Base 3 -week 4,Build 1 -week 1,Build 1 -week 2,Build 1 -week 3,Build 1 -week 4,Build 2 -week 1,Build 2 -week 2,Peak -week 1,Race,NULL,NULL,NULL,NULL,NULL,NULL,NULL,NULL,NULL,NULL,NULL,NULL,NULL,NULL,NULL,NULL,NULL,NULL,NULL,NULL,NULL,NULL,NULL,NULL,NULL,NULL,NULL,NULL,NULL,NULL,NULL,NULL,NULL,NULL,NULL,NULL,NULL,NULL,NULL
A2-A3,S,Under40,10.0,Base 3 -week 4,Build 1 -week 1,Build 1 -week 2,Build 1 -week 3,Build 1 -week 4,Build 2 -week 1,Build 2 -week 2,Build 2 -week 4,Peak -week 1,Race,NULL,NULL,NULL,NULL,NULL,NULL,NULL,NULL,NULL,NULL,NULL,NULL,NULL,NULL,NULL,NULL,NULL,NULL,NULL,NULL,NULL,NULL,NULL,NULL,NULL,NULL,NULL,NULL,NULL,NULL,NULL,NULL,NULL,NULL,NULL,NULL,NULL,NULL
B-A,S,Under40,30.0,Base 2 -week 1,Base 2 -week 2,Base 2 -week 3,Base 2 -week 4,Build 1 -week 1,Build 1 -week 2,Build 1 -week 4,Base 3 -week 1,Base 3 -week 2,Base 3 -week 3,Base 3 -week 4,Build 1 -week 1,Build 1 -week 2,Build 1 -week 3,Build 1 -week 4,Base 3 -week 1,Base 3 -week 2,Base 3 -week 3,Base 3 -week 4,Build 1 -week 1,Build 1 -week 2,Build 1 -week 3,Build 1 -week 4,Build 2 -week 1,Build 2 -week 2,Build 2 -week 3,Build 2 -week 4,Peak -week 1,Peak -week 2,Race,NULL,NULL,NULL,NULL,NULL,NULL,NULL,NULL,NULL,NULL,NULL,NULL,NULL,NULL,NULL,NULL,NULL,NULL
B-A,S,Under40,31.0,Base 2 -week 4,Base 2 -week 1,Base 2 -week 2,Base 2 -week 3,Base 2 -week 4,Build 1 -week 1,Build 1 -week 2,Build 1 -week 4,Base 3 -week 1,Base 3 -week 2,Base 3 -week 3,Base 3 -week 4,Build 1 -week 1,Build 1 -week 2,Build 1 -week 3,Build 1 -week 4,Base 3 -week 1,Base 3 -week 2,Base 3 -week 3,Base 3 -week 4,Build 1 -week 1,Build 1 -week 2,Build 1 -week 3,Build 1 -week 4,Build 2 -week 1,Build 2 -week 2,Build 2 -week 3,Build 2 -week 4,Peak -week 1,Peak -week 2,Race,NULL,NULL,NULL,NULL,NULL,NULL,NULL,NULL,NULL,NULL,NULL,NULL,NULL,NULL,NULL,NULL,NULL
B-A,S,Under40,32.0,Base 2 -week 3,Base 2 -week 4,Base 2 -week 1,Base 2 -week 2,Base 2 -week 3,Base 2 -week 4,Build 1 -week 1,Build 1 -week 2,Build 1 -week 4,Base 3 -week 1,Base 3 -week 2,Base 3 -week 3,Base 3 -week 4,Build 1 -week 1,Build 1 -week 2,Build 1 -week 3,Build 1 -week 4,Base 3 -week 1,Base 3 -week 2,Base 3 -week 3,Base 3 -week 4,Build 1 -week 1,Build 1 -week 2,Build 1 -week 3,Build 1 -week 4,Build 2 -week 1,Build 2 -week 2,Build 2 -week 3,Build 2 -week 4,Peak -week 1,Peak -week 2,Race,NULL,NULL,NULL,NULL,NULL,NULL,NULL,NULL,NULL,NULL,NULL,NULL,NULL,NULL,NULL,NULL
B-A,W,Under40,13.0,Base 3 -week 1,Base 3 -week 2,Base 3 -week 3,Base 3 -week 4,Build 1 -week 1,Build 1 -week 2,Build 1 -week 3,Build 1 -week 4,Build 2 -week 1,Build 2 -week 2,Build 2 -week 4,Peak -week 1,Race,NULL,NULL,NULL,NULL,NULL,NULL,NULL,NULL,NULL,NULL,NULL,NULL,NULL,NULL,NULL,NULL,NULL,NULL,NULL,NULL,NULL,NULL,NULL,NULL,NULL,NULL,NULL,NULL,NULL,NULL,NULL,NULL,NULL,NULL,NULL
B-A,W,Under40,14.0,Base 3 -week 1,Base 3 -week 2,Base 3 -week 3,Base 3 -week 4,Build 1 -week 1,Build 1 -week 2,Build 1 -week 3,Build 1 -week 4,Build 2 -week 1,Build 2 -week 2,Build 2 -week 3,Build 2 -week 4,Peak -week 1,Race,NULL,NULL,NULL,NULL,NULL,NULL,NULL,NULL,NULL,NULL,NULL,NULL,NULL,NULL,NULL,NULL,NULL,NULL,NULL,NULL,NULL,NULL,NULL,NULL,NULL,NULL,NULL,NULL,NULL,NULL,NULL,NULL,NULL,NULL
B-A,W,Under40,15.0,Base 3 -week 1,Base 3 -week 2,Base 3 -week 3,Base 3 -week 4,Build 1 -week 1,Build 1 -week 2,Build 1 -week 3,Build 1 -week 4,Build 2 -week 1,Build 2 -week 2,Build 2 -week 3,Build 2 -week 4,Peak -week 1,Peak -week 2,Race,NULL,NULL,NULL,NULL,NULL,NULL,NULL,NULL,NULL,NULL,NULL,NULL,NULL,NULL,NULL,NULL,NULL,NULL,NULL,NULL,NULL,NULL,NULL,NULL,NULL,NULL,NULL,NULL,NULL,NULL,NULL,NULL,NULL
B-A,W,Under40,16.0,Base 2 -week 4,Base 3 -week 1,Base 3 -week 2,Base 3 -week 3,Base 3 -week 4,Build 1 -week 1,Build 1 -week 2,Build 1 -week 3,Build 1 -week 4,Build 2 -week 1,Build 2 -week 2,Build 2 -week 3,Build 2 -week 4,Peak -week 1,Peak -week 2,Race,NULL,NULL,NULL,NULL,NULL,NULL,NULL,NULL,NULL,NULL,NULL,NULL,NULL,NULL,NULL,NULL,NULL,NULL,NULL,NULL,NULL,NULL,NULL,NULL,NULL,NULL,NULL,NULL,NULL,NULL,NULL,NULL
B-A,W,Under40,17.0,Base 2 -week 3,Base 2 -week 4,Base 3 -week 1,Base 3 -week 2,Base 3 -week 3,Base 3 -week 4,Build 1 -week 1,Build 1 -week 2,Build 1 -week 3,Build 1 -week 4,Build 2 -week 1,Build 2 -week 2,Build 2 -week 3,Build 2 -week 4,Peak -week 1,Peak -week 2,Race,NULL,NULL,NULL,NULL,NULL,NULL,NULL,NULL,NULL,NULL,NULL,NULL,NULL,NULL,NULL,NULL,NULL,NULL,NULL,NULL,NULL,NULL,NULL,NULL,NULL,NULL,NULL,NULL,NULL,NULL,NULL
B-A,W,Under40,18.0,Base 2 -week 2,Base 2 -week 3,Base 2 -week 4,Base 3 -week 1,Base 3 -week 2,Base 3 -week 3,Base 3 -week 4,Build 1 -week 1,Build 1 -week 2,Build 1 -week 3,Build 1 -week 4,Build 2 -week 1,Build 2 -week 2,Build 2 -week 3,Build 2 -week 4,Peak -week 1,Peak -week 2,Race,NULL,NULL,NULL,NULL,NULL,NULL,NULL,NULL,NULL,NULL,NULL,NULL,NULL,NULL,NULL,NULL,NULL,NULL,NULL,NULL,NULL,NULL,NULL,NULL,NULL,NULL,NULL,NULL,NULL,NULL
A2-A3,S,Over40,9.0,Base 3 -week 4,Build 1 -week 1,Build 1 -week 2,Build 2 -week 1,Build 2 -week 2,Build 2 -week 4,Build 2 -week 1,Peak -week 1,Race,NULL,NULL,NULL,NULL,NULL,NULL,NULL,NULL,NULL,NULL,NULL,NULL,NULL,NULL,NULL,NULL,NULL,NULL,NULL,NULL,NULL,NULL,NULL,NULL,NULL,NULL,NULL,NULL,NULL,NULL,NULL,NULL,NULL,NULL,NULL,NULL,NULL,NULL,NULL
A2-A3,S,Over40,10.0,Base 3 -week 4,Build 1 -week 1,Build 1 -week 2,Build 1 -week 4,Build 2 -week 1,Build 2 -week 2,Build 2 -week 4,Build 2 -week 1,Peak -week 1,Race,NULL,NULL,NULL,NULL,NULL,NULL,NULL,NULL,NULL,NULL,NULL,NULL,NULL,NULL,NULL,NULL,NULL,NULL,NULL,NULL,NULL,NULL,NULL,NULL,NULL,NULL,NULL,NULL,NULL,NULL,NULL,NULL,NULL,NULL,NULL,NULL,NULL,NULL
A2-A3,W,Over40,3.0,Base 3 -week 1,Base 3 -week 2,Race,NULL,NULL,NULL,NULL,NULL,NULL,NULL,NULL,NULL,NULL,NULL,NULL,NULL,NULL,NULL,NULL,NULL,NULL,NULL,NULL,NULL,NULL,NULL,NULL,NULL,NULL,NULL,NULL,NULL,NULL,NULL,NULL,NULL,NULL,NULL,NULL,NULL,NULL,NULL,NULL,NULL,NULL,NULL,NULL,NULL
A2-A3,W,Over40,5.0,Base 3 -week 1,Base 3 -week 2,Base 3 -week 4,Peak -week 1,Race,NULL,NULL,NULL,NULL,NULL,NULL,NULL,NULL,NULL,NULL,NULL,NULL,NULL,NULL,NULL,NULL,NULL,NULL,NULL,NULL,NULL,NULL,NULL,NULL,NULL,NULL,NULL,NULL,NULL,NULL,NULL,NULL,NULL,NULL,NULL,NULL,NULL,NULL,NULL,NULL,NULL,NULL,NULL
A2-A3,W,Over40,7.0,Base 3 -week 1,Base 3 -week 2,Base 3 -week 4,Build 1 -week 1,Build 1 -week 2,Peak -week 2,Race,NULL,NULL,NULL,NULL,NULL,NULL,NULL,NULL,NULL,NULL,NULL,NULL,NULL,NULL,NULL,NULL,NULL,NULL,NULL,NULL,NULL,NULL,NULL,NULL,NULL,NULL,NULL,NULL,NULL,NULL,NULL,NULL,NULL,NULL,NULL,NULL,NULL,NULL,NULL,NULL,NULL
A2-A3,S,Under40,2.0,Peak -week 1,Race,NULL,NULL,NULL,NULL,NULL,NULL,NULL,NULL,NULL,NULL,NULL,NULL,NULL,NULL,NULL,NULL,NULL,NULL,NULL,NULL,NULL,NULL,NULL,NULL,NULL,NULL,NULL,NULL,NULL,NULL,NULL,NULL,NULL,NULL,NULL,NULL,NULL,NULL,NULL,NULL,NULL,NULL,NULL,NULL,NULL,NULL
A2-A3,S,Under40,3.0,Build 1 -week 1,Peak -week 1,Race,NULL,NULL,NULL,NULL,NULL,NULL,NULL,NULL,NULL,NULL,NULL,NULL,NULL,NULL,NULL,NULL,NULL,NULL,NULL,NULL,NULL,NULL,NULL,NULL,NULL,NULL,NULL,NULL,NULL,NULL,NULL,NULL,NULL,NULL,NULL,NULL,NULL,NULL,NULL,NULL,NULL,NULL,NULL,NULL,NULL
A2-A3,S,Under40,4.0,Build 1 -week 1,Build 1 -week 2,Peak -week 1,Race,NULL,NULL,NULL,NULL,NULL,NULL,NULL,NULL,NULL,NULL,NULL,NULL,NULL,NULL,NULL,NULL,NULL,NULL,NULL,NULL,NULL,NULL,NULL,NULL,NULL,NULL,NULL,NULL,NULL,NULL,NULL,NULL,NULL,NULL,NULL,NULL,NULL,NULL,NULL,NULL,NULL,NULL,NULL,NULL
A2-A3,S,Under40,8.0,Build 1 -week 1,Build 1 -week 2,Build 1 -week 3,Build 1 -week 4,Build 2 -week 1,Build 2 -week 2,Peak -week 1,Race,NULL,NULL,NULL,NULL,NULL,NULL,NULL,NULL,NULL,NULL,NULL,NULL,NULL,NULL,NULL,NULL,NULL,NULL,NULL,NULL,NULL,NULL,NULL,NULL,NULL,NULL,NULL,NULL,NULL,NULL,NULL,NULL,NULL,NULL,NULL,NULL,NULL,NULL,NULL,NULL
B-A,W,Under40,19.0,Base 2 -week 1,Base 2 -week 2,Base 2 -week 3,Base 2 -week 4,Base 3 -week 1,Base 3 -week 2,Base 3 -week 3,Base 3 -week 4,Build 1 -week 1,Build 1 -week 2,Build 1 -week 3,Build 1 -week 4,Build 2 -week 1,Build 2 -week 2,Build 2 -week 3,Build 2 -week 4,Peak -week 1,Peak -week 2,Race,NULL,NULL,NULL,NULL,NULL,NULL,NULL,NULL,NULL,NULL,NULL,NULL,NULL,NULL,NULL,NULL,NULL,NULL,NULL,NULL,NULL,NULL,NULL,NULL,NULL,NULL,NULL,NULL,NULL
B-A,W,Under40,20.0,Base 1 -week 4,Base 2 -week 1,Base 2 -week 2,Base 2 -week 3,Base 2 -week 4,Base 3 -week 1,Base 3 -week 2,Base 3 -week 3,Base 3 -week 4,Build 1 -week 1,Build 1 -week 2,Build 1 -week 3,Build 1 -week 4,Build 2 -week 1,Build 2 -week 2,Build 2 -week 3,Build 2 -week 4,Peak -week 1,Peak -week 2,Race,NULL,NULL,NULL,NULL,NULL,NULL,NULL,NULL,NULL,NULL,NULL,NULL,NULL,NULL,NULL,NULL,NULL,NULL,NULL,NULL,NULL,NULL,NULL,NULL,NULL,NULL,NULL,NULL
B-A,W,Under40,21.0,Base 1 -week 3,Base 1 -week 4,Base 2 -week 1,Base 2 -week 2,Base 2 -week 3,Base 2 -week 4,Base 3 -week 1,Base 3 -week 2,Base 3 -week 3,Base 3 -week 4,Build 1 -week 1,Build 1 -week 2,Build 1 -week 3,Build 1 -week 4,Build 2 -week 1,Build 2 -week 2,Build 2 -week 3,Build 2 -week 4,Peak -week 1,Peak -week 2,Race,NULL,NULL,NULL,NULL,NULL,NULL,NULL,NULL,NULL,NULL,NULL,NULL,NULL,NULL,NULL,NULL,NULL,NULL,NULL,NULL,NULL,NULL,NULL,NULL,NULL,NULL,NULL
B-A,W,Under40,22.0,Base 1 -week 2,Base 1 -week 3,Base 1 -week 4,Base 2 -week 1,Base 2 -week 2,Base 2 -week 3,Base 2 -week 4,Base 3 -week 1,Base 3 -week 2,Base 3 -week 3,Base 3 -week 4,Build 1 -week 1,Build 1 -week 2,Build 1 -week 3,Build 1 -week 4,Build 2 -week 1,Build 2 -week 2,Build 2 -week 3,Build 2 -week 4,Peak -week 1,Peak -week 2,Race,NULL,NULL,NULL,NULL,NULL,NULL,NULL,NULL,NULL,NULL,NULL,NULL,NULL,NULL,NULL,NULL,NULL,NULL,NULL,NULL,NULL,NULL,NULL,NULL,NULL,NULL
B-A,W,Under40,23.0,Base 1 -week 1,Base 1 -week 2,Base 1 -week 3,Base 1 -week 4,Base 2 -week 1,Base 2 -week 2,Base 2 -week 3,Base 2 -week 4,Base 3 -week 1,Base 3 -week 2,Base 3 -week 3,Base 3 -week 4,Build 1 -week 1,Build 1 -week 2,Build 1 -week 3,Build 1 -week 4,Build 2 -week 1,Build 2 -week 2,Build 2 -week 3,Build 2 -week 4,Peak -week 1,Peak -week 2,Race,NULL,NULL,NULL,NULL,NULL,NULL,NULL,NULL,NULL,NULL,NULL,NULL,NULL,NULL,NULL,NULL,NULL,NULL,NULL,NULL,NULL,NULL,NULL,NULL,NULL
B-A,W,Under40,24.0,Transition,Base 1 -week 1,Base 1 -week 2,Base 1 -week 3,Base 1 -week 4,Base 2 -week 1,Base 2 -week 2,Base 2 -week 3,Base 2 -week 4,Base 3 -week 1,Base 3 -week 2,Base 3 -week 3,Base 3 -week 4,Build 1 -week 1,Build 1 -week 2,Build 1 -week 3,Build 1 -week 4,Build 2 -week 1,Build 2 -week 2,Build 2 -week 3,Build 2 -week 4,Peak -week 1,Peak -week 2,Race,NULL,NULL,NULL,NULL,NULL,NULL,NULL,NULL,NULL,NULL,NULL,NULL,NULL,NULL,NULL,NULL,NULL,NULL,NULL,NULL,NULL,NULL,NULL,NULL
B-A,W,Under40,25.0,Base 2 -week 2,Base 2 -week 3,Base 2 -week 4,Base 2 -week 1,Base 2 -week 2,Base 2 -week 3,Base 2 -week 4,Base 3 -week 2,Base 3 -week 3,Base 3 -week 4,Base 3 -week 1,Base 3 -week 2,Base 3 -week 3,Base 3 -week 4,Build 1 -week 1,Build 1 -week 2,Build 1 -week 3,Build 1 -week 4,Build 2 -week 1,Build 2 -week 2,Build 2 -week 3,Build 2 -week 4,Peak -week 1,Peak -week 2,Race,NULL,NULL,NULL,NULL,NULL,NULL,NULL,NULL,NULL,NULL,NULL,NULL,NULL,NULL,NULL,NULL,NULL,NULL,NULL,NULL,NULL,NULL,NULL
B-A,W,Under40,26.0,Base 2 -week 2,Base 2 -week 3,Base 2 -week 4,Base 2 -week 1,Base 2 -week 2,Base 2 -week 3,Base 2 -week 4,Base 3 -week 1,Base 3 -week 2,Base 3 -week 3,Base 3 -week 4,Base 3 -week 1,Base 3 -week 2,Base 3 -week 3,Base 3 -week 4,Build 1 -week 1,Build 1 -week 2,Build 1 -week 3,Build 1 -week 4,Build 2 -week 1,Build 2 -week 2,Build 2 -week 3,Build 2 -week 4,Peak -week 1,Peak -week 2,Race,NULL,NULL,NULL,NULL,NULL,NULL,NULL,NULL,NULL,NULL,NULL,NULL,NULL,NULL,NULL,NULL,NULL,NULL,NULL,NULL,NULL,NULL
B-A,W,Under40,27.0,Base 2 -week 1,Base 2 -week 2,Base 2 -week 3,Base 2 -week 4,Base 2 -week 1,Base 2 -week 2,Base 2 -week 3,Base 2 -week 4,Base 3 -week 1,Base 3 -week 2,Base 3 -week 3,Base 3 -week 4,Base 3 -week 1,Base 3 -week 2,Base 3 -week 3,Base 3 -week 4,Build 1 -week 1,Build 1 -week 2,Build 1 -week 3,Build 1 -week 4,Build 2 -week 1,Build 2 -week 2,Build 2 -week 3,Build 2 -week 4,Peak -week 1,Peak -week 2,Race,NULL,NULL,NULL,NULL,NULL,NULL,NULL,NULL,NULL,NULL,NULL,NULL,NULL,NULL,NULL,NULL,NULL,NULL,NULL,NULL,NULL
A2-A3,W,Over40,6.0,Base 3 -week 1,Base 3 -week 2,Base 3 -week 4,Build 1 -week 1,Peak -week 2,Race,NULL,NULL,NULL,NULL,NULL,NULL,NULL,NULL,NULL,NULL,NULL,NULL,NULL,NULL,NULL,NULL,NULL,NULL,NULL,NULL,NULL,NULL,NULL,NULL,NULL,NULL,NULL,NULL,NULL,NULL,NULL,NULL,NULL,NULL,NULL,NULL,NULL,NULL,NULL,NULL,NULL,NULL
A2-A3,S,Under40,1.0,Race,NULL,NULL,NULL,NULL,NULL,NULL,NULL,NULL,NULL,NULL,NULL,NULL,NULL,NULL,NULL,NULL,NULL,NULL,NULL,NULL,NULL,NULL,NULL,NULL,NULL,NULL,NULL,NULL,NULL,NULL,NULL,NULL,NULL,NULL,NULL,NULL,NULL,NULL,NULL,NULL,NULL,NULL,NULL,NULL,NULL,NULL,NULL
A2-A3,W,Over40,10.0,Base 3 -week 2,Base 3 -week 4,Base 3 -week 1,Base 3 -week 2,Base 3 -week 4,Build 1 -week 1,Build 1 -week 2,Build 1 -week 4,Peak -week 1,Race,NULL,NULL,NULL,NULL,NULL,NULL,NULL,NULL,NULL,NULL,NULL,NULL,NULL,NULL,NULL,NULL,NULL,NULL,NULL,NULL,NULL,NULL,NULL,NULL,NULL,NULL,NULL,NULL,NULL,NULL,NULL,NULL,NULL,NULL,NULL,NULL,NULL,NULL
A2-A3,W,Over40,11.0,Base 3 -week 1,Base 3 -week 2,Base 3 -week 4,Base 3 -week 1,Base 3 -week 2,Base 3 -week 4,Build 1 -week 1,Build 1 -week 2,Build 1 -week 4,Peak -week 1,Race,NULL,NULL,NULL,NULL,NULL,NULL,NULL,NULL,NULL,NULL,NULL,NULL,NULL,NULL,NULL,NULL,NULL,NULL,NULL,NULL,NULL,NULL,NULL,NULL,NULL,NULL,NULL,NULL,NULL,NULL,NULL,NULL,NULL,NULL,NULL,NULL,NULL
A2-A3,S,Under40,5.0,Build 1 -week 1,Build 1 -week 2,Build 1 -week 3,Peak -week 1,Race,NULL,NULL,NULL,NULL,NULL,NULL,NULL,NULL,NULL,NULL,NULL,NULL,NULL,NULL,NULL,NULL,NULL,NULL,NULL,NULL,NULL,NULL,NULL,NULL,NULL,NULL,NULL,NULL,NULL,NULL,NULL,NULL,NULL,NULL,NULL,NULL,NULL,NULL,NULL,NULL,NULL,NULL,NULL
B-A,W,Under40,28.0,Base 1 -week 4,Base 2 -week 1,Base 2 -week 2,Base 2 -week 3,Base 2 -week 4,Base 2 -week 1,Base 2 -week 2,Base 2 -week 3,Base 2 -week 4,Base 3 -week 1,Base 3 -week 2,Base 3 -week 3,Base 3 -week 4,Base 3 -week 1,Base 3 -week 2,Base 3 -week 3,Base 3 -week 4,Build 1 -week 1,Build 1 -week 2,Build 1 -week 3,Build 1 -week 4,Build 2 -week 1,Build 2 -week 2,Build 2 -week 3,Build 2 -week 4,Peak -week 1,Peak -week 2,Race,NULL,NULL,NULL,NULL,NULL,NULL,NULL,NULL,NULL,NULL,NULL,NULL,NULL,NULL,NULL,NULL,NULL,NULL,NULL,NULL
B-A,W,Under40,29.0,Base 1 -week 2,Base 1 -week 4,Base 2 -week 1,Base 2 -week 2,Base 2 -week 3,Base 2 -week 4,Base 2 -week 1,Base 2 -week 2,Base 2 -week 3,Base 2 -week 4,Base 3 -week 1,Base 3 -week 2,Base 3 -week 3,Base 3 -week 4,Base 3 -week 1,Base 3 -week 2,Base 3 -week 3,Base 3 -week 4,Build 1 -week 1,Build 1 -week 2,Build 1 -week 3,Build 1 -week 4,Build 2 -week 1,Build 2 -week 2,Build 2 -week 3,Build 2 -week 4,Peak -week 1,Peak -week 2,Race,NULL,NULL,NULL,NULL,NULL,NULL,NULL,NULL,NULL,NULL,NULL,NULL,NULL,NULL,NULL,NULL,NULL,NULL,NULL
B-A,W,Under40,30.0,Base 1 -week 1,Base 1 -week 2,Base 1 -week 4,Base 2 -week 1,Base 2 -week 2,Base 2 -week 3,Base 2 -week 4,Base 2 -week 1,Base 2 -week 2,Base 2 -week 3,Base 2 -week 4,Base 3 -week 1,Base 3 -week 2,Base 3 -week 3,Base 3 -week 4,Base 3 -week 1,Base 3 -week 2,Base 3 -week 3,Base 3 -week 4,Build 1 -week 1,Build 1 -week 2,Build 1 -week 3,Build 1 -week 4,Build 2 -week 1,Build 2 -week 2,Build 2 -week 3,Build 2 -week 4,Peak -week 1,Peak -week 2,Race,NULL,NULL,NULL,NULL,NULL,NULL,NULL,NULL,NULL,NULL,NULL,NULL,NULL,NULL,NULL,NULL,NULL,NULL
B-A,W,Under40,31.0,Base 1 -week 4,Base 1 -week 1,Base 1 -week 2,Base 1 -week 4,Base 2 -week 1,Base 2 -week 2,Base 2 -week 3,Base 2 -week 4,Base 2 -week 1,Base 2 -week 2,Base 2 -week 3,Base 2 -week 4,Base 3 -week 1,Base 3 -week 2,Base 3 -week 3,Base 3 -week 4,Base 3 -week 1,Base 3 -week 2,Base 3 -week 3,Base 3 -week 4,Build 1 -week 1,Build 1 -week 2,Build 1 -week 3,Build 1 -week 4,Build 2 -week 1,Build 2 -week 2,Build 2 -week 3,Build 2 -week 4,Peak -week 1,Peak -week 2,Race,NULL,NULL,NULL,NULL,NULL,NULL,NULL,NULL,NULL,NULL,NULL,NULL,NULL,NULL,NULL,NULL,NULL
B-A,W,Under40,32.0,Base 1 -week 2,Base 1 -week 4,Base 1 -week 1,Base 1 -week 2,Base 1 -week 4,Base 2 -week 1,Base 2 -week 2,Base 2 -week 3,Base 2 -week 4,Base 2 -week 1,Base 2 -week 2,Base 2 -week 3,Base 2 -week 4,Base 3 -week 1,Base 3 -week 2,Base 3 -week 3,Base 3 -week 4,Base 3 -week 1,Base 3 -week 2,Base 3 -week 3,Base 3 -week 4,Build 1 -week 1,Build 1 -week 2,Build 1 -week 3,Build 1 -week 4,Build 2 -week 1,Build 2 -week 2,Build 2 -week 3,Build 2 -week 4,Peak -week 1,Peak -week 2,Race,NULL,NULL,NULL,NULL,NULL,NULL,NULL,NULL,NULL,NULL,NULL,NULL,NULL,NULL,NULL,NULL
A2-A3,S,Over40,12.0,Base 3 -week 4,Build 1 -week 1,Build 1 -week 2,Build 1 -week 4,Build 2 -week 1,Build 2 -week 2,Build 2 -week 4,Build 2 -week 1,Build 2 -week 2,Build 2 -week 4,Peak -week 1,Race,NULL,NULL,NULL,NULL,NULL,NULL,NULL,NULL,NULL,NULL,NULL,NULL,NULL,NULL,NULL,NULL,NULL,NULL,NULL,NULL,NULL,NULL,NULL,NULL,NULL,NULL,NULL,NULL,NULL,NULL,NULL,NULL,NULL,NULL,NULL,NULL
A2-A3,S,Over40,13.0,Base 3 -week 4,Build 1 -week 1,Build 1 -week 2,Build 1 -week 4,Build 2 -week 1,Build 2 -week 2,Build 2 -week 4,Build 2 -week 1,Build 2 -week 2,Build 2 -week 4,Peak -week 1,Peak -week 2,Race,NULL,NULL,NULL,NULL,NULL,NULL,NULL,NULL,NULL,NULL,NULL,NULL,NULL,NULL,NULL,NULL,NULL,NULL,NULL,NULL,NULL,NULL,NULL,NULL,NULL,NULL,NULL,NULL,NULL,NULL,NULL,NULL,NULL,NULL,NULL
A2-A3,S,Over40,14.0,Base 3 -week 1,Base 3 -week 4,Build 1 -week 1,Build 1 -week 2,Build 1 -week 4,Build 2 -week 1,Build 2 -week 2,Build 2 -week 4,Build 2 -week 1,Build 2 -week 2,Build 2 -week 4,Peak -week 1,Peak -week 2,Race,NULL,NULL,NULL,NULL,NULL,NULL,NULL,NULL,NULL,NULL,NULL,NULL,NULL,NULL,NULL,NULL,NULL,NULL,NULL,NULL,NULL,NULL,NULL,NULL,NULL,NULL,NULL,NULL,NULL,NULL,NULL,NULL,NULL,NULL
A2-A3,S,Over40,15.0,Base 3 -week 4,Base 3 -week 2,Base 3 -week 4,Build 1 -week 1,Build 1 -week 2,Build 1 -week 4,Build 2 -week 1,Build 2 -week 2,Build 2 -week 4,Build 2 -week 1,Build 2 -week 2,Build 2 -week 4,Peak -week 1,Peak -week 2,Race,NULL,NULL,NULL,NULL,NULL,NULL,NULL,NULL,NULL,NULL,NULL,NULL,NULL,NULL,NULL,NULL,NULL,NULL,NULL,NULL,NULL,NULL,NULL,NULL,NULL,NULL,NULL,NULL,NULL,NULL,NULL,NULL,NULL
A2-A3,W,Over40,8.0,Base 3 -week 1,Base 3 -week 2,Base 3 -week 4,Build 1 -week 1,Build 1 -week 2,Build 1 -week 4,Peak -week 1,Race,NULL,NULL,NULL,NULL,NULL,NULL,NULL,NULL,NULL,NULL,NULL,NULL,NULL,NULL,NULL,NULL,NULL,NULL,NULL,NULL,NULL,NULL,NULL,NULL,NULL,NULL,NULL,NULL,NULL,NULL,NULL,NULL,NULL,NULL,NULL,NULL,NULL,NULL,NULL,NULL
A2-A3,W,Over40,9.0,Base 3 -week 4,Base 3 -week 1,Base 3 -week 2,Base 3 -week 4,Build 1 -week 1,Build 1 -week 2,Build 1 -week 4,Peak -week 1,Race,NULL,NULL,NULL,NULL,NULL,NULL,NULL,NULL,NULL,NULL,NULL,NULL,NULL,NULL,NULL,NULL,NULL,NULL,NULL,NULL,NULL,NULL,NULL,NULL,NULL,NULL,NULL,NULL,NULL,NULL,NULL,NULL,NULL,NULL,NULL,NULL,NULL,NULL,NULL
A2-A3,S,Under40,7.0,Build 1 -week 1,Build 1 -week 2,Build 1 -week 3,Build 1 -week 4,Build 2 -week 1,Peak -week 1,Race,NULL,NULL,NULL,NULL,NULL,NULL,NULL,NULL,NULL,NULL,NULL,NULL,NULL,NULL,NULL,NULL,NULL,NULL,NULL,NULL,NULL,NULL,NULL,NULL,NULL,NULL,NULL,NULL,NULL,NULL,NULL,NULL,NULL,NULL,NULL,NULL,NULL,NULL,NULL,NULL,NULL
A2-A3,W,Under40,9.0,Base 3 -week 1,Base 3 -week 2,Base 3 -week 3,Base 3 -week 4,Build 1 -week 1,Build 1 -week 2,Build 1 -week 3,Build 1 -week 4,Race,NULL,NULL,NULL,NULL,NULL,NULL,NULL,NULL,NULL,NULL,NULL,NULL,NULL,NULL,NULL,NULL,NULL,NULL,NULL,NULL,NULL,NULL,NULL,NULL,NULL,NULL,NULL,NULL,NULL,NULL,NULL,NULL,NULL,NULL,NULL,NULL,NULL,NULL,NULL
A2-A3,W,Under40,3.0,Base 3 -week 2,Base 3 -week 4,Race,NULL,NULL,NULL,NULL,NULL,NULL,NULL,NULL,NULL,NULL,NULL,NULL,NULL,NULL,NULL,NULL,NULL,NULL,NULL,NULL,NULL,NULL,NULL,NULL,NULL,NULL,NULL,NULL,NULL,NULL,NULL,NULL,NULL,NULL,NULL,NULL,NULL,NULL,NULL,NULL,NULL,NULL,NULL,NULL,NULL
A2-A3,S,Over40,16.0,Base 3 -week 4,Base 3 -week 1,Base 3 -week 2,Base 3 -week 4,Build 1 -week 1,Build 1 -week 2,Build 1 -week 4,Build 2 -week 1,Build 2 -week 2,Build 2 -week 4,Build 2 -week 1,Build 2 -week 2,Build 2 -week 4,Peak -week 1,Peak -week 2,Race,NULL,NULL,NULL,NULL,NULL,NULL,NULL,NULL,NULL,NULL,NULL,NULL,NULL,NULL,NULL,NULL,NULL,NULL,NULL,NULL,NULL,NULL,NULL,NULL,NULL,NULL,NULL,NULL,NULL,NULL,NULL,NULL
A2-A3,S,Over40,17.0,Base 3 -week 1,Base 3 -week 4,Base 3 -week 1,Base 3 -week 2,Base 3 -week 4,Build 1 -week 1,Build 1 -week 2,Build 1 -week 4,Build 2 -week 1,Build 2 -week 2,Build 2 -week 4,Build 2 -week 1,Build 2 -week 2,Build 2 -week 4,Peak -week 1,Peak -week 2,Race,NULL,NULL,NULL,NULL,NULL,NULL,NULL,NULL,NULL,NULL,NULL,NULL,NULL,NULL,NULL,NULL,NULL,NULL,NULL,NULL,NULL,NULL,NULL,NULL,NULL,NULL,NULL,NULL,NULL,NULL,NULL
A2-A3,S,Over40,18.0,Build 1 -week 4,Base 3 -week 1,Base 3 -week 4,Base 3 -week 1,Base 3 -week 2,Base 3 -week 4,Build 1 -week 1,Build 1 -week 2,Build 1 -week 4,Build 2 -week 1,Build 2 -week 2,Build 2 -week 4,Build 2 -week 1,Build 2 -week 2,Build 2 -week 4,Peak -week 1,Peak -week 2,Race,NULL,NULL,NULL,NULL,NULL,NULL,NULL,NULL,NULL,NULL,NULL,NULL,NULL,NULL,NULL,NULL,NULL,NULL,NULL,NULL,NULL,NULL,NULL,NULL,NULL,NULL,NULL,NULL,NULL,NULL
A2-A3,S,Over40,19.0,Build 1 -week 4,Base 3 -week 1,Base 3 -week 2,Base 3 -week 4,Base 3 -week 1,Base 3 -week 2,Base 3 -week 4,Build 1 -week 1,Build 1 -week 2,Build 1 -week 4,Build 2 -week 1,Build 2 -week 2,Build 2 -week 4,Build 2 -week 1,Build 2 -week 2,Build 2 -week 4,Peak -week 1,Peak -week 2,Race,NULL,NULL,NULL,NULL,NULL,NULL,NULL,NULL,NULL,NULL,NULL,NULL,NULL,NULL,NULL,NULL,NULL,NULL,NULL,NULL,NULL,NULL,NULL,NULL,NULL,NULL,NULL,NULL,NULL
A2-A3,S,Over40,20.0,Base 3 -week 1,Base 3 -week 4,Base 3 -week 1,Base 3 -week 2,Base 3 -week 4,Base 3 -week 1,Base 3 -week 2,Base 3 -week 4,Build 1 -week 1,Build 1 -week 2,Build 1 -week 4,Build 2 -week 1,Build 2 -week 2,Build 2 -week 4,Build 2 -week 1,Build 2 -week 2,Build 2 -week 4,Peak -week 1,Peak -week 2,Race,NULL,NULL,NULL,NULL,NULL,NULL,NULL,NULL,NULL,NULL,NULL,NULL,NULL,NULL,NULL,NULL,NULL,NULL,NULL,NULL,NULL,NULL,NULL,NULL,NULL,NULL,NULL,NULL
A2-A3,S,Over40,21.0,Build 1 -week 4,Base 3 -week 1,Base 3 -week 2,Base 3 -week 4,Build 1 -week 1,Build 1 -week 4,Base 3 -week 1,Base 3 -week 2,Base 3 -week 4,Build 1 -week 1,Build 1 -week 2,Build 1 -week 4,Build 2 -week 1,Build 2 -week 2,Build 2 -week 4,Build 2 -week 1,Build 2 -week 2,Build 2 -week 4,Peak -week 1,Peak -week 2,Race,NULL,NULL,NULL,NULL,NULL,NULL,NULL,NULL,NULL,NULL,NULL,NULL,NULL,NULL,NULL,NULL,NULL,NULL,NULL,NULL,NULL,NULL,NULL,NULL,NULL,NULL,NULL
A2-A3,S,Over40,22.0,Build 1 -week 4,Base 3 -week 1,Base 3 -week 2,Base 3 -week 4,Build 1 -week 1,Build 1 -week 2,Build 1 -week 4,Base 3 -week 1,Base 3 -week 2,Base 3 -week 4,Build 1 -week 1,Build 1 -week 2,Build 1 -week 4,Build 2 -week 1,Build 2 -week 2,Build 2 -week 4,Build 2 -week 1,Build 2 -week 2,Build 2 -week 4,Peak -week 1,Peak -week 2,Race,NULL,NULL,NULL,NULL,NULL,NULL,NULL,NULL,NULL,NULL,NULL,NULL,NULL,NULL,NULL,NULL,NULL,NULL,NULL,NULL,NULL,NULL,NULL,NULL,NULL,NULL
A2-A3,S,Over40,23.0,Base 3 -week 1,Base 3 -week 2,Base 3 -week 4,Base 3 -week 1,Base 3 -week 2,Base 3 -week 4,Build 1 -week 1,Build 1 -week 4,Base 3 -week 1,Base 3 -week 2,Base 3 -week 4,Build 1 -week 1,Build 1 -week 2,Build 1 -week 4,Build 2 -week 1,Build 2 -week 2,Build 2 -week 4,Build 2 -week 1,Build 2 -week 2,Build 2 -week 4,Peak -week 1,Peak -week 2,Race,NULL,NULL,NULL,NULL,NULL,NULL,NULL,NULL,NULL,NULL,NULL,NULL,NULL,NULL,NULL,NULL,NULL,NULL,NULL,NULL,NULL,NULL,NULL,NULL,NULL
A2-A3,S,Over40,24.0,Build 1 -week 4,Base 3 -week 1,Base 3 -week 2,Base 3 -week 4,Base 3 -week 1,Base 3 -week 2,Base 3 -week 4,Build 1 -week 1,Build 1 -week 4,Base 3 -week 1,Base 3 -week 2,Base 3 -week 4,Build 1 -week 1,Build 1 -week 2,Build 1 -week 4,Build 2 -week 1,Build 2 -week 2,Build 2 -week 4,Build 2 -week 1,Build 2 -week 2,Build 2 -week 4,Peak -week 1,Peak -week 2,Race,NULL,NULL,NULL,NULL,NULL,NULL,NULL,NULL,NULL,NULL,NULL,NULL,NULL,NULL,NULL,NULL,NULL,NULL,NULL,NULL,NULL,NULL,NULL,NULL
A2-A3,S,Over40,25.0,Build 1 -week 4,Base 3 -week 1,Base 3 -week 2,Base 3 -week 4,Base 3 -week 1,Base 3 -week 2,Base 3 -week 4,Build 1 -week 1,Build 1 -week 2,Build 1 -week 4,Base 3 -week 1,Base 3 -week 2,Base 3 -week 4,Build 1 -week 1,Build 1 -week 2,Build 1 -week 4,Build 2 -week 1,Build 2 -week 2,Build 2 -week 4,Build 2 -week 1,Build 2 -week 2,Build 2 -week 4,Peak -week 1,Peak -week 2,Race,NULL,NULL,NULL,NULL,NULL,NULL,NULL,NULL,NULL,NULL,NULL,NULL,NULL,NULL,NULL,NULL,NULL,NULL,NULL,NULL,NULL,NULL,NULL
A2-A3,S,Under40,6.0,Build 1 -week 1,Build 1 -week 2,Build 1 -week 4,Build 2 -week 1,Peak -week 1,Race,NULL,NULL,NULL,NULL,NULL,NULL,NULL,NULL,NULL,NULL,NULL,NULL,NULL,NULL,NULL,NULL,NULL,NULL,NULL,NULL,NULL,NULL,NULL,NULL,NULL,NULL,NULL,NULL,NULL,NULL,NULL,NULL,NULL,NULL,NULL,NULL,NULL,NULL,NULL,NULL,NULL,NULL
A2-A3,W,Under40,4.0,Base 3 -week 2,Base 3 -week 3,Base 3 -week 4,Race,NULL,NULL,NULL,NULL,NULL,NULL,NULL,NULL,NULL,NULL,NULL,NULL,NULL,NULL,NULL,NULL,NULL,NULL,NULL,NULL,NULL,NULL,NULL,NULL,NULL,NULL,NULL,NULL,NULL,NULL,NULL,NULL,NULL,NULL,NULL,NULL,NULL,NULL,NULL,NULL,NULL,NULL,NULL,NULL
A2-A3,W,Under40,5.0,Base 3 -week 1,Base 3 -week 2,Base 3 -week 3,Base 3 -week 4,Race,NULL,NULL,NULL,NULL,NULL,NULL,NULL,NULL,NULL,NULL,NULL,NULL,NULL,NULL,NULL,NULL,NULL,NULL,NULL,NULL,NULL,NULL,NULL,NULL,NULL,NULL,NULL,NULL,NULL,NULL,NULL,NULL,NULL,NULL,NULL,NULL,NULL,NULL,NULL,NULL,NULL,NULL,NULL
A2-A3,W,Under40,10.0,Base 3 -week 1,Base 3 -week 2,Base 3 -week 3,Base 3 -week 4,Build 1 -week 1,Build 1 -week 2,Build 1 -week 3,Build 1 -week 4,Peak -week 1,Race,NULL,NULL,NULL,NULL,NULL,NULL,NULL,NULL,NULL,NULL,NULL,NULL,NULL,NULL,NULL,NULL,NULL,NULL,NULL,NULL,NULL,NULL,NULL,NULL,NULL,NULL,NULL,NULL,NULL,NULL,NULL,NULL,NULL,NULL,NULL,NULL,NULL,NULL
A2-A3,S,Under40,11.0,Base 3 -week 4,Build 1 -week 2,Build 1 -week 3,Build 1 -week 4,Build 2 -week 1,Build 2 -week 2,Build 2 -week 3,Build 2 -week 4,Peak -week 1,Peak -week 1,Race,NULL,NULL,NULL,NULL,NULL,NULL,NULL,NULL,NULL,NULL,NULL,NULL,NULL,NULL,NULL,NULL,NULL,NULL,NULL,NULL,NULL,NULL,NULL,NULL,NULL,NULL,NULL,NULL,NULL,NULL,NULL,NULL,NULL,NULL,NULL,NULL,NULL
A2-A3,S,Over40,26.0,Build 1 -week 4,Base 3 -week 4,Base 3 -week 1,Base 3 -week 2,Base 3 -week 4,Base 3 -week 1,Base 3 -week 2,Base 3 -week 4,Build 1 -week 1,Build 1 -week 2,Build 1 -week 4,Base 3 -week 1,Base 3 -week 2,Base 3 -week 4,Build 1 -week 1,Build 1 -week 2,Build 1 -week 4,Build 2 -week 1,Build 2 -week 2,Build 2 -week 4,Build 2 -week 1,Build 2 -week 2,Build 2 -week 4,Peak -week 1,Peak -week 2,Race,NULL,NULL,NULL,NULL,NULL,NULL,NULL,NULL,NULL,NULL,NULL,NULL,NULL,NULL,NULL,NULL,NULL,NULL,NULL,NULL,NULL,NULL
A2-A3,S,Over40,27.0,Build 1 -week 4,Base 3 -week 1,Base 3 -week 2,Base 3 -week 4,Build 1 -week 1,Build 1 -week 4,Base 3 -week 1,Base 3 -week 2,Base 3 -week 4,Build 1 -week 1,Build 1 -week 2,Build 1 -week 4,Base 3 -week 1,Base 3 -week 2,Base 3 -week 4,Build 1 -week 1,Build 1 -week 2,Build 1 -week 4,Build 2 -week 1,Build 2 -week 2,Build 2 -week 4,Build 2 -week 1,Build 2 -week 2,Build 2 -week 4,Peak -week 1,Peak -week 2,Race,NULL,NULL,NULL,NULL,NULL,NULL,NULL,NULL,NULL,NULL,NULL,NULL,NULL,NULL,NULL,NULL,NULL,NULL,NULL,NULL,NULL
A2-A3,S,Over40,28.0,Build 1 -week 4,Base 3 -week 1,Base 3 -week 2,Base 3 -week 4,Build 1 -week 1,Build 1 -week 2,Build 1 -week 4,Base 3 -week 1,Base 3 -week 2,Base 3 -week 4,Build 1 -week 1,Build 1 -week 2,Build 1 -week 4,Base 3 -week 1,Base 3 -week 2,Base 3 -week 4,Build 1 -week 1,Build 1 -week 2,Build 1 -week 4,Build 2 -week 1,Build 2 -week 2,Build 2 -week 4,Build 2 -week 1,Build 2 -week 2,Build 2 -week 4,Peak -week 1,Peak -week 2,Race,NULL,NULL,NULL,NULL,NULL,NULL,NULL,NULL,NULL,NULL,NULL,NULL,NULL,NULL,NULL,NULL,NULL,NULL,NULL,NULL
A2-A3,S,Over40,29.0,Base 3 -week 1,Base 3 -week 2,Base 3 -week 4,Base 3 -week 1,Base 3 -week 2,Base 3 -week 4,Build 1 -week 1,Build 1 -week 4,Base 3 -week 1,Base 3 -week 2,Base 3 -week 4,Build 1 -week 1,Build 1 -week 2,Build 1 -week 4,Base 3 -week 1,Base 3 -week 2,Base 3 -week 4,Build 1 -week 1,Build 1 -week 2,Build 1 -week 4,Build 2 -week 1,Build 2 -week 2,Build 2 -week 4,Build 2 -week 1,Build 2 -week 2,Build 2 -week 4,Peak -week 1,Peak -week 2,Race,NULL,NULL,NULL,NULL,NULL,NULL,NULL,NULL,NULL,NULL,NULL,NULL,NULL,NULL,NULL,NULL,NULL,NULL,NULL
A2-A3,S,Over40,30.0,Build 1 -week 4,Base 3 -week 1,Base 3 -week 2,Base 3 -week 4,Base 3 -week 1,Base 3 -week 2,Base 3 -week 4,Build 1 -week 1,Build 1 -week 4,Base 3 -week 1,Base 3 -week 2,Base 3 -week 4,Build 1 -week 1,Build 1 -week 2,Build 1 -week 4,Base 3 -week 1,Base 3 -week 2,Base 3 -week 4,Build 1 -week 1,Build 1 -week 2,Build 1 -week 4,Build 2 -week 1,Build 2 -week 2,Build 2 -week 4,Build 2 -week 1,Build 2 -week 2,Build 2 -week 4,Peak -week 1,Peak -week 2,Race,NULL,NULL,NULL,NULL,NULL,NULL,NULL,NULL,NULL,NULL,NULL,NULL,NULL,NULL,NULL,NULL,NULL,NULL
A2-A3,S,Over40,31.0,Build 1 -week 4,Base 3 -week 1,Base 3 -week 2,Base 3 -week 4,Base 3 -week 1,Base 3 -week 2,Base 3 -week 4,Build 1 -week 1,Build 1 -week 2,Build 1 -week 4,Base 3 -week 1,Base 3 -week 2,Base 3 -week 4,Build 1 -week 1,Build 1 -week 2,Build 1 -week 4,Base 3 -week 1,Base 3 -week 2,Base 3 -week 4,Build 1 -week 1,Build 1 -week 2,Build 1 -week 4,Build 2 -week 1,Build 2 -week 2,Build 2 -week 4,Build 2 -week 1,Build 2 -week 2,Build 2 -week 4,Peak -week 1,Peak -week 2,Race,NULL,NULL,NULL,NULL,NULL,NULL,NULL,NULL,NULL,NULL,NULL,NULL,NULL,NULL,NULL,NULL,NULL
A2-A3,S,Over40,32.0,Build 1 -week 2,Build 1 -week 4,Base 3 -week 1,Base 3 -week 2,Base 3 -week 4,Base 3 -week 1,Base 3 -week 2,Base 3 -week 4,Build 1 -week 1,Build 1 -week 2,Build 1 -week 4,Base 3 -week 1,Base 3 -week 2,Base 3 -week 4,Build 1 -week 1,Build 1 -week 2,Build 1 -week 4,Base 3 -week 1,Base 3 -week 2,Base 3 -week 4,Build 1 -week 1,Build 1 -week 2,Build 1 -week 4,Build 2 -week 1,Build 2 -week 2,Build 2 -week 4,Build 2 -week 1,Build 2 -week 2,Build 2 -week 4,Peak -week 1,Peak -week 2,Race,NULL,NULL,NULL,NULL,NULL,NULL,NULL,NULL,NULL,NULL,NULL,NULL,NULL,NULL,NULL,NULL
A2-A3,W,Under40,1.0,Race,NULL,NULL,NULL,NULL,NULL,NULL,NULL,NULL,NULL,NULL,NULL,NULL,NULL,NULL,NULL,NULL,NULL,NULL,NULL,NULL,NULL,NULL,NULL,NULL,NULL,NULL,NULL,NULL,NULL,NULL,NULL,NULL,NULL,NULL,NULL,NULL,NULL,NULL,NULL,NULL,NULL,NULL,NULL,NULL,NULL,NULL,NULL
A2-A3,W,Under40,7.0,Base 3 -week 1,Base 3 -week 2,Base 3 -week 3,Base 3 -week 4,Build 1 -week 1,Build 1 -week 4,Race,NULL,NULL,NULL,NULL,NULL,NULL,NULL,NULL,NULL,NULL,NULL,NULL,NULL,NULL,NULL,NULL,NULL,NULL,NULL,NULL,NULL,NULL,NULL,NULL,NULL,NULL,NULL,NULL,NULL,NULL,NULL,NULL,NULL,NULL,NULL,NULL,NULL,NULL,NULL,NULL,NULL
A2-B,W,Over40,7.0,Base 2 -week 4,Base 3 -week 1,Base 3 -week 2,Base 3 -week 4,Build 1 -week 1,Build 1 -week 2,Build 1 -week 4,NULL,NULL,NULL,NULL,NULL,NULL,NULL,NULL,NULL,NULL,NULL,NULL,NULL,NULL,NULL,NULL,NULL,NULL,NULL,NULL,NULL,NULL,NULL,NULL,NULL,NULL,NULL,NULL,NULL,NULL,NULL,NULL,NULL,NULL,NULL,NULL,NULL,NULL,NULL,NULL,NULL
A2-B,S,Over40,4.0,Build 2 -week 4,Build 2 -week 1,Build 2 -week 2,Build 2 -week 4,NULL,NULL,NULL,NULL,NULL,NULL,NULL,NULL,NULL,NULL,NULL,NULL,NULL,NULL,NULL,NULL,NULL,NULL,NULL,NULL,NULL,NULL,NULL,NULL,NULL,NULL,NULL,NULL,NULL,NULL,NULL,NULL,NULL,NULL,NULL,NULL,NULL,NULL,NULL,NULL,NULL,NULL,NULL,NULL
A2-B,W,Over40,9.0,Base 2 -week 1,Base 2 -week 2,Base 2 -week 4,Base 3 -week 1,Base 3 -week 2,Base 3 -week 4,Build 1 -week 1,Build 1 -week 2,Build 1 -week 4,NULL,NULL,NULL,NULL,NULL,NULL,NULL,NULL,NULL,NULL,NULL,NULL,NULL,NULL,NULL,NULL,NULL,NULL,NULL,NULL,NULL,NULL,NULL,NULL,NULL,NULL,NULL,NULL,NULL,NULL,NULL,NULL,NULL,NULL,NULL,NULL,NULL,NULL,NULL
A2-B,S,Under40,10.0,Base 3 -week 1,Base 3 -week 4,Build 1 -week 1,Build 1 -week 2,Build 1 -week 3,Build 1 -week 4,Build 2 -week 1,Build 2 -week 2,Build 2 -week 3,Build 2 -week 4,NULL,NULL,NULL,NULL,NULL,NULL,NULL,NULL,NULL,NULL,NULL,NULL,NULL,NULL,NULL,NULL,NULL,NULL,NULL,NULL,NULL,NULL,NULL,NULL,NULL,NULL,NULL,NULL,NULL,NULL,NULL,NULL,NULL,NULL,NULL,NULL,NULL,NULL
A2-A3,W,Over40,13.0,Base 2 -week 4,Base 3 -week 1,Base 3 -week 2,Base 3 -week 4,Build 1 -week 1,Build 1 -week 2,Build 1 -week 4,Build 2 -week 1,Build 2 -week 2,Build 2 -week 4,Peak -week 1,Peak -week 2,Race,NULL,NULL,NULL,NULL,NULL,NULL,NULL,NULL,NULL,NULL,NULL,NULL,NULL,NULL,NULL,NULL,NULL,NULL,NULL,NULL,NULL,NULL,NULL,NULL,NULL,NULL,NULL,NULL,NULL,NULL,NULL,NULL,NULL,NULL,NULL
A2-A3,W,Over40,14.0,Base 2 -week 2,Base 2 -week 4,Base 3 -week 1,Base 3 -week 2,Base 3 -week 4,Build 1 -week 1,Build 1 -week 2,Build 1 -week 4,Build 2 -week 1,Build 2 -week 2,Build 2 -week 4,Peak -week 1,Peak -week 2,Race,NULL,NULL,NULL,NULL,NULL,NULL,NULL,NULL,NULL,NULL,NULL,NULL,NULL,NULL,NULL,NULL,NULL,NULL,NULL,NULL,NULL,NULL,NULL,NULL,NULL,NULL,NULL,NULL,NULL,NULL,NULL,NULL,NULL,NULL
A2-A3,W,Over40,15.0,Base 2 -week 1,Base 2 -week 2,Base 2 -week 4,Base 3 -week 1,Base 3 -week 2,Base 3 -week 4,Build 1 -week 1,Build 1 -week 2,Build 1 -week 4,Build 2 -week 1,Build 2 -week 2,Build 2 -week 4,Peak -week 1,Peak -week 2,Race,NULL,NULL,NULL,NULL,NULL,NULL,NULL,NULL,NULL,NULL,NULL,NULL,NULL,NULL,NULL,NULL,NULL,NULL,NULL,NULL,NULL,NULL,NULL,NULL,NULL,NULL,NULL,NULL,NULL,NULL,NULL,NULL,NULL
A2-A3,W,Over40,16.0,Base 1 -week 4,Base 2 -week 1,Base 2 -week 2,Base 2 -week 4,Base 3 -week 1,Base 3 -week 2,Base 3 -week 4,Build 1 -week 1,Build 1 -week 2,Build 1 -week 4,Build 2 -week 1,Build 2 -week 2,Build 2 -week 4,Peak -week 1,Peak -week 2,Race,NULL,NULL,NULL,NULL,NULL,NULL,NULL,NULL,NULL,NULL,NULL,NULL,NULL,NULL,NULL,NULL,NULL,NULL,NULL,NULL,NULL,NULL,NULL,NULL,NULL,NULL,NULL,NULL,NULL,NULL,NULL,NULL
A2-A3,W,Over40,17.0,Base 1 -week 2,Base 1 -week 4,Base 2 -week 1,Base 2 -week 2,Base 2 -week 4,Base 3 -week 1,Base 3 -week 2,Base 3 -week 4,Build 1 -week 1,Build 1 -week 2,Build 1 -week 4,Build 2 -week 1,Build 2 -week 2,Build 2 -week 4,Peak -week 1,Peak -week 2,Race,NULL,NULL,NULL,NULL,NULL,NULL,NULL,NULL,NULL,NULL,NULL,NULL,NULL,NULL,NULL,NULL,NULL,NULL,NULL,NULL,NULL,NULL,NULL,NULL,NULL,NULL,NULL,NULL,NULL,NULL,NULL
A2-A3,W,Over40,18.0,Base 1 -week 1,Base 1 -week 2,Base 1 -week 4,Base 2 -week 1,Base 2 -week 2,Base 2 -week 4,Base 3 -week 1,Base 3 -week 2,Base 3 -week 4,Build 1 -week 1,Build 1 -week 2,Build 1 -week 4,Build 2 -week 1,Build 2 -week 2,Build 2 -week 4,Peak -week 1,Peak -week 2,Race,NULL,NULL,NULL,NULL,NULL,NULL,NULL,NULL,NULL,NULL,NULL,NULL,NULL,NULL,NULL,NULL,NULL,NULL,NULL,NULL,NULL,NULL,NULL,NULL,NULL,NULL,NULL,NULL,NULL,NULL
A2-A3,W,Over40,19.0,Transition,Base 1 -week 1,Base 1 -week 2,Base 1 -week 4,Base 2 -week 1,Base 2 -week 2,Base 2 -week 4,Base 3 -week 1,Base 3 -week 2,Base 3 -week 4,Build 1 -week 1,Build 1 -week 2,Build 1 -week 4,Build 2 -week 1,Build 2 -week 2,Build 2 -week 4,Peak -week 1,Peak -week 2,Race,NULL,NULL,NULL,NULL,NULL,NULL,NULL,NULL,NULL,NULL,NULL,NULL,NULL,NULL,NULL,NULL,NULL,NULL,NULL,NULL,NULL,NULL,NULL,NULL,NULL,NULL,NULL,NULL,NULL
A2-A3,W,Over40,20.0,Base 1 -week 2,Base 1 -week 4,Base 2 -week 1,Base 2 -week 2,Base 2 -week 4,Base 3 -week 1,Base 3 -week 2,Base 3 -week 4,Build 1 -week 1,Build 1 -week 2,Build 1 -week 4,Build 2 -week 1,Build 2 -week 2,Build 2 -week 4,Build 2 -week 1,Build 2 -week 2,Build 2 -week 4,Peak -week 1,Peak -week 2,Race,NULL,NULL,NULL,NULL,NULL,NULL,NULL,NULL,NULL,NULL,NULL,NULL,NULL,NULL,NULL,NULL,NULL,NULL,NULL,NULL,NULL,NULL,NULL,NULL,NULL,NULL,NULL,NULL
A2-A3,W,Over40,21.0,Base 1 -week 1,Base 1 -week 2,Base 1 -week 4,Base 2 -week 1,Base 2 -week 2,Base 2 -week 4,Base 3 -week 1,Base 3 -week 2,Base 3 -week 4,Build 1 -week 1,Build 1 -week 2,Build 1 -week 4,Build 2 -week 1,Build 2 -week 2,Build 2 -week 4,Build 2 -week 1,Build 2 -week 2,Build 2 -week 4,Peak -week 1,Peak -week 2,Race,NULL,NULL,NULL,NULL,NULL,NULL,NULL,NULL,NULL,NULL,NULL,NULL,NULL,NULL,NULL,NULL,NULL,NULL,NULL,NULL,NULL,NULL,NULL,NULL,NULL,NULL,NULL
A2-A3,W,Over40,22.0,Base 3 -week 4,Base 3 -week 1,Base 3 -week 2,Base 3 -week 4,Base 3 -week 1,Base 3 -week 2,Base 3 -week 4,Base 3 -week 1,Base 3 -week 2,Base 3 -week 4,Build 1 -week 1,Build 1 -week 2,Build 1 -week 4,Build 2 -week 1,Build 2 -week 2,Build 2 -week 4,Build 2 -week 1,Build 2 -week 2,Build 2 -week 4,Peak -week 1,Peak -week 2,Race,NULL,NULL,NULL,NULL,NULL,NULL,NULL,NULL,NULL,NULL,NULL,NULL,NULL,NULL,NULL,NULL,NULL,NULL,NULL,NULL,NULL,NULL,NULL,NULL,NULL,NULL
A2-A3,W,Over40,23.0,Base 3 -week 2,Base 3 -week 4,Base 3 -week 1,Base 3 -week 2,Base 3 -week 4,Base 3 -week 1,Base 3 -week 2,Base 3 -week 4,Base 3 -week 1,Base 3 -week 2,Base 3 -week 4,Build 1 -week 1,Build 1 -week 2,Build 1 -week 4,Build 2 -week 1,Build 2 -week 2,Build 2 -week 4,Build 2 -week 1,Build 2 -week 2,Build 2 -week 4,Peak -week 1,Peak -week 2,Race,NULL,NULL,NULL,NULL,NULL,NULL,NULL,NULL,NULL,NULL,NULL,NULL,NULL,NULL,NULL,NULL,NULL,NULL,NULL,NULL,NULL,NULL,NULL,NULL,NULL
A2-A3,W,Over40,24.0,Base 3 -week 1,Base 3 -week 2,Base 3 -week 4,Base 3 -week 1,Base 3 -week 2,Base 3 -week 4,Base 3 -week 1,Base 3 -week 2,Base 3 -week 4,Base 3 -week 1,Base 3 -week 2,Base 3 -week 4,Build 1 -week 1,Build 1 -week 2,Build 1 -week 4,Build 2 -week 1,Build 2 -week 2,Build 2 -week 4,Build 2 -week 1,Build 2 -week 2,Build 2 -week 4,Peak -week 1,Peak -week 2,Race,NULL,NULL,NULL,NULL,NULL,NULL,NULL,NULL,NULL,NULL,NULL,NULL,NULL,NULL,NULL,NULL,NULL,NULL,NULL,NULL,NULL,NULL,NULL,NULL
A2-A3,W,Under40,2.0,Base 3 -week 2,Race,NULL,NULL,NULL,NULL,NULL,NULL,NULL,NULL,NULL,NULL,NULL,NULL,NULL,NULL,NULL,NULL,NULL,NULL,NULL,NULL,NULL,NULL,NULL,NULL,NULL,NULL,NULL,NULL,NULL,NULL,NULL,NULL,NULL,NULL,NULL,NULL,NULL,NULL,NULL,NULL,NULL,NULL,NULL,NULL,NULL,NULL
A2-A3,W,Under40,6.0,Base 2 -week 4,Base 3 -week 1,Base 3 -week 2,Base 3 -week 3,Base 3 -week 4,Race,NULL,NULL,NULL,NULL,NULL,NULL,NULL,NULL,NULL,NULL,NULL,NULL,NULL,NULL,NULL,NULL,NULL,NULL,NULL,NULL,NULL,NULL,NULL,NULL,NULL,NULL,NULL,NULL,NULL,NULL,NULL,NULL,NULL,NULL,NULL,NULL,NULL,NULL,NULL,NULL,NULL,NULL
A2-B,W,Over40,8.0,Base 2 -week 2,Base 2 -week 4,Base 3 -week 1,Base 3 -week 2,Base 3 -week 4,Build 1 -week 1,Build 1 -week 2,Build 1 -week 4,NULL,NULL,NULL,NULL,NULL,NULL,NULL,NULL,NULL,NULL,NULL,NULL,NULL,NULL,NULL,NULL,NULL,NULL,NULL,NULL,NULL,NULL,NULL,NULL,NULL,NULL,NULL,NULL,NULL,NULL,NULL,NULL,NULL,NULL,NULL,NULL,NULL,NULL,NULL,NULL
A2-A3,W,Over40,25.0,Base 2 -week 4,Base 3 -week 1,Base 3 -week 2,Base 3 -week 4,Base 3 -week 1,Base 3 -week 2,Base 3 -week 4,Base 3 -week 1,Base 3 -week 2,Base 3 -week 4,Base 3 -week 1,Base 3 -week 2,Base 3 -week 4,Build 1 -week 1,Build 1 -week 2,Build 1 -week 4,Build 2 -week 1,Build 2 -week 2,Build 2 -week 4,Build 2 -week 1,Build 2 -week 2,Build 2 -week 4,Peak -week 1,Peak -week 2,Race,NULL,NULL,NULL,NULL,NULL,NULL,NULL,NULL,NULL,NULL,NULL,NULL,NULL,NULL,NULL,NULL,NULL,NULL,NULL,NULL,NULL,NULL,NULL
A2-A3,W,Over40,26.0,Base 2 -week 2,Base 2 -week 4,Base 3 -week 1,Base 3 -week 2,Base 3 -week 4,Base 3 -week 1,Base 3 -week 2,Base 3 -week 4,Base 3 -week 1,Base 3 -week 2,Base 3 -week 4,Base 3 -week 1,Base 3 -week 2,Base 3 -week 4,Build 1 -week 1,Build 1 -week 2,Build 1 -week 4,Build 2 -week 1,Build 2 -week 2,Build 2 -week 4,Build 2 -week 1,Build 2 -week 2,Build 2 -week 4,Peak -week 1,Peak -week 2,Race,NULL,NULL,NULL,NULL,NULL,NULL,NULL,NULL,NULL,NULL,NULL,NULL,NULL,NULL,NULL,NULL,NULL,NULL,NULL,NULL,NULL,NULL
A2-A3,W,Over40,27.0,Base 2 -week 1,Base 2 -week 2,Base 2 -week 4,Base 3 -week 1,Base 3 -week 2,Base 3 -week 4,Base 3 -week 1,Base 3 -week 2,Base 3 -week 4,Base 3 -week 1,Base 3 -week 2,Base 3 -week 4,Base 3 -week 1,Base 3 -week 2,Base 3 -week 4,Build 1 -week 1,Build 1 -week 2,Build 1 -week 4,Build 2 -week 1,Build 2 -week 2,Build 2 -week 4,Build 2 -week 1,Build 2 -week 2,Build 2 -week 4,Peak -week 1,Peak -week 2,Race,NULL,NULL,NULL,NULL,NULL,NULL,NULL,NULL,NULL,NULL,NULL,NULL,NULL,NULL,NULL,NULL,NULL,NULL,NULL,NULL,NULL
A2-A3,W,Over40,28.0,Base 2 -week 4,Base 2 -week 1,Base 2 -week 2,Base 2 -week 4,Base 3 -week 1,Base 3 -week 2,Base 3 -week 4,Base 3 -week 1,Base 3 -week 2,Base 3 -week 4,Base 3 -week 1,Base 3 -week 2,Base 3 -week 4,Base 3 -week 1,Base 3 -week 2,Base 3 -week 4,Build 1 -week 1,Build 1 -week 2,Build 1 -week 4,Build 2 -week 1,Build 2 -week 2,Build 2 -week 4,Build 2 -week 1,Build 2 -week 2,Build 2 -week 4,Peak -week 1,Peak -week 2,Race,NULL,NULL,NULL,NULL,NULL,NULL,NULL,NULL,NULL,NULL,NULL,NULL,NULL,NULL,NULL,NULL,NULL,NULL,NULL,NULL
A2-A3,W,Over40,29.0,Base 2 -week 2,Base 2 -week 4,Base 2 -week 1,Base 2 -week 2,Base 2 -week 4,Base 3 -week 1,Base 3 -week 2,Base 3 -week 4,Base 3 -week 1,Base 3 -week 2,Base 3 -week 4,Base 3 -week 1,Base 3 -week 2,Base 3 -week 4,Base 3 -week 1,Base 3 -week 2,Base 3 -week 4,Build 1 -week 1,Build 1 -week 2,Build 1 -week 4,Build 2 -week 1,Build 2 -week 2,Build 2 -week 4,Build 2 -week 1,Build 2 -week 2,Build 2 -week 4,Peak -week 1,Peak -week 2,Race,NULL,NULL,NULL,NULL,NULL,NULL,NULL,NULL,NULL,NULL,NULL,NULL,NULL,NULL,NULL,NULL,NULL,NULL,NULL
A2-A3,W,Over40,30.0,Base 2 -week 1,Base 2 -week 2,Base 2 -week 4,Base 2 -week 1,Base 2 -week 2,Base 2 -week 4,Base 3 -week 1,Base 3 -week 2,Base 3 -week 4,Base 3 -week 1,Base 3 -week 2,Base 3 -week 4,Base 3 -week 1,Base 3 -week 2,Base 3 -week 4,Base 3 -week 1,Base 3 -week 2,Base 3 -week 4,Build 1 -week 1,Build 1 -week 2,Build 1 -week 4,Build 2 -week 1,Build 2 -week 2,Build 2 -week 4,Build 2 -week 1,Build 2 -week 2,Build 2 -week 4,Peak -week 1,Peak -week 2,Race,NULL,NULL,NULL,NULL,NULL,NULL,NULL,NULL,NULL,NULL,NULL,NULL,NULL,NULL,NULL,NULL,NULL,NULL
A2-A3,W,Over40,31.0,Base 2 -week 4,Base 2 -week 1,Base 2 -week 2,Base 2 -week 4,Base 2 -week 1,Base 2 -week 2,Base 2 -week 4,Base 3 -week 1,Base 3 -week 2,Base 3 -week 4,Base 3 -week 1,Base 3 -week 2,Base 3 -week 4,Base 3 -week 1,Base 3 -week 2,Base 3 -week 4,Base 3 -week 1,Base 3 -week 2,Base 3 -week 4,Build 1 -week 1,Build 1 -week 2,Build 1 -week 4,Build 2 -week 1,Build 2 -week 2,Build 2 -week 4,Build 2 -week 1,Build 2 -week 2,Build 2 -week 4,Peak -week 1,Peak -week 2,Race,NULL,NULL,NULL,NULL,NULL,NULL,NULL,NULL,NULL,NULL,NULL,NULL,NULL,NULL,NULL,NULL,NULL
A2-A3,W,Over40,32.0,Base 2 -week 2,Base 2 -week 4,Base 2 -week 1,Base 2 -week 2,Base 2 -week 4,Base 2 -week 1,Base 2 -week 2,Base 2 -week 4,Base 3 -week 1,Base 3 -week 2,Base 3 -week 4,Base 3 -week 1,Base 3 -week 2,Base 3 -week 4,Base 3 -week 1,Base 3 -week 2,Base 3 -week 4,Base 3 -week 1,Base 3 -week 2,Base 3 -week 4,Build 1 -week 1,Build 1 -week 2,Build 1 -week 4,Build 2 -week 1,Build 2 -week 2,Build 2 -week 4,Build 2 -week 1,Build 2 -week 2,Build 2 -week 4,Peak -week 1,Peak -week 2,Race,NULL,NULL,NULL,NULL,NULL,NULL,NULL,NULL,NULL,NULL,NULL,NULL,NULL,NULL,NULL,NULL
A2-A3,W,Under40,8.0,Base 3 -week 1,Base 3 -week 2,Base 3 -week 3,Base 3 -week 4,Build 1 -week 1,Build 1 -week 2,Build 1 -week 4,Race,NULL,NULL,NULL,NULL,NULL,NULL,NULL,NULL,NULL,NULL,NULL,NULL,NULL,NULL,NULL,NULL,NULL,NULL,NULL,NULL,NULL,NULL,NULL,NULL,NULL,NULL,NULL,NULL,NULL,NULL,NULL,NULL,NULL,NULL,NULL,NULL,NULL,NULL,NULL,NULL
A2-B,S,Over40,1.0,Build 2 -week 4,NULL,NULL,NULL,NULL,NULL,NULL,NULL,NULL,NULL,NULL,NULL,NULL,NULL,NULL,NULL,NULL,NULL,NULL,NULL,NULL,NULL,NULL,NULL,NULL,NULL,NULL,NULL,NULL,NULL,NULL,NULL,NULL,NULL,NULL,NULL,NULL,NULL,NULL,NULL,NULL,NULL,NULL,NULL,NULL,NULL,NULL,NULL
A2-B,S,Over40,5.0,Build 2 -week 1,Build 2 -week 2,Build 2 -week 4,Build 2 -week 1,Build 2 -week 4,NULL,NULL,NULL,NULL,NULL,NULL,NULL,NULL,NULL,NULL,NULL,NULL,NULL,NULL,NULL,NULL,NULL,NULL,NULL,NULL,NULL,NULL,NULL,NULL,NULL,NULL,NULL,NULL,NULL,NULL,NULL,NULL,NULL,NULL,NULL,NULL,NULL,NULL,NULL,NULL,NULL,NULL,NULL
A2-A3,S,Under40,12.0,Base 3 -week 4,Build 1 -week 1,Build 1 -week 2,Build 1 -week 3,Build 1 -week 4,Build 2 -week 1,Build 2 -week 2,Build 2 -week 3,Build 2 -week 4,Peak -week 1,Peak -week 2,Race,NULL,NULL,NULL,NULL,NULL,NULL,NULL,NULL,NULL,NULL,NULL,NULL,NULL,NULL,NULL,NULL,NULL,NULL,NULL,NULL,NULL,NULL,NULL,NULL,NULL,NULL,NULL,NULL,NULL,NULL,NULL,NULL,NULL,NULL,NULL,NULL
A2-A3,S,Under40,13.0,Base 3 -week 1,Base 3 -week 4,Build 1 -week 1,Build 1 -week 2,Build 1 -week 3,Build 1 -week 4,Build 2 -week 1,Build 2 -week 2,Build 2 -week 3,Build 2 -week 4,Peak -week 1,Peak -week 2,Race,NULL,NULL,NULL,NULL,NULL,NULL,NULL,NULL,NULL,NULL,NULL,NULL,NULL,NULL,NULL,NULL,NULL,NULL,NULL,NULL,NULL,NULL,NULL,NULL,NULL,NULL,NULL,NULL,NULL,NULL,NULL,NULL,NULL,NULL,NULL
A2-A3,S,Under40,14.0,Base 3 -week 1,Base 3 -week 3,Base 3 -week 4,Build 1 -week 1,Build 1 -week 2,Build 1 -week 3,Build 1 -week 4,Build 2 -week 1,Build 2 -week 2,Build 2 -week 3,Build 2 -week 4,Peak -week 1,Peak -week 2,Race,NULL,NULL,NULL,NULL,NULL,NULL,NULL,NULL,NULL,NULL,NULL,NULL,NULL,NULL,NULL,NULL,NULL,NULL,NULL,NULL,NULL,NULL,NULL,NULL,NULL,NULL,NULL,NULL,NULL,NULL,NULL,NULL,NULL,NULL
A2-A3,S,Under40,15.0,Base 3 -week 1,Base 3 -week 2,Base 3 -week 3,Base 3 -week 4,Build 1 -week 1,Build 1 -week 2,Build 1 -week 3,Build 1 -week 4,Build 2 -week 1,Build 2 -week 2,Build 2 -week 3,Build 2 -week 4,Peak -week 1,Peak -week 2,Race,NULL,NULL,NULL,NULL,NULL,NULL,NULL,NULL,NULL,NULL,NULL,NULL,NULL,NULL,NULL,NULL,NULL,NULL,NULL,NULL,NULL,NULL,NULL,NULL,NULL,NULL,NULL,NULL,NULL,NULL,NULL,NULL,NULL
A2-A3,S,Under40,16.0,Base 3 -week 4,Base 3 -week 1,Base 3 -week 2,Base 3 -week 3,Base 3 -week 4,Build 1 -week 1,Build 1 -week 2,Build 1 -week 3,Build 1 -week 4,Build 2 -week 1,Build 2 -week 2,Build 2 -week 3,Build 2 -week 4,Peak -week 1,Peak -week 2,Race,NULL,NULL,NULL,NULL,NULL,NULL,NULL,NULL,NULL,NULL,NULL,NULL,NULL,NULL,NULL,NULL,NULL,NULL,NULL,NULL,NULL,NULL,NULL,NULL,NULL,NULL,NULL,NULL,NULL,NULL,NULL,NULL
A2-A3,S,Under40,17.0,Base 3 -week 1,Base 3 -week 4,Base 3 -week 1,Base 3 -week 2,Base 3 -week 3,Base 3 -week 4,Build 1 -week 1,Build 1 -week 2,Build 1 -week 3,Build 1 -week 4,Build 2 -week 1,Build 2 -week 2,Build 2 -week 3,Build 2 -week 4,Peak -week 1,Peak -week 2,Race,NULL,NULL,NULL,NULL,NULL,NULL,NULL,NULL,NULL,NULL,NULL,NULL,NULL,NULL,NULL,NULL,NULL,NULL,NULL,NULL,NULL,NULL,NULL,NULL,NULL,NULL,NULL,NULL,NULL,NULL,NULL
A2-A3,S,Under40,18.0,Base 3 -week 1,Base 3 -week 3,Base 3 -week 4,Base 3 -week 1,Base 3 -week 2,Base 3 -week 3,Base 3 -week 4,Build 1 -week 1,Build 1 -week 2,Build 1 -week 3,Build 1 -week 4,Build 2 -week 1,Build 2 -week 2,Build 2 -week 3,Build 2 -week 4,Peak -week 1,Peak -week 2,Race,NULL,NULL,NULL,NULL,NULL,NULL,NULL,NULL,NULL,NULL,NULL,NULL,NULL,NULL,NULL,NULL,NULL,NULL,NULL,NULL,NULL,NULL,NULL,NULL,NULL,NULL,NULL,NULL,NULL,NULL
A2-A3,S,Under40,19.0,Base 3 -week 1,Base 3 -week 2,Base 3 -week 3,Base 3 -week 4,Base 3 -week 1,Base 3 -week 2,Base 3 -week 3,Base 3 -week 4,Build 1 -week 1,Build 1 -week 2,Build 1 -week 3,Build 1 -week 4,Build 2 -week 1,Build 2 -week 2,Build 2 -week 3,Build 2 -week 4,Peak -week 1,Peak -week 2,Race,NULL,NULL,NULL,NULL,NULL,NULL,NULL,NULL,NULL,NULL,NULL,NULL,NULL,NULL,NULL,NULL,NULL,NULL,NULL,NULL,NULL,NULL,NULL,NULL,NULL,NULL,NULL,NULL,NULL
A2-A3,W,Under40,11.0,Base 3 -week 1,Base 3 -week 2,Base 3 -week 3,Base 3 -week 4,Build 1 -week 1,Build 1 -week 2,Build 1 -week 4,Build 2 -week 1,Build 2 -week 2,Build 2 -week 4,Race,NULL,NULL,NULL,NULL,NULL,NULL,NULL,NULL,NULL,NULL,NULL,NULL,NULL,NULL,NULL,NULL,NULL,NULL,NULL,NULL,NULL,NULL,NULL,NULL,NULL,NULL,NULL,NULL,NULL,NULL,NULL,NULL,NULL,NULL,NULL,NULL,NULL
A2-A3,S,Under40,20.0,Build 1 -week 4,Base 3 -week 1,Base 3 -week 2,Base 3 -week 3,Base 3 -week 4,Base 3 -week 1,Base 3 -week 2,Base 3 -week 3,Base 3 -week 4,Build 1 -week 1,Build 1 -week 2,Build 1 -week 3,Build 1 -week 4,Build 2 -week 1,Build 2 -week 2,Build 2 -week 3,Build 2 -week 4,Peak -week 1,Peak -week 2,Race,NULL,NULL,NULL,NULL,NULL,NULL,NULL,NULL,NULL,NULL,NULL,NULL,NULL,NULL,NULL,NULL,NULL,NULL,NULL,NULL,NULL,NULL,NULL,NULL,NULL,NULL,NULL,NULL
A2-A3,S,Under40,21.0,Base 3 -week 1,Base 3 -week 2,Base 3 -week 3,Base 3 -week 4,Build 1 -week 1,Build 1 -week 4,Base 3 -week 1,Base 3 -week 2,Base 3 -week 3,Base 3 -week 4,Build 1 -week 1,Build 1 -week 2,Build 1 -week 3,Build 1 -week 4,Build 2 -week 1,Build 2 -week 2,Build 2 -week 3,Build 2 -week 4,Peak -week 1,Peak -week 2,Race,NULL,NULL,NULL,NULL,NULL,NULL,NULL,NULL,NULL,NULL,NULL,NULL,NULL,NULL,NULL,NULL,NULL,NULL,NULL,NULL,NULL,NULL,NULL,NULL,NULL,NULL,NULL
A2-A3,S,Under40,22.0,Base 3 -week 1,Base 3 -week 2,Base 3 -week 3,Base 3 -week 4,Build 1 -week 1,Build 1 -week 2,Build 1 -week 4,Base 3 -week 1,Base 3 -week 2,Base 3 -week 3,Base 3 -week 4,Build 1 -week 1,Build 1 -week 2,Build 1 -week 3,Build 1 -week 4,Build 2 -week 1,Build 2 -week 2,Build 2 -week 3,Build 2 -week 4,Peak -week 1,Peak -week 2,Race,NULL,NULL,NULL,NULL,NULL,NULL,NULL,NULL,NULL,NULL,NULL,NULL,NULL,NULL,NULL,NULL,NULL,NULL,NULL,NULL,NULL,NULL,NULL,NULL,NULL,NULL
A2-B,S,Over40,2.0,Build 2 -week 2,Build 2 -week 4,NULL,NULL,NULL,NULL,NULL,NULL,NULL,NULL,NULL,NULL,NULL,NULL,NULL,NULL,NULL,NULL,NULL,NULL,NULL,NULL,NULL,NULL,NULL,NULL,NULL,NULL,NULL,NULL,NULL,NULL,NULL,NULL,NULL,NULL,NULL,NULL,NULL,NULL,NULL,NULL,NULL,NULL,NULL,NULL,NULL,NULL
A2-B,S,Over40,3.0,Build 2 -week 1,Build 2 -week 2,Build 2 -week 4,NULL,NULL,NULL,NULL,NULL,NULL,NULL,NULL,NULL,NULL,NULL,NULL,NULL,NULL,NULL,NULL,NULL,NULL,NULL,NULL,NULL,NULL,NULL,NULL,NULL,NULL,NULL,NULL,NULL,NULL,NULL,NULL,NULL,NULL,NULL,NULL,NULL,NULL,NULL,NULL,NULL,NULL,NULL,NULL,NULL
A2-B,S,Over40,6.0,Build 2 -week 1,Build 2 -week 2,Build 2 -week 4,Build 2 -week 1,Build 2 -week 2,Build 2 -week 4,NULL,NULL,NULL,NULL,NULL,NULL,NULL,NULL,NULL,NULL,NULL,NULL,NULL,NULL,NULL,NULL,NULL,NULL,NULL,NULL,NULL,NULL,NULL,NULL,NULL,NULL,NULL,NULL,NULL,NULL,NULL,NULL,NULL,NULL,NULL,NULL,NULL,NULL,NULL,NULL,NULL,NULL
A2-B,S,Over40,7.0,Build 1 -week 4,Build 2 -week 1,Build 2 -week 2,Build 2 -week 4,Build 2 -week 1,Build 2 -week 2,Build 2 -week 4,NULL,NULL,NULL,NULL,NULL,NULL,NULL,NULL,NULL,NULL,NULL,NULL,NULL,NULL,NULL,NULL,NULL,NULL,NULL,NULL,NULL,NULL,NULL,NULL,NULL,NULL,NULL,NULL,NULL,NULL,NULL,NULL,NULL,NULL,NULL,NULL,NULL,NULL,NULL,NULL,NULL
A2-B,W,Over40,6.0,Base 3 -week 1,Base 3 -week 2,Base 3 -week 4,Build 1 -week 1,Build 1 -week 2,Build 1 -week 4,NULL,NULL,NULL,NULL,NULL,NULL,NULL,NULL,NULL,NULL,NULL,NULL,NULL,NULL,NULL,NULL,NULL,NULL,NULL,NULL,NULL,NULL,NULL,NULL,NULL,NULL,NULL,NULL,NULL,NULL,NULL,NULL,NULL,NULL,NULL,NULL,NULL,NULL,NULL,NULL,NULL,NULL
A2-B,S,Over40,11.0,Base 3 -week 1,Base 3 -week 4,Build 1 -week 1,Build 1 -week 2,Build 1 -week 4,Build 2 -week 1,Build 2 -week 2,Build 2 -week 4,Build 2 -week 1,Build 2 -week 2,Build 2 -week 4,NULL,NULL,NULL,NULL,NULL,NULL,NULL,NULL,NULL,NULL,NULL,NULL,NULL,NULL,NULL,NULL,NULL,NULL,NULL,NULL,NULL,NULL,NULL,NULL,NULL,NULL,NULL,NULL,NULL,NULL,NULL,NULL,NULL,NULL,NULL,NULL,NULL
A2-A3,S,Under40,23.0,Build 1 -week 4,Base 3 -week 1,Base 3 -week 2,Base 3 -week 3,Base 3 -week 4,Build 1 -week 1,Build 1 -week 2,Build 1 -week 4,Base 3 -week 1,Base 3 -week 2,Base 3 -week 3,Base 3 -week 4,Build 1 -week 1,Build 1 -week 2,Build 1 -week 3,Build 1 -week 4,Build 2 -week 1,Build 2 -week 2,Build 2 -week 3,Build 2 -week 4,Peak -week 1,Peak -week 2,Race,NULL,NULL,NULL,NULL,NULL,NULL,NULL,NULL,NULL,NULL,NULL,NULL,NULL,NULL,NULL,NULL,NULL,NULL,NULL,NULL,NULL,NULL,NULL,NULL,NULL
A2-A3,S,Under40,24.0,Build 1 -week 4,Base 3 -week 1,Base 3 -week 2,Base 3 -week 3,Base 3 -week 4,Build 1 -week 1,Build 1 -week 2,Build 1 -week 3,Build 1 -week 4,Base 3 -week 1,Base 3 -week 2,Base 3 -week 3,Base 3 -week 4,Build 1 -week 1,Build 1 -week 2,Build 1 -week 3,Build 1 -week 4,Build 2 -week 1,Build 2 -week 2,Build 2 -week 3,Build 2 -week 4,Peak -week 1,Peak -week 2,Race,NULL,NULL,NULL,NULL,NULL,NULL,NULL,NULL,NULL,NULL,NULL,NULL,NULL,NULL,NULL,NULL,NULL,NULL,NULL,NULL,NULL,NULL,NULL,NULL
A2-A3,S,Under40,25.0,Build 1 -week 1,Build 1 -week 4,Base 3 -week 1,Base 3 -week 2,Base 3 -week 3,Base 3 -week 4,Build 1 -week 1,Build 1 -week 2,Build 1 -week 3,Build 1 -week 4,Base 3 -week 1,Base 3 -week 2,Base 3 -week 3,Base 3 -week 4,Build 1 -week 1,Build 1 -week 2,Build 1 -week 3,Build 1 -week 4,Build 2 -week 1,Build 2 -week 2,Build 2 -week 3,Build 2 -week 4,Peak -week 1,Peak -week 2,Race,NULL,NULL,NULL,NULL,NULL,NULL,NULL,NULL,NULL,NULL,NULL,NULL,NULL,NULL,NULL,NULL,NULL,NULL,NULL,NULL,NULL,NULL,NULL
A2-A3,S,Under40,26.0,Base 2 -week 4,Build 1 -week 1,Build 1 -week 4,Base 3 -week 1,Base 3 -week 2,Base 3 -week 3,Base 3 -week 4,Build 1 -week 1,Build 1 -week 2,Build 1 -week 3,Build 1 -week 4,Base 3 -week 1,Base 3 -week 2,Base 3 -week 3,Base 3 -week 4,Build 1 -week 1,Build 1 -week 2,Build 1 -week 3,Build 1 -week 4,Build 2 -week 1,Build 2 -week 2,Build 2 -week 3,Build 2 -week 4,Peak -week 1,Peak -week 2,Race,NULL,NULL,NULL,NULL,NULL,NULL,NULL,NULL,NULL,NULL,NULL,NULL,NULL,NULL,NULL,NULL,NULL,NULL,NULL,NULL,NULL,NULL
A2-A3,S,Under40,27.0,Base 2 -week 4,Build 1 -week 1,Build 1 -week 2,Build 1 -week 4,Base 3 -week 1,Base 3 -week 2,Base 3 -week 3,Base 3 -week 4,Build 1 -week 1,Build 1 -week 2,Build 1 -week 3,Build 1 -week 4,Base 3 -week 1,Base 3 -week 2,Base 3 -week 3,Base 3 -week 4,Build 1 -week 1,Build 1 -week 2,Build 1 -week 3,Build 1 -week 4,Build 2 -week 1,Build 2 -week 2,Build 2 -week 3,Build 2 -week 4,Peak -week 1,Peak -week 2,Race,NULL,NULL,NULL,NULL,NULL,NULL,NULL,NULL,NULL,NULL,NULL,NULL,NULL,NULL,NULL,NULL,NULL,NULL,NULL,NULL,NULL
A2-A3,S,Under40,28.0,Base 2 -week 3,Base 2 -week 4,Build 1 -week 1,Build 1 -week 2,Build 1 -week 4,Base 3 -week 1,Base 3 -week 2,Base 3 -week 3,Base 3 -week 4,Build 1 -week 1,Build 1 -week 2,Build 1 -week 3,Build 1 -week 4,Base 3 -week 1,Base 3 -week 2,Base 3 -week 3,Base 3 -week 4,Build 1 -week 1,Build 1 -week 2,Build 1 -week 3,Build 1 -week 4,Build 2 -week 1,Build 2 -week 2,Build 2 -week 3,Build 2 -week 4,Peak -week 1,Peak -week 2,Race,NULL,NULL,NULL,NULL,NULL,NULL,NULL,NULL,NULL,NULL,NULL,NULL,NULL,NULL,NULL,NULL,NULL,NULL,NULL,NULL
A2-A3,S,Under40,29.0,Base 2 -week 2,Base 2 -week 3,Base 2 -week 4,Build 1 -week 1,Build 1 -week 2,Build 1 -week 4,Base 3 -week 1,Base 3 -week 2,Base 3 -week 3,Base 3 -week 4,Build 1 -week 1,Build 1 -week 2,Build 1 -week 3,Build 1 -week 4,Base 3 -week 1,Base 3 -week 2,Base 3 -week 3,Base 3 -week 4,Build 1 -week 1,Build 1 -week 2,Build 1 -week 3,Build 1 -week 4,Build 2 -week 1,Build 2 -week 2,Build 2 -week 3,Build 2 -week 4,Peak -week 1,Peak -week 2,Race,NULL,NULL,NULL,NULL,NULL,NULL,NULL,NULL,NULL,NULL,NULL,NULL,NULL,NULL,NULL,NULL,NULL,NULL,NULL
A2-A3,S,Under40,30.0,Base 2 -week 1,Base 2 -week 2,Base 2 -week 3,Base 2 -week 4,Build 1 -week 1,Build 1 -week 2,Build 1 -week 4,Base 3 -week 1,Base 3 -week 2,Base 3 -week 3,Base 3 -week 4,Build 1 -week 1,Build 1 -week 2,Build 1 -week 3,Build 1 -week 4,Base 3 -week 1,Base 3 -week 2,Base 3 -week 3,Base 3 -week 4,Build 1 -week 1,Build 1 -week 2,Build 1 -week 3,Build 1 -week 4,Build 2 -week 1,Build 2 -week 2,Build 2 -week 3,Build 2 -week 4,Peak -week 1,Peak -week 2,Race,NULL,NULL,NULL,NULL,NULL,NULL,NULL,NULL,NULL,NULL,NULL,NULL,NULL,NULL,NULL,NULL,NULL,NULL
A2-B,S,Over40,8.0,Build 1 -week 1,Build 1 -week 4,Build 2 -week 1,Build 2 -week 2,Build 2 -week 4,Build 2 -week 1,Build 2 -week 2,Build 2 -week 4,NULL,NULL,NULL,NULL,NULL,NULL,NULL,NULL,NULL,NULL,NULL,NULL,NULL,NULL,NULL,NULL,NULL,NULL,NULL,NULL,NULL,NULL,NULL,NULL,NULL,NULL,NULL,NULL,NULL,NULL,NULL,NULL,NULL,NULL,NULL,NULL,NULL,NULL,NULL,NULL
A2-B,W,Over40,5.0,Base 3 -week 1,Base 3 -week 2,Base 3 -week 4,Build 1 -week 1,Build 1 -week 4,NULL,NULL,NULL,NULL,NULL,NULL,NULL,NULL,NULL,NULL,NULL,NULL,NULL,NULL,NULL,NULL,NULL,NULL,NULL,NULL,NULL,NULL,NULL,NULL,NULL,NULL,NULL,NULL,NULL,NULL,NULL,NULL,NULL,NULL,NULL,NULL,NULL,NULL,NULL,NULL,NULL,NULL,NULL
A2-B,W,Over40,10.0,Base 2 -week 4,Base 3 -week 1,Base 3 -week 2,Base 3 -week 4,Base 3 -week 1,Base 3 -week 2,Base 3 -week 4,Build 1 -week 1,Build 1 -week 2,Build 1 -week 4,NULL,NULL,NULL,NULL,NULL,NULL,NULL,NULL,NULL,NULL,NULL,NULL,NULL,NULL,NULL,NULL,NULL,NULL,NULL,NULL,NULL,NULL,NULL,NULL,NULL,NULL,NULL,NULL,NULL,NULL,NULL,NULL,NULL,NULL,NULL,NULL,NULL,NULL
A2-A3,S,Under40,31.0,Build 1 -week 4,Base 2 -week 1,Base 2 -week 2,Base 2 -week 3,Base 2 -week 4,Build 1 -week 1,Build 1 -week 2,Build 1 -week 4,Base 3 -week 1,Base 3 -week 2,Base 3 -week 3,Base 3 -week 4,Build 1 -week 1,Build 1 -week 2,Build 1 -week 3,Build 1 -week 4,Base 3 -week 1,Base 3 -week 2,Base 3 -week 3,Base 3 -week 4,Build 1 -week 1,Build 1 -week 2,Build 1 -week 3,Build 1 -week 4,Build 2 -week 1,Build 2 -week 2,Build 2 -week 3,Build 2 -week 4,Peak -week 1,Peak -week 2,Race,NULL,NULL,NULL,NULL,NULL,NULL,NULL,NULL,NULL,NULL,NULL,NULL,NULL,NULL,NULL,NULL,NULL
A2-A3,S,Under40,32.0,Build 1 -week 2,Build 1 -week 4,Base 2 -week 1,Base 2 -week 2,Base 2 -week 3,Base 2 -week 4,Build 1 -week 1,Build 1 -week 2,Build 1 -week 4,Base 3 -week 1,Base 3 -week 2,Base 3 -week 3,Base 3 -week 4,Build 1 -week 1,Build 1 -week 2,Build 1 -week 3,Build 1 -week 4,Base 3 -week 1,Base 3 -week 2,Base 3 -week 3,Base 3 -week 4,Build 1 -week 1,Build 1 -week 2,Build 1 -week 3,Build 1 -week 4,Build 2 -week 1,Build 2 -week 2,Build 2 -week 3,Build 2 -week 4,Peak -week 1,Peak -week 2,Race,NULL,NULL,NULL,NULL,NULL,NULL,NULL,NULL,NULL,NULL,NULL,NULL,NULL,NULL,NULL,NULL
A2-A3,W,Under40,12.0,Base 3 -week 1,Base 3 -week 2,Base 3 -week 3,Base 3 -week 4,Build 1 -week 1,Build 1 -week 2,Build 1 -week 4,Build 2 -week 1,Build 2 -week 2,Build 2 -week 4,Peak -week 1,Race,NULL,NULL,NULL,NULL,NULL,NULL,NULL,NULL,NULL,NULL,NULL,NULL,NULL,NULL,NULL,NULL,NULL,NULL,NULL,NULL,NULL,NULL,NULL,NULL,NULL,NULL,NULL,NULL,NULL,NULL,NULL,NULL,NULL,NULL,NULL,NULL
A2-A3,W,Under40,13.0,Base 3 -week 1,Base 3 -week 2,Base 3 -week 3,Base 3 -week 4,Build 1 -week 1,Build 1 -week 2,Build 1 -week 3,Build 1 -week 4,Build 2 -week 1,Build 2 -week 2,Build 2 -week 4,Peak -week 1,Race,NULL,NULL,NULL,NULL,NULL,NULL,NULL,NULL,NULL,NULL,NULL,NULL,NULL,NULL,NULL,NULL,NULL,NULL,NULL,NULL,NULL,NULL,NULL,NULL,NULL,NULL,NULL,NULL,NULL,NULL,NULL,NULL,NULL,NULL,NULL
A2-A3,W,Under40,14.0,Base 3 -week 1,Base 3 -week 2,Base 3 -week 3,Base 3 -week 4,Build 1 -week 1,Build 1 -week 2,Build 1 -week 3,Build 1 -week 4,Build 2 -week 1,Build 2 -week 2,Build 1 -week 2,Build 2 -week 4,Peak -week 1,Race,NULL,NULL,NULL,NULL,NULL,NULL,NULL,NULL,NULL,NULL,NULL,NULL,NULL,NULL,NULL,NULL,NULL,NULL,NULL,NULL,NULL,NULL,NULL,NULL,NULL,NULL,NULL,NULL,NULL,NULL,NULL,NULL,NULL,NULL
A2-A3,W,Under40,15.0,Base 2 -week 4,Base 2 -week 1,Base 2 -week 2,Base 2 -week 3,Base 2 -week 4,Base 3 -week 1,Base 3 -week 2,Base 3 -week 3,Base 3 -week 4,Build 1 -week 1,Build 1 -week 2,Build 1 -week 3,Build 1 -week 4,Peak -week 1,Race,NULL,NULL,NULL,NULL,NULL,NULL,NULL,NULL,NULL,NULL,NULL,NULL,NULL,NULL,NULL,NULL,NULL,NULL,NULL,NULL,NULL,NULL,NULL,NULL,NULL,NULL,NULL,NULL,NULL,NULL,NULL,NULL,NULL
A2-A3,W,Under40,16.0,Base 2 -week 4,Base 2 -week 1,Base 2 -week 2,Base 2 -week 3,Base 2 -week 4,Base 3 -week 1,Base 3 -week 2,Base 3 -week 3,Base 3 -week 4,Build 1 -week 1,Build 1 -week 2,Build 1 -week 3,Build 1 -week 4,Peak -week 1,Peak -week 2,Race,NULL,NULL,NULL,NULL,NULL,NULL,NULL,NULL,NULL,NULL,NULL,NULL,NULL,NULL,NULL,NULL,NULL,NULL,NULL,NULL,NULL,NULL,NULL,NULL,NULL,NULL,NULL,NULL,NULL,NULL,NULL,NULL
A2-A3,W,Under40,17.0,Base 2 -week 3,Base 2 -week 4,Base 2 -week 1,Base 2 -week 2,Base 2 -week 3,Base 2 -week 4,Base 3 -week 1,Base 3 -week 2,Base 3 -week 3,Base 3 -week 4,Build 1 -week 1,Build 1 -week 2,Build 1 -week 3,Build 1 -week 4,Peak -week 1,Peak -week 2,Race,NULL,NULL,NULL,NULL,NULL,NULL,NULL,NULL,NULL,NULL,NULL,NULL,NULL,NULL,NULL,NULL,NULL,NULL,NULL,NULL,NULL,NULL,NULL,NULL,NULL,NULL,NULL,NULL,NULL,NULL,NULL
A2-A3,W,Under40,18.0,Base 2 -week 2,Base 2 -week 3,Base 2 -week 4,Base 2 -week 1,Base 2 -week 2,Base 2 -week 3,Base 2 -week 4,Base 3 -week 1,Base 3 -week 2,Base 3 -week 3,Base 3 -week 4,Build 1 -week 1,Build 1 -week 2,Build 1 -week 3,Build 1 -week 4,Peak -week 1,Peak -week 2,Race,NULL,NULL,NULL,NULL,NULL,NULL,NULL,NULL,NULL,NULL,NULL,NULL,NULL,NULL,NULL,NULL,NULL,NULL,NULL,NULL,NULL,NULL,NULL,NULL,NULL,NULL,NULL,NULL,NULL,NULL
A2-A3,W,Under40,19.0,Base 2 -week 1,Base 2 -week 2,Base 2 -week 3,Base 2 -week 4,Base 2 -week 1,Base 2 -week 2,Base 2 -week 3,Base 2 -week 4,Base 3 -week 1,Base 3 -week 2,Base 3 -week 3,Base 3 -week 4,Build 1 -week 1,Build 1 -week 2,Build 1 -week 3,Build 1 -week 4,Peak -week 1,Peak -week 2,Race,NULL,NULL,NULL,NULL,NULL,NULL,NULL,NULL,NULL,NULL,NULL,NULL,NULL,NULL,NULL,NULL,NULL,NULL,NULL,NULL,NULL,NULL,NULL,NULL,NULL,NULL,NULL,NULL,NULL
A2-A3,W,Under40,20.0,Base 2 -week 4,Base 2 -week 1,Base 2 -week 2,Base 2 -week 3,Base 2 -week 4,Base 3 -week 1,Base 3 -week 2,Base 3 -week 3,Base 3 -week 4,Build 1 -week 1,Build 1 -week 2,Build 1 -week 3,Build 1 -week 4,Build 2 -week 1,Build 2 -week 2,Build 2 -week 3,Build 2 -week 4,Peak -week 1,Peak -week 2,Race,NULL,NULL,NULL,NULL,NULL,NULL,NULL,NULL,NULL,NULL,NULL,NULL,NULL,NULL,NULL,NULL,NULL,NULL,NULL,NULL,NULL,NULL,NULL,NULL,NULL,NULL,NULL,NULL
A2-B,S,Over40,9.0,Base 3 -week 1,Build 1 -week 2,Build 1 -week 4,Build 2 -week 1,Build 2 -week 2,Build 2 -week 4,Build 2 -week 1,Build 2 -week 2,Build 2 -week 4,NULL,NULL,NULL,NULL,NULL,NULL,NULL,NULL,NULL,NULL,NULL,NULL,NULL,NULL,NULL,NULL,NULL,NULL,NULL,NULL,NULL,NULL,NULL,NULL,NULL,NULL,NULL,NULL,NULL,NULL,NULL,NULL,NULL,NULL,NULL,NULL,NULL,NULL,NULL
A2-B,S,Over40,10.0,Base 3 -week 4,Build 1 -week 1,Build 1 -week 2,Build 1 -week 4,Build 2 -week 1,Build 2 -week 2,Build 2 -week 4,Build 2 -week 1,Build 2 -week 2,Build 2 -week 4,NULL,NULL,NULL,NULL,NULL,NULL,NULL,NULL,NULL,NULL,NULL,NULL,NULL,NULL,NULL,NULL,NULL,NULL,NULL,NULL,NULL,NULL,NULL,NULL,NULL,NULL,NULL,NULL,NULL,NULL,NULL,NULL,NULL,NULL,NULL,NULL,NULL,NULL
A2-B,W,Over40,1.0,Base 3 -week 4,NULL,NULL,NULL,NULL,NULL,NULL,NULL,NULL,NULL,NULL,NULL,NULL,NULL,NULL,NULL,NULL,NULL,NULL,NULL,NULL,NULL,NULL,NULL,NULL,NULL,NULL,NULL,NULL,NULL,NULL,NULL,NULL,NULL,NULL,NULL,NULL,NULL,NULL,NULL,NULL,NULL,NULL,NULL,NULL,NULL,NULL,NULL
A2-B,W,Over40,2.0,Base 3 -week 1,Base 3 -week 4,NULL,NULL,NULL,NULL,NULL,NULL,NULL,NULL,NULL,NULL,NULL,NULL,NULL,NULL,NULL,NULL,NULL,NULL,NULL,NULL,NULL,NULL,NULL,NULL,NULL,NULL,NULL,NULL,NULL,NULL,NULL,NULL,NULL,NULL,NULL,NULL,NULL,NULL,NULL,NULL,NULL,NULL,NULL,NULL,NULL,NULL
A2-B,W,Over40,3.0,Base 3 -week 1,Base 3 -week 2,Base 3 -week 4,NULL,NULL,NULL,NULL,NULL,NULL,NULL,NULL,NULL,NULL,NULL,NULL,NULL,NULL,NULL,NULL,NULL,NULL,NULL,NULL,NULL,NULL,NULL,NULL,NULL,NULL,NULL,NULL,NULL,NULL,NULL,NULL,NULL,NULL,NULL,NULL,NULL,NULL,NULL,NULL,NULL,NULL,NULL,NULL,NULL
A2-A3,W,Under40,21.0,Base 2 -week 3,Base 2 -week 4,Base 2 -week 1,Base 2 -week 2,Base 2 -week 3,Base 2 -week 4,Base 3 -week 1,Base 3 -week 2,Base 3 -week 3,Base 3 -week 4,Build 1 -week 1,Build 1 -week 2,Build 1 -week 3,Build 1 -week 4,Build 2 -week 1,Build 2 -week 2,Build 2 -week 3,Build 2 -week 4,Peak -week 1,Peak -week 2,Race,NULL,NULL,NULL,NULL,NULL,NULL,NULL,NULL,NULL,NULL,NULL,NULL,NULL,NULL,NULL,NULL,NULL,NULL,NULL,NULL,NULL,NULL,NULL,NULL,NULL,NULL,NULL
A2-A3,W,Under40,22.0,Base 2 -week 2,Base 2 -week 3,Base 2 -week 4,Base 3 -week 1,Base 3 -week 2,Base 3 -week 3,Base 3 -week 4,Base 3 -week 1,Base 3 -week 2,Base 3 -week 3,Base 3 -week 4,Build 1 -week 1,Build 1 -week 2,Build 1 -week 3,Build 1 -week 4,Build 2 -week 1,Build 2 -week 2,Build 2 -week 3,Build 2 -week 4,Peak -week 1,Peak -week 2,Race,NULL,NULL,NULL,NULL,NULL,NULL,NULL,NULL,NULL,NULL,NULL,NULL,NULL,NULL,NULL,NULL,NULL,NULL,NULL,NULL,NULL,NULL,NULL,NULL,NULL,NULL
A2-A3,W,Under40,23.0,Base 2 -week 1,Base 2 -week 2,Base 2 -week 3,Base 2 -week 4,Base 3 -week 1,Base 3 -week 2,Base 3 -week 3,Base 3 -week 4,Base 3 -week 1,Base 3 -week 2,Base 3 -week 3,Base 3 -week 4,Build 1 -week 1,Build 1 -week 2,Build 1 -week 3,Build 1 -week 4,Build 2 -week 1,Build 2 -week 2,Build 2 -week 3,Build 2 -week 4,Peak -week 1,Peak -week 2,Race,NULL,NULL,NULL,NULL,NULL,NULL,NULL,NULL,NULL,NULL,NULL,NULL,NULL,NULL,NULL,NULL,NULL,NULL,NULL,NULL,NULL,NULL,NULL,NULL,NULL
A2-A3,W,Under40,24.0,Base 2 -week 4,Base 2 -week 1,Base 2 -week 2,Base 2 -week 3,Base 2 -week 4,Base 3 -week 1,Base 3 -week 2,Base 3 -week 3,Base 3 -week 4,Base 3 -week 1,Base 3 -week 2,Base 3 -week 3,Base 3 -week 4,Build 1 -week 1,Build 1 -week 2,Build 1 -week 3,Build 1 -week 4,Build 2 -week 1,Build 2 -week 2,Build 2 -week 3,Build 2 -week 4,Peak -week 1,Peak -week 2,Race,NULL,NULL,NULL,NULL,NULL,NULL,NULL,NULL,NULL,NULL,NULL,NULL,NULL,NULL,NULL,NULL,NULL,NULL,NULL,NULL,NULL,NULL,NULL,NULL
A2-A3,W,Under40,25.0,Base 2 -week 3,Base 2 -week 4,Base 2 -week 1,Base 2 -week 2,Base 2 -week 3,Base 2 -week 4,Base 3 -week 1,Base 3 -week 2,Base 3 -week 3,Base 3 -week 4,Base 3 -week 1,Base 3 -week 2,Base 3 -week 3,Base 3 -week 4,Build 1 -week 1,Build 1 -week 2,Build 1 -week 3,Build 1 -week 4,Build 2 -week 1,Build 2 -week 2,Build 2 -week 3,Build 2 -week 4,Peak -week 1,Peak -week 2,Race,NULL,NULL,NULL,NULL,NULL,NULL,NULL,NULL,NULL,NULL,NULL,NULL,NULL,NULL,NULL,NULL,NULL,NULL,NULL,NULL,NULL,NULL,NULL
A2-A3,W,Under40,26.0,Base 2 -week 2,Base 2 -week 3,Base 2 -week 4,Base 2 -week 1,Base 2 -week 2,Base 2 -week 3,Base 2 -week 4,Base 3 -week 1,Base 3 -week 2,Base 3 -week 3,Base 3 -week 4,Base 3 -week 1,Base 3 -week 2,Base 3 -week 3,Base 3 -week 4,Build 1 -week 1,Build 1 -week 2,Build 1 -week 3,Build 1 -week 4,Build 2 -week 1,Build 2 -week 2,Build 2 -week 3,Build 2 -week 4,Peak -week 1,Peak -week 2,Race,NULL,NULL,NULL,NULL,NULL,NULL,NULL,NULL,NULL,NULL,NULL,NULL,NULL,NULL,NULL,NULL,NULL,NULL,NULL,NULL,NULL,NULL
A2-A3,W,Under40,27.0,Base 2 -week 1,Base 2 -week 2,Base 2 -week 3,Base 2 -week 4,Base 2 -week 1,Base 2 -week 2,Base 2 -week 3,Base 2 -week 4,Base 3 -week 1,Base 3 -week 2,Base 3 -week 3,Base 3 -week 4,Base 3 -week 1,Base 3 -week 2,Base 3 -week 3,Base 3 -week 4,Build 1 -week 1,Build 1 -week 2,Build 1 -week 3,Build 1 -week 4,Build 2 -week 1,Build 2 -week 2,Build 2 -week 3,Build 2 -week 4,Peak -week 1,Peak -week 2,Race,NULL,NULL,NULL,NULL,NULL,NULL,NULL,NULL,NULL,NULL,NULL,NULL,NULL,NULL,NULL,NULL,NULL,NULL,NULL,NULL,NULL
A2-A3,W,Under40,28.0,Base 1 -week 4,Base 2 -week 1,Base 2 -week 2,Base 2 -week 3,Base 2 -week 4,Base 2 -week 1,Base 2 -week 2,Base 2 -week 3,Base 2 -week 4,Base 3 -week 1,Base 3 -week 2,Base 3 -week 3,Base 3 -week 4,Base 3 -week 1,Base 3 -week 2,Base 3 -week 3,Base 3 -week 4,Build 1 -week 1,Build 1 -week 2,Build 1 -week 3,Build 1 -week 4,Build 2 -week 1,Build 2 -week 2,Build 2 -week 3,Build 2 -week 4,Peak -week 1,Peak -week 2,Race,NULL,NULL,NULL,NULL,NULL,NULL,NULL,NULL,NULL,NULL,NULL,NULL,NULL,NULL,NULL,NULL,NULL,NULL,NULL,NULL
A2-A3,W,Under40,29.0,Base 1 -week 2,Base 1 -week 4,Base 2 -week 1,Base 2 -week 2,Base 2 -week 3,Base 2 -week 4,Base 2 -week 1,Base 2 -week 2,Base 2 -week 3,Base 2 -week 4,Base 3 -week 1,Base 3 -week 2,Base 3 -week 3,Base 3 -week 4,Base 3 -week 1,Base 3 -week 2,Base 3 -week 3,Base 3 -week 4,Build 1 -week 1,Build 1 -week 2,Build 1 -week 3,Build 1 -week 4,Build 2 -week 1,Build 2 -week 2,Build 2 -week 3,Build 2 -week 4,Peak -week 1,Peak -week 2,Race,NULL,NULL,NULL,NULL,NULL,NULL,NULL,NULL,NULL,NULL,NULL,NULL,NULL,NULL,NULL,NULL,NULL,NULL,NULL
A2-B,W,Over40,4.0,Base 3 -week 2,Base 3 -week 4,Base 3 -week 1,Base 3 -week 4,NULL,NULL,NULL,NULL,NULL,NULL,NULL,NULL,NULL,NULL,NULL,NULL,NULL,NULL,NULL,NULL,NULL,NULL,NULL,NULL,NULL,NULL,NULL,NULL,NULL,NULL,NULL,NULL,NULL,NULL,NULL,NULL,NULL,NULL,NULL,NULL,NULL,NULL,NULL,NULL,NULL,NULL,NULL,NULL
A2-B,S,Under40,1.0,Build 2 -week 4,NULL,NULL,NULL,NULL,NULL,NULL,NULL,NULL,NULL,NULL,NULL,NULL,NULL,NULL,NULL,NULL,NULL,NULL,NULL,NULL,NULL,NULL,NULL,NULL,NULL,NULL,NULL,NULL,NULL,NULL,NULL,NULL,NULL,NULL,NULL,NULL,NULL,NULL,NULL,NULL,NULL,NULL,NULL,NULL,NULL,NULL,NULL
A2-B,S,Under40,2.0,Build 1 -week 2,Build 2 -week 4,NULL,NULL,NULL,NULL,NULL,NULL,NULL,NULL,NULL,NULL,NULL,NULL,NULL,NULL,NULL,NULL,NULL,NULL,NULL,NULL,NULL,NULL,NULL,NULL,NULL,NULL,NULL,NULL,NULL,NULL,NULL,NULL,NULL,NULL,NULL,NULL,NULL,NULL,NULL,NULL,NULL,NULL,NULL,NULL,NULL,NULL
A2-B,S,Under40,3.0,Build 1 -week 2,Build 2 -week 3,Build 2 -week 4,NULL,NULL,NULL,NULL,NULL,NULL,NULL,NULL,NULL,NULL,NULL,NULL,NULL,NULL,NULL,NULL,NULL,NULL,NULL,NULL,NULL,NULL,NULL,NULL,NULL,NULL,NULL,NULL,NULL,NULL,NULL,NULL,NULL,NULL,NULL,NULL,NULL,NULL,NULL,NULL,NULL,NULL,NULL,NULL,NULL
A2-B,S,Under40,4.0,Build 1 -week 4,Build 2 -week 2,Build 2 -week 3,Build 2 -week 4,NULL,NULL,NULL,NULL,NULL,NULL,NULL,NULL,NULL,NULL,NULL,NULL,NULL,NULL,NULL,NULL,NULL,NULL,NULL,NULL,NULL,NULL,NULL,NULL,NULL,NULL,NULL,NULL,NULL,NULL,NULL,NULL,NULL,NULL,NULL,NULL,NULL,NULL,NULL,NULL,NULL,NULL,NULL,NULL
A2-A3,W,Under40,30.0,Base 1 -week 1,Base 1 -week 2,Base 1 -week 4,Base 2 -week 1,Base 2 -week 2,Base 2 -week 3,Base 2 -week 4,Base 2 -week 1,Base 2 -week 2,Base 2 -week 3,Base 2 -week 4,Base 3 -week 1,Base 3 -week 2,Base 3 -week 3,Base 3 -week 4,Base 3 -week 1,Base 3 -week 2,Base 3 -week 3,Base 3 -week 4,Build 1 -week 1,Build 1 -week 2,Build 1 -week 3,Build 1 -week 4,Build 2 -week 1,Build 2 -week 2,Build 2 -week 3,Build 2 -week 4,Peak -week 1,Peak -week 2,Race,NULL,NULL,NULL,NULL,NULL,NULL,NULL,NULL,NULL,NULL,NULL,NULL,NULL,NULL,NULL,NULL,NULL,NULL
A2-A3,W,Under40,31.0,Base 1 -week 4,Base 1 -week 1,Base 1 -week 2,Base 1 -week 4,Base 2 -week 1,Base 2 -week 2,Base 2 -week 3,Base 2 -week 4,Base 2 -week 1,Base 2 -week 2,Base 2 -week 3,Base 2 -week 4,Base 3 -week 1,Base 3 -week 2,Base 3 -week 3,Base 3 -week 4,Base 3 -week 1,Base 3 -week 2,Base 3 -week 3,Base 3 -week 4,Build 1 -week 1,Build 1 -week 2,Build 1 -week 3,Build 1 -week 4,Build 2 -week 1,Build 2 -week 2,Build 2 -week 3,Build 2 -week 4,Peak -week 1,Peak -week 2,Race,NULL,NULL,NULL,NULL,NULL,NULL,NULL,NULL,NULL,NULL,NULL,NULL,NULL,NULL,NULL,NULL,NULL
A2-A3,W,Under40,32.0,Base 1 -week 2,Base 1 -week 4,Base 1 -week 1,Base 1 -week 2,Base 1 -week 4,Base 2 -week 1,Base 2 -week 2,Base 2 -week 3,Base 2 -week 4,Base 2 -week 1,Base 2 -week 2,Base 2 -week 3,Base 2 -week 4,Base 3 -week 1,Base 3 -week 2,Base 3 -week 3,Base 3 -week 4,Base 3 -week 1,Base 3 -week 2,Base 3 -week 3,Base 3 -week 4,Build 1 -week 1,Build 1 -week 2,Build 1 -week 3,Build 1 -week 4,Build 2 -week 1,Build 2 -week 2,Build 2 -week 3,Build 2 -week 4,Peak -week 1,Peak -week 2,Race,NULL,NULL,NULL,NULL,NULL,NULL,NULL,NULL,NULL,NULL,NULL,NULL,NULL,NULL,NULL,NULL
A2-B,S,Over40,12.0,Base 3 -week 1,Base 3 -week 2,Base 3 -week 4,Build 1 -week 1,Build 1 -week 2,Build 1 -week 4,Build 2 -week 1,Build 2 -week 2,Build 2 -week 4,Build 2 -week 1,Build 2 -week 2,Build 2 -week 4,NULL,NULL,NULL,NULL,NULL,NULL,NULL,NULL,NULL,NULL,NULL,NULL,NULL,NULL,NULL,NULL,NULL,NULL,NULL,NULL,NULL,NULL,NULL,NULL,NULL,NULL,NULL,NULL,NULL,NULL,NULL,NULL,NULL,NULL,NULL,NULL
A2-B,S,Over40,13.0,Base 3 -week 4,Base 3 -week 1,Base 3 -week 2,Base 3 -week 4,Build 1 -week 1,Build 1 -week 2,Build 1 -week 4,Build 2 -week 1,Build 2 -week 2,Build 2 -week 4,Build 2 -week 1,Build 2 -week 2,Build 2 -week 4,NULL,NULL,NULL,NULL,NULL,NULL,NULL,NULL,NULL,NULL,NULL,NULL,NULL,NULL,NULL,NULL,NULL,NULL,NULL,NULL,NULL,NULL,NULL,NULL,NULL,NULL,NULL,NULL,NULL,NULL,NULL,NULL,NULL,NULL,NULL
A2-B,S,Over40,14.0,Base 3 -week 1,Base 3 -week 4,Base 3 -week 1,Base 3 -week 2,Base 3 -week 4,Build 1 -week 1,Build 1 -week 2,Build 1 -week 4,Build 2 -week 1,Build 2 -week 2,Build 2 -week 4,Build 2 -week 1,Build 2 -week 2,Build 2 -week 4,NULL,NULL,NULL,NULL,NULL,NULL,NULL,NULL,NULL,NULL,NULL,NULL,NULL,NULL,NULL,NULL,NULL,NULL,NULL,NULL,NULL,NULL,NULL,NULL,NULL,NULL,NULL,NULL,NULL,NULL,NULL,NULL,NULL,NULL
A2-B,S,Over40,15.0,Base 3 -week 4,Build 1 -week 2,Build 1 -week 4,Base 3 -week 1,Base 3 -week 2,Base 3 -week 4,Build 1 -week 1,Build 1 -week 2,Build 1 -week 4,Build 2 -week 1,Build 2 -week 2,Build 2 -week 4,Build 2 -week 1,Build 2 -week 2,Build 2 -week 4,NULL,NULL,NULL,NULL,NULL,NULL,NULL,NULL,NULL,NULL,NULL,NULL,NULL,NULL,NULL,NULL,NULL,NULL,NULL,NULL,NULL,NULL,NULL,NULL,NULL,NULL,NULL,NULL,NULL,NULL,NULL,NULL,NULL
A2-B,S,Over40,16.0,Base 3 -week 4,Build 1 -week 1,Build 1 -week 2,Build 1 -week 4,Base 3 -week 1,Base 3 -week 2,Base 3 -week 4,Build 1 -week 1,Build 1 -week 2,Build 1 -week 4,Build 2 -week 1,Build 2 -week 2,Build 2 -week 4,Build 2 -week 1,Build 2 -week 2,Build 2 -week 4,NULL,NULL,NULL,NULL,NULL,NULL,NULL,NULL,NULL,NULL,NULL,NULL,NULL,NULL,NULL,NULL,NULL,NULL,NULL,NULL,NULL,NULL,NULL,NULL,NULL,NULL,NULL,NULL,NULL,NULL,NULL,NULL
A2-B,S,Over40,17.0,Base 3 -week 1,Base 3 -week 4,Build 1 -week 1,Build 1 -week 2,Build 1 -week 4,Base 3 -week 1,Base 3 -week 2,Base 3 -week 4,Build 1 -week 1,Build 1 -week 2,Build 1 -week 4,Build 2 -week 1,Build 2 -week 2,Build 2 -week 4,Build 2 -week 1,Build 2 -week 2,Build 2 -week 4,NULL,NULL,NULL,NULL,NULL,NULL,NULL,NULL,NULL,NULL,NULL,NULL,NULL,NULL,NULL,NULL,NULL,NULL,NULL,NULL,NULL,NULL,NULL,NULL,NULL,NULL,NULL,NULL,NULL,NULL,NULL
A2-B,S,Under40,5.0,Base 3 -week 1,Build 1 -week 4,Build 2 -week 2,Build 2 -week 3,Build 2 -week 4,NULL,NULL,NULL,NULL,NULL,NULL,NULL,NULL,NULL,NULL,NULL,NULL,NULL,NULL,NULL,NULL,NULL,NULL,NULL,NULL,NULL,NULL,NULL,NULL,NULL,NULL,NULL,NULL,NULL,NULL,NULL,NULL,NULL,NULL,NULL,NULL,NULL,NULL,NULL,NULL,NULL,NULL,NULL
A2-B,W,Over40,11.0,Base 2 -week 1,Base 2 -week 4,Base 3 -week 1,Base 3 -week 2,Base 3 -week 4,Base 3 -week 1,Base 3 -week 2,Base 3 -week 4,Build 1 -week 1,Build 1 -week 2,Build 1 -week 4,NULL,NULL,NULL,NULL,NULL,NULL,NULL,NULL,NULL,NULL,NULL,NULL,NULL,NULL,NULL,NULL,NULL,NULL,NULL,NULL,NULL,NULL,NULL,NULL,NULL,NULL,NULL,NULL,NULL,NULL,NULL,NULL,NULL,NULL,NULL,NULL,NULL
A2-B,W,Under40,1.0,Base 3 -week 4,NULL,NULL,NULL,NULL,NULL,NULL,NULL,NULL,NULL,NULL,NULL,NULL,NULL,NULL,NULL,NULL,NULL,NULL,NULL,NULL,NULL,NULL,NULL,NULL,NULL,NULL,NULL,NULL,NULL,NULL,NULL,NULL,NULL,NULL,NULL,NULL,NULL,NULL,NULL,NULL,NULL,NULL,NULL,NULL,NULL,NULL,NULL
A2-B,W,Under40,5.0,Base 2 -week 4,Base 3 -week 1,Base 3 -week 2,Base 3 -week 3,Base 3 -week 4,NULL,NULL,NULL,NULL,NULL,NULL,NULL,NULL,NULL,NULL,NULL,NULL,NULL,NULL,NULL,NULL,NULL,NULL,NULL,NULL,NULL,NULL,NULL,NULL,NULL,NULL,NULL,NULL,NULL,NULL,NULL,NULL,NULL,NULL,NULL,NULL,NULL,NULL,NULL,NULL,NULL,NULL,NULL
A2-B,W,Under40,11.0,Base 2 -week 2,Base 2 -week 3,Base 2 -week 4,Base 3 -week 1,Base 3 -week 2,Base 3 -week 3,Base 3 -week 4,Build 1 -week 1,Build 1 -week 2,Build 1 -week 3,Build 1 -week 4,NULL,NULL,NULL,NULL,NULL,NULL,NULL,NULL,NULL,NULL,NULL,NULL,NULL,NULL,NULL,NULL,NULL,NULL,NULL,NULL,NULL,NULL,NULL,NULL,NULL,NULL,NULL,NULL,NULL,NULL,NULL,NULL,NULL,NULL,NULL,NULL,NULL
A2-B,S,Under40,6.0,Base 3 -week 4,Build 1 -week 3,Build 1 -week 4,Build 2 -week 2,Build 2 -week 3,Build 2 -week 4,NULL,NULL,NULL,NULL,NULL,NULL,NULL,NULL,NULL,NULL,NULL,NULL,NULL,NULL,NULL,NULL,NULL,NULL,NULL,NULL,NULL,NULL,NULL,NULL,NULL,NULL,NULL,NULL,NULL,NULL,NULL,NULL,NULL,NULL,NULL,NULL,NULL,NULL,NULL,NULL,NULL,NULL
A2-B,W,Under40,9.0,Base 2 -week 3,Base 2 -week 4,Base 3 -week 1,Base 3 -week 2,Base 3 -week 3,Base 3 -week 4,Build 1 -week 1,Build 1 -week 2,Build 1 -week 4,NULL,NULL,NULL,NULL,NULL,NULL,NULL,NULL,NULL,NULL,NULL,NULL,NULL,NULL,NULL,NULL,NULL,NULL,NULL,NULL,NULL,NULL,NULL,NULL,NULL,NULL,NULL,NULL,NULL,NULL,NULL,NULL,NULL,NULL,NULL,NULL,NULL,NULL,NULL
A2-B,S,Over40,18.0,Base 3 -week 4,Base 3 -week 2,Base 3 -week 4,Build 1 -week 1,Build 1 -week 2,Build 1 -week 4,Base 3 -week 1,Base 3 -week 2,Base 3 -week 4,Build 1 -week 1,Build 1 -week 2,Build 1 -week 4,Build 2 -week 1,Build 2 -week 2,Build 2 -week 4,Build 2 -week 1,Build 2 -week 2,Build 2 -week 4,NULL,NULL,NULL,NULL,NULL,NULL,NULL,NULL,NULL,NULL,NULL,NULL,NULL,NULL,NULL,NULL,NULL,NULL,NULL,NULL,NULL,NULL,NULL,NULL,NULL,NULL,NULL,NULL,NULL,NULL
A2-B,S,Over40,19.0,Base 3 -week 4,Base 3 -week 1,Base 3 -week 2,Base 3 -week 4,Build 1 -week 1,Build 1 -week 2,Build 1 -week 4,Base 3 -week 1,Base 3 -week 2,Base 3 -week 4,Build 1 -week 1,Build 1 -week 2,Build 1 -week 4,Build 2 -week 1,Build 2 -week 2,Build 2 -week 4,Build 2 -week 1,Build 2 -week 2,Build 2 -week 4,NULL,NULL,NULL,NULL,NULL,NULL,NULL,NULL,NULL,NULL,NULL,NULL,NULL,NULL,NULL,NULL,NULL,NULL,NULL,NULL,NULL,NULL,NULL,NULL,NULL,NULL,NULL,NULL,NULL
A2-B,S,Over40,20.0,Base 3 -week 1,Base 3 -week 4,Base 3 -week 1,Base 3 -week 2,Base 3 -week 4,Build 1 -week 1,Build 1 -week 2,Build 1 -week 4,Base 3 -week 1,Base 3 -week 2,Base 3 -week 4,Build 1 -week 1,Build 1 -week 2,Build 1 -week 4,Build 2 -week 1,Build 2 -week 2,Build 2 -week 4,Build 2 -week 1,Build 2 -week 2,Build 2 -week 4,NULL,NULL,NULL,NULL,NULL,NULL,NULL,NULL,NULL,NULL,NULL,NULL,NULL,NULL,NULL,NULL,NULL,NULL,NULL,NULL,NULL,NULL,NULL,NULL,NULL,NULL,NULL,NULL
A2-B,S,Over40,21.0,Base 3 -week 4,Build 1 -week 2,Build 1 -week 4,Base 3 -week 1,Base 3 -week 2,Base 3 -week 4,Build 1 -week 1,Build 1 -week 2,Build 1 -week 4,Base 3 -week 1,Base 3 -week 2,Base 3 -week 4,Build 1 -week 1,Build 1 -week 2,Build 1 -week 4,Build 2 -week 1,Build 2 -week 2,Build 2 -week 4,Build 2 -week 1,Build 2 -week 2,Build 2 -week 4,NULL,NULL,NULL,NULL,NULL,NULL,NULL,NULL,NULL,NULL,NULL,NULL,NULL,NULL,NULL,NULL,NULL,NULL,NULL,NULL,NULL,NULL,NULL,NULL,NULL,NULL,NULL
A2-B,S,Over40,22.0,Base 3 -week 4,Build 1 -week 1,Build 1 -week 2,Build 1 -week 4,Base 3 -week 1,Base 3 -week 2,Base 3 -week 4,Build 1 -week 1,Build 1 -week 2,Build 1 -week 4,Base 3 -week 1,Base 3 -week 2,Base 3 -week 4,Build 1 -week 1,Build 1 -week 2,Build 1 -week 4,Build 2 -week 1,Build 2 -week 2,Build 2 -week 4,Build 2 -week 1,Build 2 -week 2,Build 2 -week 4,NULL,NULL,NULL,NULL,NULL,NULL,NULL,NULL,NULL,NULL,NULL,NULL,NULL,NULL,NULL,NULL,NULL,NULL,NULL,NULL,NULL,NULL,NULL,NULL,NULL,NULL
A2-B,S,Over40,23.0,Base 3 -week 1,Base 3 -week 4,Build 1 -week 1,Build 1 -week 2,Build 1 -week 4,Base 3 -week 1,Base 3 -week 2,Base 3 -week 4,Build 1 -week 1,Build 1 -week 2,Build 1 -week 4,Base 3 -week 1,Base 3 -week 2,Base 3 -week 4,Build 1 -week 1,Build 1 -week 2,Build 1 -week 4,Build 2 -week 1,Build 2 -week 2,Build 2 -week 4,Build 2 -week 1,Build 2 -week 2,Build 2 -week 4,NULL,NULL,NULL,NULL,NULL,NULL,NULL,NULL,NULL,NULL,NULL,NULL,NULL,NULL,NULL,NULL,NULL,NULL,NULL,NULL,NULL,NULL,NULL,NULL,NULL
A2-B,S,Over40,24.0,Base 3 -week 1,Base 3 -week 2,Base 3 -week 4,Build 1 -week 1,Build 1 -week 2,Build 1 -week 4,Base 3 -week 1,Base 3 -week 2,Base 3 -week 4,Build 1 -week 1,Build 1 -week 2,Build 1 -week 4,Base 3 -week 1,Base 3 -week 2,Base 3 -week 4,Build 1 -week 1,Build 1 -week 2,Build 1 -week 4,Build 2 -week 1,Build 2 -week 2,Build 2 -week 4,Build 2 -week 1,Build 2 -week 2,Build 2 -week 4,NULL,NULL,NULL,NULL,NULL,NULL,NULL,NULL,NULL,NULL,NULL,NULL,NULL,NULL,NULL,NULL,NULL,NULL,NULL,NULL,NULL,NULL,NULL,NULL
A2-B,S,Over40,25.0,Base 3 -week 4,Base 3 -week 1,Base 3 -week 2,Base 3 -week 4,Build 1 -week 1,Build 1 -week 2,Build 1 -week 4,Base 3 -week 1,Base 3 -week 2,Base 3 -week 4,Build 1 -week 1,Build 1 -week 2,Build 1 -week 4,Base 3 -week 1,Base 3 -week 2,Base 3 -week 4,Build 1 -week 1,Build 1 -week 2,Build 1 -week 4,Build 2 -week 1,Build 2 -week 2,Build 2 -week 4,Build 2 -week 1,Build 2 -week 2,Build 2 -week 4,NULL,NULL,NULL,NULL,NULL,NULL,NULL,NULL,NULL,NULL,NULL,NULL,NULL,NULL,NULL,NULL,NULL,NULL,NULL,NULL,NULL,NULL,NULL
A2-B,S,Over40,26.0,Base 3 -week 1,Base 3 -week 4,Base 3 -week 1,Base 3 -week 2,Base 3 -week 4,Build 1 -week 1,Build 1 -week 2,Build 1 -week 4,Base 3 -week 1,Base 3 -week 2,Base 3 -week 4,Build 1 -week 1,Build 1 -week 2,Build 1 -week 4,Base 3 -week 1,Base 3 -week 2,Base 3 -week 4,Build 1 -week 1,Build 1 -week 2,Build 1 -week 4,Build 2 -week 1,Build 2 -week 2,Build 2 -week 4,Build 2 -week 1,Build 2 -week 2,Build 2 -week 4,NULL,NULL,NULL,NULL,NULL,NULL,NULL,NULL,NULL,NULL,NULL,NULL,NULL,NULL,NULL,NULL,NULL,NULL,NULL,NULL,NULL,NULL
A2-B,S,Under40,8.0,Base 3 -week 4,Build 1 -week 2,Build 1 -week 3,Build 1 -week 4,Build 2 -week 1,Build 2 -week 2,Build 2 -week 3,Build 2 -week 4,NULL,NULL,NULL,NULL,NULL,NULL,NULL,NULL,NULL,NULL,NULL,NULL,NULL,NULL,NULL,NULL,NULL,NULL,NULL,NULL,NULL,NULL,NULL,NULL,NULL,NULL,NULL,NULL,NULL,NULL,NULL,NULL,NULL,NULL,NULL,NULL,NULL,NULL,NULL,NULL
A2-B,S,Under40,11.0,Base 3 -week 4,Base 3 -week 3,Base 3 -week 4,Build 1 -week 1,Build 1 -week 2,Build 1 -week 3,Build 1 -week 4,Build 2 -week 1,Build 2 -week 2,Build 2 -week 3,Build 2 -week 4,NULL,NULL,NULL,NULL,NULL,NULL,NULL,NULL,NULL,NULL,NULL,NULL,NULL,NULL,NULL,NULL,NULL,NULL,NULL,NULL,NULL,NULL,NULL,NULL,NULL,NULL,NULL,NULL,NULL,NULL,NULL,NULL,NULL,NULL,NULL,NULL,NULL
A2-B,W,Under40,2.0,Base 3 -week 1,Base 3 -week 4,NULL,NULL,NULL,NULL,NULL,NULL,NULL,NULL,NULL,NULL,NULL,NULL,NULL,NULL,NULL,NULL,NULL,NULL,NULL,NULL,NULL,NULL,NULL,NULL,NULL,NULL,NULL,NULL,NULL,NULL,NULL,NULL,NULL,NULL,NULL,NULL,NULL,NULL,NULL,NULL,NULL,NULL,NULL,NULL,NULL,NULL
A2-B,W,Under40,3.0,Base 2 -week 4,Base 3 -week 2,Base 3 -week 4,NULL,NULL,NULL,NULL,NULL,NULL,NULL,NULL,NULL,NULL,NULL,NULL,NULL,NULL,NULL,NULL,NULL,NULL,NULL,NULL,NULL,NULL,NULL,NULL,NULL,NULL,NULL,NULL,NULL,NULL,NULL,NULL,NULL,NULL,NULL,NULL,NULL,NULL,NULL,NULL,NULL,NULL,NULL,NULL,NULL
A2-B,W,Under40,4.0,Base 2 -week 4,Base 3 -week 1,Base 3 -week 2,Base 3 -week 4,NULL,NULL,NULL,NULL,NULL,NULL,NULL,NULL,NULL,NULL,NULL,NULL,NULL,NULL,NULL,NULL,NULL,NULL,NULL,NULL,NULL,NULL,NULL,NULL,NULL,NULL,NULL,NULL,NULL,NULL,NULL,NULL,NULL,NULL,NULL,NULL,NULL,NULL,NULL,NULL,NULL,NULL,NULL,NULL
A2-B,S,Over40,27.0,Base 3 -week 1,Base 3 -week 2,Base 3 -week 4,Base 3 -week 1,Base 3 -week 2,Base 3 -week 4,Build 1 -week 1,Build 1 -week 2,Build 1 -week 4,Base 3 -week 1,Base 3 -week 2,Base 3 -week 4,Build 1 -week 1,Build 1 -week 2,Build 1 -week 4,Base 3 -week 1,Base 3 -week 2,Base 3 -week 4,Build 1 -week 1,Build 1 -week 2,Build 1 -week 4,Build 2 -week 1,Build 2 -week 2,Build 2 -week 4,Build 2 -week 1,Build 2 -week 2,Build 2 -week 4,NULL,NULL,NULL,NULL,NULL,NULL,NULL,NULL,NULL,NULL,NULL,NULL,NULL,NULL,NULL,NULL,NULL,NULL,NULL,NULL,NULL
A2-B,S,Over40,28.0,Base 3 -week 4,Base 3 -week 1,Base 3 -week 2,Base 3 -week 4,Base 3 -week 1,Base 3 -week 2,Base 3 -week 4,Build 1 -week 1,Build 1 -week 2,Build 1 -week 4,Base 3 -week 1,Base 3 -week 2,Base 3 -week 4,Build 1 -week 1,Build 1 -week 2,Build 1 -week 4,Base 3 -week 1,Base 3 -week 2,Base 3 -week 4,Build 1 -week 1,Build 1 -week 2,Build 1 -week 4,Build 2 -week 1,Build 2 -week 2,Build 2 -week 4,Build 2 -week 1,Build 2 -week 2,Build 2 -week 4,NULL,NULL,NULL,NULL,NULL,NULL,NULL,NULL,NULL,NULL,NULL,NULL,NULL,NULL,NULL,NULL,NULL,NULL,NULL,NULL
A2-B,S,Over40,29.0,Build 1 -week 1,Build 1 -week 4,Base 3 -week 1,Base 3 -week 2,Base 3 -week 4,Base 3 -week 1,Base 3 -week 2,Base 3 -week 4,Build 1 -week 1,Build 1 -week 2,Build 1 -week 4,Base 3 -week 1,Base 3 -week 2,Base 3 -week 4,Build 1 -week 1,Build 1 -week 2,Build 1 -week 4,Base 3 -week 1,Base 3 -week 2,Base 3 -week 4,Build 1 -week 1,Build 1 -week 2,Build 1 -week 4,Build 2 -week 1,Build 2 -week 2,Build 2 -week 4,Build 2 -week 1,Build 2 -week 2,Build 2 -week 4,NULL,NULL,NULL,NULL,NULL,NULL,NULL,NULL,NULL,NULL,NULL,NULL,NULL,NULL,NULL,NULL,NULL,NULL,NULL
A2-B,S,Over40,30.0,Build 1 -week 1,Build 1 -week 2,Build 1 -week 4,Base 3 -week 1,Base 3 -week 2,Base 3 -week 4,Base 3 -week 1,Base 3 -week 2,Base 3 -week 4,Build 1 -week 1,Build 1 -week 2,Build 1 -week 4,Base 3 -week 1,Base 3 -week 2,Base 3 -week 4,Build 1 -week 1,Build 1 -week 2,Build 1 -week 4,Base 3 -week 1,Base 3 -week 2,Base 3 -week 4,Build 1 -week 1,Build 1 -week 2,Build 1 -week 4,Build 2 -week 1,Build 2 -week 2,Build 2 -week 4,Build 2 -week 1,Build 2 -week 2,Build 2 -week 4,NULL,NULL,NULL,NULL,NULL,NULL,NULL,NULL,NULL,NULL,NULL,NULL,NULL,NULL,NULL,NULL,NULL,NULL
A2-B,S,Over40,31.0,Base 3 -week 4,Build 1 -week 1,Build 1 -week 2,Build 1 -week 4,Base 3 -week 1,Base 3 -week 2,Base 3 -week 4,Base 3 -week 1,Base 3 -week 2,Base 3 -week 4,Build 1 -week 1,Build 1 -week 2,Build 1 -week 4,Base 3 -week 1,Base 3 -week 2,Base 3 -week 4,Build 1 -week 1,Build 1 -week 2,Build 1 -week 4,Base 3 -week 1,Base 3 -week 2,Base 3 -week 4,Build 1 -week 1,Build 1 -week 2,Build 1 -week 4,Build 2 -week 1,Build 2 -week 2,Build 2 -week 4,Build 2 -week 1,Build 2 -week 2,Build 2 -week 4,NULL,NULL,NULL,NULL,NULL,NULL,NULL,NULL,NULL,NULL,NULL,NULL,NULL,NULL,NULL,NULL,NULL
A2-B,S,Over40,32.0,Base 3 -week 2,Base 3 -week 4,Build 1 -week 1,Build 1 -week 2,Build 1 -week 4,Base 3 -week 1,Base 3 -week 2,Base 3 -week 4,Base 3 -week 1,Base 3 -week 2,Base 3 -week 4,Build 1 -week 1,Build 1 -week 2,Build 1 -week 4,Base 3 -week 1,Base 3 -week 2,Base 3 -week 4,Build 1 -week 1,Build 1 -week 2,Build 1 -week 4,Base 3 -week 1,Base 3 -week 2,Base 3 -week 4,Build 1 -week 1,Build 1 -week 2,Build 1 -week 4,Build 2 -week 1,Build 2 -week 2,Build 2 -week 4,Build 2 -week 1,Build 2 -week 2,Build 2 -week 4,NULL,NULL,NULL,NULL,NULL,NULL,NULL,NULL,NULL,NULL,NULL,NULL,NULL,NULL,NULL,NULL
A2-B,W,Over40,12.0,Base 2 -week 4,Base 3 -week 1,Base 3 -week 2,Base 3 -week 4,Base 3 -week 1,Base 3 -week 2,Base 3 -week 4,Build 1 -week 1,Build 1 -week 2,Build 1 -week 4,Build 2 -week 1,Build 2 -week 4,NULL,NULL,NULL,NULL,NULL,NULL,NULL,NULL,NULL,NULL,NULL,NULL,NULL,NULL,NULL,NULL,NULL,NULL,NULL,NULL,NULL,NULL,NULL,NULL,NULL,NULL,NULL,NULL,NULL,NULL,NULL,NULL,NULL,NULL,NULL,NULL
A2-B,W,Over40,13.0,Base 3 -week 4,Base 3 -week 1,Base 3 -week 2,Base 3 -week 4,Base 3 -week 1,Base 3 -week 2,Base 3 -week 4,Build 1 -week 1,Build 1 -week 2,Build 1 -week 4,Build 2 -week 1,Build 2 -week 2,Build 2 -week 4,NULL,NULL,NULL,NULL,NULL,NULL,NULL,NULL,NULL,NULL,NULL,NULL,NULL,NULL,NULL,NULL,NULL,NULL,NULL,NULL,NULL,NULL,NULL,NULL,NULL,NULL,NULL,NULL,NULL,NULL,NULL,NULL,NULL,NULL,NULL
A2-B,S,Under40,7.0,Base 3 -week 4,Build 1 -week 2,Build 1 -week 3,Build 1 -week 4,Build 2 -week 2,Build 2 -week 3,Build 2 -week 4,NULL,NULL,NULL,NULL,NULL,NULL,NULL,NULL,NULL,NULL,NULL,NULL,NULL,NULL,NULL,NULL,NULL,NULL,NULL,NULL,NULL,NULL,NULL,NULL,NULL,NULL,NULL,NULL,NULL,NULL,NULL,NULL,NULL,NULL,NULL,NULL,NULL,NULL,NULL,NULL,NULL
A2-B,S,Under40,9.0,Base 3 -week 4,Build 1 -week 1,Build 1 -week 2,Build 1 -week 3,Build 1 -week 4,Build 2 -week 1,Build 2 -week 2,Build 2 -week 3,Build 2 -week 4,NULL,NULL,NULL,NULL,NULL,NULL,NULL,NULL,NULL,NULL,NULL,NULL,NULL,NULL,NULL,NULL,NULL,NULL,NULL,NULL,NULL,NULL,NULL,NULL,NULL,NULL,NULL,NULL,NULL,NULL,NULL,NULL,NULL,NULL,NULL,NULL,NULL,NULL,NULL
A2-B,W,Under40,6.0,Base 2 -week 1,Base 2 -week 4,Base 3 -week 1,Base 3 -week 2,Base 3 -week 3,Base 3 -week 4,NULL,NULL,NULL,NULL,NULL,NULL,NULL,NULL,NULL,NULL,NULL,NULL,NULL,NULL,NULL,NULL,NULL,NULL,NULL,NULL,NULL,NULL,NULL,NULL,NULL,NULL,NULL,NULL,NULL,NULL,NULL,NULL,NULL,NULL,NULL,NULL,NULL,NULL,NULL,NULL,NULL,NULL
A2-B,W,Over40,14.0,Base 3 -week 1,Base 3 -week 4,Base 3 -week 1,Base 3 -week 2,Base 3 -week 4,Base 3 -week 1,Base 3 -week 2,Base 3 -week 4,Build 1 -week 1,Build 1 -week 2,Build 1 -week 4,Build 2 -week 1,Build 2 -week 2,Build 2 -week 4,NULL,NULL,NULL,NULL,NULL,NULL,NULL,NULL,NULL,NULL,NULL,NULL,NULL,NULL,NULL,NULL,NULL,NULL,NULL,NULL,NULL,NULL,NULL,NULL,NULL,NULL,NULL,NULL,NULL,NULL,NULL,NULL,NULL,NULL
A2-B,W,Over40,15.0,Base 3 -week 4,Base 3 -week 1,Base 3 -week 2,Base 3 -week 4,Base 3 -week 1,Base 3 -week 2,Base 3 -week 4,Base 3 -week 2,Base 3 -week 4,Build 1 -week 1,Build 1 -week 2,Build 1 -week 4,Build 2 -week 1,Build 2 -week 2,Build 2 -week 4,NULL,NULL,NULL,NULL,NULL,NULL,NULL,NULL,NULL,NULL,NULL,NULL,NULL,NULL,NULL,NULL,NULL,NULL,NULL,NULL,NULL,NULL,NULL,NULL,NULL,NULL,NULL,NULL,NULL,NULL,NULL,NULL,NULL
A2-B,W,Over40,16.0,Base 3 -week 4,Base 3 -week 1,Base 3 -week 2,Base 3 -week 4,Base 3 -week 1,Base 3 -week 2,Base 3 -week 4,Base 3 -week 1,Base 3 -week 2,Base 3 -week 4,Build 1 -week 1,Build 1 -week 2,Build 1 -week 4,Build 2 -week 1,Build 2 -week 2,Build 2 -week 4,NULL,NULL,NULL,NULL,NULL,NULL,NULL,NULL,NULL,NULL,NULL,NULL,NULL,NULL,NULL,NULL,NULL,NULL,NULL,NULL,NULL,NULL,NULL,NULL,NULL,NULL,NULL,NULL,NULL,NULL,NULL,NULL
A2-B,W,Over40,17.0,Base 3 -week 1,Base 3 -week 4,Base 3 -week 1,Base 3 -week 2,Base 3 -week 4,Base 3 -week 1,Base 3 -week 2,Base 3 -week 4,Base 3 -week 1,Base 3 -week 2,Base 3 -week 4,Build 1 -week 1,Build 1 -week 2,Build 1 -week 4,Build 2 -week 1,Build 2 -week 2,Build 2 -week 4,NULL,NULL,NULL,NULL,NULL,NULL,NULL,NULL,NULL,NULL,NULL,NULL,NULL,NULL,NULL,NULL,NULL,NULL,NULL,NULL,NULL,NULL,NULL,NULL,NULL,NULL,NULL,NULL,NULL,NULL,NULL
A2-B,W,Over40,18.0,Base 3 -week 4,Base 3 -week 1,Base 3 -week 2,Base 3 -week 4,Base 3 -week 1,Base 3 -week 2,Base 3 -week 4,Base 3 -week 1,Base 3 -week 2,Base 3 -week 4,Build 1 -week 1,Build 1 -week 2,Build 1 -week 4,Build 2 -week 1,Build 2 -week 2,Build 2 -week 4,Build 2 -week 1,Build 2 -week 4,NULL,NULL,NULL,NULL,NULL,NULL,NULL,NULL,NULL,NULL,NULL,NULL,NULL,NULL,NULL,NULL,NULL,NULL,NULL,NULL,NULL,NULL,NULL,NULL,NULL,NULL,NULL,NULL,NULL,NULL
A2-B,W,Over40,19.0,Base 3 -week 4,Base 3 -week 1,Base 3 -week 2,Base 3 -week 4,Base 3 -week 1,Base 3 -week 2,Base 3 -week 4,Base 3 -week 1,Base 3 -week 2,Base 3 -week 4,Build 1 -week 1,Build 1 -week 2,Build 1 -week 4,Build 2 -week 1,Build 2 -week 2,Build 2 -week 4,Build 2 -week 1,Build 2 -week 2,Build 2 -week 4,NULL,NULL,NULL,NULL,NULL,NULL,NULL,NULL,NULL,NULL,NULL,NULL,NULL,NULL,NULL,NULL,NULL,NULL,NULL,NULL,NULL,NULL,NULL,NULL,NULL,NULL,NULL,NULL,NULL
A2-B,W,Over40,20.0,Base 3 -week 2,Base 3 -week 4,Base 3 -week 1,Base 3 -week 2,Base 3 -week 4,Base 3 -week 1,Base 3 -week 2,Base 3 -week 4,Base 3 -week 1,Base 3 -week 2,Base 3 -week 4,Build 1 -week 1,Build 1 -week 2,Build 1 -week 4,Build 2 -week 1,Build 2 -week 2,Build 2 -week 4,Build 2 -week 1,Build 2 -week 2,Build 2 -week 4,NULL,NULL,NULL,NULL,NULL,NULL,NULL,NULL,NULL,NULL,NULL,NULL,NULL,NULL,NULL,NULL,NULL,NULL,NULL,NULL,NULL,NULL,NULL,NULL,NULL,NULL,NULL,NULL
A2-B,W,Over40,21.0,Base 3 -week 1,Base 3 -week 2,Base 3 -week 4,Base 3 -week 1,Base 3 -week 2,Base 3 -week 4,Base 3 -week 1,Base 3 -week 2,Base 3 -week 4,Base 3 -week 1,Base 3 -week 2,Base 3 -week 4,Build 1 -week 1,Build 1 -week 2,Build 1 -week 4,Build 2 -week 1,Build 2 -week 2,Build 2 -week 4,Build 2 -week 1,Build 2 -week 2,Build 2 -week 4,NULL,NULL,NULL,NULL,NULL,NULL,NULL,NULL,NULL,NULL,NULL,NULL,NULL,NULL,NULL,NULL,NULL,NULL,NULL,NULL,NULL,NULL,NULL,NULL,NULL,NULL,NULL
A2-B,W,Over40,22.0,Base 2 -week 4,Base 3 -week 1,Base 3 -week 2,Base 3 -week 4,Base 3 -week 1,Base 3 -week 2,Base 3 -week 4,Base 3 -week 1,Base 3 -week 2,Base 3 -week 4,Base 3 -week 1,Base 3 -week 2,Base 3 -week 4,Build 1 -week 1,Build 1 -week 2,Build 1 -week 4,Build 2 -week 1,Build 2 -week 2,Build 2 -week 4,Build 2 -week 1,Build 2 -week 2,Build 2 -week 4,NULL,NULL,NULL,NULL,NULL,NULL,NULL,NULL,NULL,NULL,NULL,NULL,NULL,NULL,NULL,NULL,NULL,NULL,NULL,NULL,NULL,NULL,NULL,NULL,NULL,NULL
A2-B,W,Over40,23.0,Base 2 -week 2,Base 2 -week 4,Base 3 -week 1,Base 3 -week 2,Base 3 -week 4,Base 3 -week 1,Base 3 -week 2,Base 3 -week 4,Base 3 -week 1,Base 3 -week 2,Base 3 -week 4,Base 3 -week 1,Base 3 -week 2,Base 3 -week 4,Build 1 -week 1,Build 1 -week 2,Build 1 -week 4,Build 2 -week 1,Build 2 -week 2,Build 2 -week 4,Build 2 -week 1,Build 2 -week 2,Build 2 -week 4,NULL,NULL,NULL,NULL,NULL,NULL,NULL,NULL,NULL,NULL,NULL,NULL,NULL,NULL,NULL,NULL,NULL,NULL,NULL,NULL,NULL,NULL,NULL,NULL,NULL
A2-B,W,Over40,24.0,Base 2 -week 1,Base 2 -week 2,Base 2 -week 4,Base 3 -week 1,Base 3 -week 2,Base 3 -week 4,Base 3 -week 1,Base 3 -week 2,Base 3 -week 4,Base 3 -week 1,Base 3 -week 2,Base 3 -week 4,Base 3 -week 1,Base 3 -week 2,Base 3 -week 4,Build 1 -week 1,Build 1 -week 2,Build 1 -week 4,Build 2 -week 1,Build 2 -week 2,Build 2 -week 4,Build 2 -week 1,Build 2 -week 2,Build 2 -week 4,NULL,NULL,NULL,NULL,NULL,NULL,NULL,NULL,NULL,NULL,NULL,NULL,NULL,NULL,NULL,NULL,NULL,NULL,NULL,NULL,NULL,NULL,NULL,NULL
A2-B,W,Under40,7.0,Base 3 -week 1,Base 3 -week 2,Base 3 -week 3,Base 3 -week 4,Build 1 -week 1,Build 1 -week 2,Build 1 -week 4,NULL,NULL,NULL,NULL,NULL,NULL,NULL,NULL,NULL,NULL,NULL,NULL,NULL,NULL,NULL,NULL,NULL,NULL,NULL,NULL,NULL,NULL,NULL,NULL,NULL,NULL,NULL,NULL,NULL,NULL,NULL,NULL,NULL,NULL,NULL,NULL,NULL,NULL,NULL,NULL,NULL
A2-B,W,Under40,10.0,Base 2 -week 3,Base 2 -week 4,Base 3 -week 1,Base 3 -week 2,Base 3 -week 3,Base 3 -week 4,Build 1 -week 1,Build 1 -week 2,Build 1 -week 3,Build 1 -week 4,NULL,NULL,NULL,NULL,NULL,NULL,NULL,NULL,NULL,NULL,NULL,NULL,NULL,NULL,NULL,NULL,NULL,NULL,NULL,NULL,NULL,NULL,NULL,NULL,NULL,NULL,NULL,NULL,NULL,NULL,NULL,NULL,NULL,NULL,NULL,NULL,NULL,NULL
A2-B,W,Over40,25.0,Base 2 -week 4,Base 2 -week 1,Base 2 -week 2,Base 2 -week 4,Base 3 -week 1,Base 3 -week 2,Base 3 -week 4,Base 3 -week 1,Base 3 -week 2,Base 3 -week 4,Base 3 -week 1,Base 3 -week 2,Base 3 -week 4,Base 3 -week 1,Base 3 -week 2,Base 3 -week 4,Build 1 -week 1,Build 1 -week 2,Build 1 -week 4,Build 2 -week 1,Build 2 -week 2,Build 2 -week 4,Build 2 -week 1,Build 2 -week 2,Build 2 -week 4,NULL,NULL,NULL,NULL,NULL,NULL,NULL,NULL,NULL,NULL,NULL,NULL,NULL,NULL,NULL,NULL,NULL,NULL,NULL,NULL,NULL,NULL,NULL
A2-B,W,Over40,26.0,Base 2 -week 2,Base 2 -week 4,Base 2 -week 1,Base 2 -week 2,Base 2 -week 4,Base 3 -week 1,Base 3 -week 2,Base 3 -week 4,Base 3 -week 1,Base 3 -week 2,Base 3 -week 4,Base 3 -week 1,Base 3 -week 2,Base 3 -week 4,Base 3 -week 1,Base 3 -week 2,Base 3 -week 4,Build 1 -week 1,Build 1 -week 2,Build 1 -week 4,Build 2 -week 1,Build 2 -week 2,Build 2 -week 4,Build 2 -week 1,Build 2 -week 2,Build 2 -week 4,NULL,NULL,NULL,NULL,NULL,NULL,NULL,NULL,NULL,NULL,NULL,NULL,NULL,NULL,NULL,NULL,NULL,NULL,NULL,NULL,NULL,NULL
A2-B,W,Over40,27.0,Base 2 -week 1,Base 2 -week 2,Base 2 -week 4,Base 2 -week 1,Base 2 -week 2,Base 2 -week 4,Base 3 -week 1,Base 3 -week 2,Base 3 -week 4,Base 3 -week 1,Base 3 -week 2,Base 3 -week 4,Base 3 -week 1,Base 3 -week 2,Base 3 -week 4,Base 3 -week 1,Base 3 -week 2,Base 3 -week 4,Build 1 -week 1,Build 1 -week 2,Build 1 -week 4,Build 2 -week 1,Build 2 -week 2,Build 2 -week 4,Build 2 -week 1,Build 2 -week 2,Build 2 -week 4,NULL,NULL,NULL,NULL,NULL,NULL,NULL,NULL,NULL,NULL,NULL,NULL,NULL,NULL,NULL,NULL,NULL,NULL,NULL,NULL,NULL
A2-B,W,Over40,28.0,Base 1 -week 4,Base 2 -week 1,Base 2 -week 2,Base 2 -week 4,Base 2 -week 1,Base 2 -week 2,Base 2 -week 4,Base 3 -week 1,Base 3 -week 2,Base 3 -week 4,Base 3 -week 1,Base 3 -week 2,Base 3 -week 4,Base 3 -week 1,Base 3 -week 2,Base 3 -week 4,Base 3 -week 1,Base 3 -week 2,Base 3 -week 4,Build 1 -week 1,Build 1 -week 2,Build 1 -week 4,Build 2 -week 1,Build 2 -week 2,Build 2 -week 4,Build 2 -week 1,Build 2 -week 2,Build 2 -week 4,NULL,NULL,NULL,NULL,NULL,NULL,NULL,NULL,NULL,NULL,NULL,NULL,NULL,NULL,NULL,NULL,NULL,NULL,NULL,NULL
A2-B,W,Over40,29.0,Base 1 -week 2,Base 1 -week 4,Base 2 -week 1,Base 2 -week 2,Base 2 -week 4,Base 2 -week 1,Base 2 -week 2,Base 2 -week 4,Base 3 -week 1,Base 3 -week 2,Base 3 -week 4,Base 3 -week 1,Base 3 -week 2,Base 3 -week 4,Base 3 -week 1,Base 3 -week 2,Base 3 -week 4,Base 3 -week 1,Base 3 -week 2,Base 3 -week 4,Build 1 -week 1,Build 1 -week 2,Build 1 -week 4,Build 2 -week 1,Build 2 -week 2,Build 2 -week 4,Build 2 -week 1,Build 2 -week 2,Build 2 -week 4,NULL,NULL,NULL,NULL,NULL,NULL,NULL,NULL,NULL,NULL,NULL,NULL,NULL,NULL,NULL,NULL,NULL,NULL,NULL
A2-B,W,Over40,30.0,Base 1 -week 1,Base 1 -week 2,Base 1 -week 4,Base 2 -week 1,Base 2 -week 2,Base 2 -week 4,Base 2 -week 1,Base 2 -week 2,Base 2 -week 4,Base 3 -week 1,Base 3 -week 2,Base 3 -week 4,Base 3 -week 1,Base 3 -week 2,Base 3 -week 4,Base 3 -week 1,Base 3 -week 2,Base 3 -week 4,Base 3 -week 1,Base 3 -week 2,Base 3 -week 4,Build 1 -week 1,Build 1 -week 2,Build 1 -week 4,Build 2 -week 1,Build 2 -week 2,Build 2 -week 4,Build 2 -week 1,Build 2 -week 2,Build 2 -week 4,NULL,NULL,NULL,NULL,NULL,NULL,NULL,NULL,NULL,NULL,NULL,NULL,NULL,NULL,NULL,NULL,NULL,NULL
A2-B,W,Over40,31.0,Base 1 -week 4,Base 1 -week 1,Base 1 -week 2,Base 1 -week 4,Base 2 -week 1,Base 2 -week 2,Base 2 -week 4,Base 2 -week 1,Base 2 -week 2,Base 2 -week 4,Base 3 -week 1,Base 3 -week 2,Base 3 -week 4,Base 3 -week 1,Base 3 -week 2,Base 3 -week 4,Base 3 -week 1,Base 3 -week 2,Base 3 -week 4,Base 3 -week 1,Base 3 -week 2,Base 3 -week 4,Build 1 -week 1,Build 1 -week 2,Build 1 -week 4,Build 2 -week 1,Build 2 -week 2,Build 2 -week 4,Build 2 -week 1,Build 2 -week 2,Build 2 -week 4,NULL,NULL,NULL,NULL,NULL,NULL,NULL,NULL,NULL,NULL,NULL,NULL,NULL,NULL,NULL,NULL,NULL
A2-B,W,Over40,32.0,Base 1 -week 2,Base 1 -week 4,Base 1 -week 1,Base 1 -week 2,Base 1 -week 4,Base 2 -week 1,Base 2 -week 2,Base 2 -week 4,Base 2 -week 1,Base 2 -week 2,Base 2 -week 4,Base 3 -week 1,Base 3 -week 2,Base 3 -week 4,Base 3 -week 1,Base 3 -week 2,Base 3 -week 4,Base 3 -week 1,Base 3 -week 2,Base 3 -week 4,Base 3 -week 1,Base 3 -week 2,Base 3 -week 4,Build 1 -week 1,Build 1 -week 2,Build 1 -week 4,Build 2 -week 1,Build 2 -week 2,Build 2 -week 4,Build 2 -week 1,Build 2 -week 2,Build 2 -week 4,NULL,NULL,NULL,NULL,NULL,NULL,NULL,NULL,NULL,NULL,NULL,NULL,NULL,NULL,NULL,NULL
A2-B,S,Under40,12.0,Base 3 -week 4,Base 3 -week 2,Base 3 -week 3,Base 3 -week 4,Build 1 -week 1,Build 1 -week 2,Build 1 -week 3,Build 1 -week 4,Build 2 -week 1,Build 2 -week 2,Build 2 -week 3,Build 2 -week 4,NULL,NULL,NULL,NULL,NULL,NULL,NULL,NULL,NULL,NULL,NULL,NULL,NULL,NULL,NULL,NULL,NULL,NULL,NULL,NULL,NULL,NULL,NULL,NULL,NULL,NULL,NULL,NULL,NULL,NULL,NULL,NULL,NULL,NULL,NULL,NULL
A2-B,S,Under40,13.0,Base 3 -week 4,Base 3 -week 1,Base 3 -week 2,Base 3 -week 3,Base 3 -week 4,Build 1 -week 1,Build 1 -week 2,Build 1 -week 3,Build 1 -week 4,Build 2 -week 1,Build 2 -week 2,Build 2 -week 3,Build 2 -week 4,NULL,NULL,NULL,NULL,NULL,NULL,NULL,NULL,NULL,NULL,NULL,NULL,NULL,NULL,NULL,NULL,NULL,NULL,NULL,NULL,NULL,NULL,NULL,NULL,NULL,NULL,NULL,NULL,NULL,NULL,NULL,NULL,NULL,NULL,NULL
A2-B,S,Under40,14.0,Base 3 -week 4,Build 1 -week 3,Build 1 -week 4,Base 3 -week 2,Base 3 -week 3,Base 3 -week 4,Build 1 -week 1,Build 1 -week 2,Build 1 -week 3,Build 1 -week 4,Build 2 -week 1,Build 2 -week 2,Build 2 -week 3,Build 2 -week 4,NULL,NULL,NULL,NULL,NULL,NULL,NULL,NULL,NULL,NULL,NULL,NULL,NULL,NULL,NULL,NULL,NULL,NULL,NULL,NULL,NULL,NULL,NULL,NULL,NULL,NULL,NULL,NULL,NULL,NULL,NULL,NULL,NULL,NULL
A2-B,S,Under40,15.0,Base 3 -week 4,Build 1 -week 3,Build 1 -week 4,Base 3 -week 1,Base 3 -week 2,Base 3 -week 3,Base 3 -week 4,Build 1 -week 1,Build 1 -week 2,Build 1 -week 3,Build 1 -week 4,Build 2 -week 1,Build 2 -week 2,Build 2 -week 3,Build 2 -week 4,NULL,NULL,NULL,NULL,NULL,NULL,NULL,NULL,NULL,NULL,NULL,NULL,NULL,NULL,NULL,NULL,NULL,NULL,NULL,NULL,NULL,NULL,NULL,NULL,NULL,NULL,NULL,NULL,NULL,NULL,NULL,NULL,NULL
A2-B,S,Under40,16.0,Base 3 -week 4,Build 1 -week 2,Build 1 -week 3,Build 1 -week 4,Base 3 -week 1,Base 3 -week 2,Base 3 -week 3,Base 3 -week 4,Build 1 -week 1,Build 1 -week 2,Build 1 -week 3,Build 1 -week 4,Build 2 -week 1,Build 2 -week 2,Build 2 -week 3,Build 2 -week 4,NULL,NULL,NULL,NULL,NULL,NULL,NULL,NULL,NULL,NULL,NULL,NULL,NULL,NULL,NULL,NULL,NULL,NULL,NULL,NULL,NULL,NULL,NULL,NULL,NULL,NULL,NULL,NULL,NULL,NULL,NULL,NULL
A2-B,S,Under40,17.0,Base 3 -week 4,Build 1 -week 1,Build 1 -week 2,Build 1 -week 3,Build 1 -week 4,Base 3 -week 1,Base 3 -week 2,Base 3 -week 3,Base 3 -week 4,Build 1 -week 1,Build 1 -week 2,Build 1 -week 3,Build 1 -week 4,Build 2 -week 1,Build 2 -week 2,Build 2 -week 3,Build 2 -week 4,NULL,NULL,NULL,NULL,NULL,NULL,NULL,NULL,NULL,NULL,NULL,NULL,NULL,NULL,NULL,NULL,NULL,NULL,NULL,NULL,NULL,NULL,NULL,NULL,NULL,NULL,NULL,NULL,NULL,NULL,NULL
A2-B,S,Under40,18.0,Base 2 -week 4,Base 3 -week 3,Base 3 -week 4,Build 1 -week 1,Build 1 -week 2,Build 1 -week 4,Base 3 -week 1,Base 3 -week 2,Base 3 -week 3,Base 3 -week 4,Build 1 -week 1,Build 1 -week 2,Build 1 -week 3,Build 1 -week 4,Build 2 -week 1,Build 2 -week 2,Build 2 -week 3,Build 2 -week 4,NULL,NULL,NULL,NULL,NULL,NULL,NULL,NULL,NULL,NULL,NULL,NULL,NULL,NULL,NULL,NULL,NULL,NULL,NULL,NULL,NULL,NULL,NULL,NULL,NULL,NULL,NULL,NULL,NULL,NULL
A2-B,S,Under40,19.0,Base 2 -week 4,Base 3 -week 2,Base 3 -week 3,Base 3 -week 4,Build 1 -week 1,Build 1 -week 2,Build 1 -week 4,Base 3 -week 1,Base 3 -week 2,Base 3 -week 3,Base 3 -week 4,Build 1 -week 1,Build 1 -week 2,Build 1 -week 3,Build 1 -week 4,Build 2 -week 1,Build 2 -week 2,Build 2 -week 3,Build 2 -week 4,NULL,NULL,NULL,NULL,NULL,NULL,NULL,NULL,NULL,NULL,NULL,NULL,NULL,NULL,NULL,NULL,NULL,NULL,NULL,NULL,NULL,NULL,NULL,NULL,NULL,NULL,NULL,NULL,NULL
A2-B,S,Under40,20.0,Base 2 -week 4,Base 3 -week 1,Base 3 -week 2,Base 3 -week 3,Base 3 -week 4,Build 1 -week 1,Build 1 -week 2,Build 1 -week 4,Base 3 -week 1,Base 3 -week 2,Base 3 -week 3,Base 3 -week 4,Build 1 -week 1,Build 1 -week 2,Build 1 -week 3,Build 1 -week 4,Build 2 -week 1,Build 2 -week 2,Build 2 -week 3,Build 2 -week 4,NULL,NULL,NULL,NULL,NULL,NULL,NULL,NULL,NULL,NULL,NULL,NULL,NULL,NULL,NULL,NULL,NULL,NULL,NULL,NULL,NULL,NULL,NULL,NULL,NULL,NULL,NULL,NULL
A2-B,S,Under40,21.0,Base 2 -week 1,Base 2 -week 4,Base 3 -week 1,Base 3 -week 2,Base 3 -week 3,Base 3 -week 4,Build 1 -week 1,Build 1 -week 2,Build 1 -week 4,Base 3 -week 1,Base 3 -week 2,Base 3 -week 3,Base 3 -week 4,Build 1 -week 1,Build 1 -week 2,Build 1 -week 3,Build 1 -week 4,Build 2 -week 1,Build 2 -week 2,Build 2 -week 3,Build 2 -week 4,NULL,NULL,NULL,NULL,NULL,NULL,NULL,NULL,NULL,NULL,NULL,NULL,NULL,NULL,NULL,NULL,NULL,NULL,NULL,NULL,NULL,NULL,NULL,NULL,NULL,NULL,NULL
A2-B,S,Under40,22.0,Base 2 -week 4,Build 1 -week 2,Build 1 -week 4,Base 3 -week 1,Base 3 -week 2,Base 3 -week 3,Base 3 -week 4,Build 1 -week 1,Build 1 -week 2,Build 1 -week 4,Base 3 -week 1,Base 3 -week 2,Base 3 -week 3,Base 3 -week 4,Build 1 -week 1,Build 1 -week 2,Build 1 -week 3,Build 1 -week 4,Build 2 -week 1,Build 2 -week 2,Build 2 -week 3,Build 2 -week 4,NULL,NULL,NULL,NULL,NULL,NULL,NULL,NULL,NULL,NULL,NULL,NULL,NULL,NULL,NULL,NULL,NULL,NULL,NULL,NULL,NULL,NULL,NULL,NULL,NULL,NULL
A2-B,S,Under40,23.0,Base 2 -week 4,Build 1 -week 1,Build 1 -week 2,Build 1 -week 4,Base 3 -week 1,Base 3 -week 2,Base 3 -week 3,Base 3 -week 4,Build 1 -week 1,Build 1 -week 2,Build 1 -week 4,Base 3 -week 1,Base 3 -week 2,Base 3 -week 3,Base 3 -week 4,Build 1 -week 1,Build 1 -week 2,Build 1 -week 3,Build 1 -week 4,Build 2 -week 1,Build 2 -week 2,Build 2 -week 3,Build 2 -week 4,NULL,NULL,NULL,NULL,NULL,NULL,NULL,NULL,NULL,NULL,NULL,NULL,NULL,NULL,NULL,NULL,NULL,NULL,NULL,NULL,NULL,NULL,NULL,NULL,NULL
A2-B,S,Under40,24.0,Base 2 -week 4,Build 1 -week 1,Build 1 -week 2,Build 1 -week 4,Base 3 -week 1,Base 3 -week 2,Base 3 -week 3,Base 3 -week 4,Build 1 -week 1,Build 1 -week 2,Build 1 -week 3,Build 1 -week 4,Base 3 -week 1,Base 3 -week 2,Base 3 -week 3,Base 3 -week 4,Build 1 -week 1,Build 1 -week 2,Build 1 -week 3,Build 1 -week 4,Build 2 -week 1,Build 2 -week 2,Build 2 -week 3,Build 2 -week 4,NULL,NULL,NULL,NULL,NULL,NULL,NULL,NULL,NULL,NULL,NULL,NULL,NULL,NULL,NULL,NULL,NULL,NULL,NULL,NULL,NULL,NULL,NULL,NULL
A2-B,S,Under40,25.0,Base 2 -week 1,Base 2 -week 4,Build 1 -week 1,Build 1 -week 2,Build 1 -week 4,Base 3 -week 1,Base 3 -week 2,Base 3 -week 3,Base 3 -week 4,Build 1 -week 1,Build 1 -week 2,Build 1 -week 3,Build 1 -week 4,Base 3 -week 1,Base 3 -week 2,Base 3 -week 3,Base 3 -week 4,Build 1 -week 1,Build 1 -week 2,Build 1 -week 3,Build 1 -week 4,Build 2 -week 1,Build 2 -week 2,Build 2 -week 3,Build 2 -week 4,NULL,NULL,NULL,NULL,NULL,NULL,NULL,NULL,NULL,NULL,NULL,NULL,NULL,NULL,NULL,NULL,NULL,NULL,NULL,NULL,NULL,NULL,NULL
A2-B,S,Under40,26.0,Base 2 -week 4,Base 2 -week 3,Base 2 -week 4,Build 1 -week 1,Build 1 -week 2,Build 1 -week 4,Base 3 -week 1,Base 3 -week 2,Base 3 -week 3,Base 3 -week 4,Build 1 -week 1,Build 1 -week 2,Build 1 -week 3,Build 1 -week 4,Base 3 -week 1,Base 3 -week 2,Base 3 -week 3,Base 3 -week 4,Build 1 -week 1,Build 1 -week 2,Build 1 -week 3,Build 1 -week 4,Build 2 -week 1,Build 2 -week 2,Build 2 -week 3,Build 2 -week 4,NULL,NULL,NULL,NULL,NULL,NULL,NULL,NULL,NULL,NULL,NULL,NULL,NULL,NULL,NULL,NULL,NULL,NULL,NULL,NULL,NULL,NULL
A2-B,S,Under40,27.0,Base 2 -week 4,Base 2 -week 2,Base 2 -week 3,Base 2 -week 4,Build 1 -week 1,Build 1 -week 2,Build 1 -week 4,Base 3 -week 1,Base 3 -week 2,Base 3 -week 3,Base 3 -week 4,Build 1 -week 1,Build 1 -week 2,Build 1 -week 3,Build 1 -week 4,Base 3 -week 1,Base 3 -week 2,Base 3 -week 3,Base 3 -week 4,Build 1 -week 1,Build 1 -week 2,Build 1 -week 3,Build 1 -week 4,Build 2 -week 1,Build 2 -week 2,Build 2 -week 3,Build 2 -week 4,NULL,NULL,NULL,NULL,NULL,NULL,NULL,NULL,NULL,NULL,NULL,NULL,NULL,NULL,NULL,NULL,NULL,NULL,NULL,NULL,NULL
A2-B,S,Under40,28.0,Base 2 -week 4,Base 2 -week 1,Base 2 -week 2,Base 2 -week 3,Base 2 -week 4,Build 1 -week 1,Build 1 -week 2,Build 1 -week 4,Base 3 -week 1,Base 3 -week 2,Base 3 -week 3,Base 3 -week 4,Build 1 -week 1,Build 1 -week 2,Build 1 -week 3,Build 1 -week 4,Base 3 -week 1,Base 3 -week 2,Base 3 -week 3,Base 3 -week 4,Build 1 -week 1,Build 1 -week 2,Build 1 -week 3,Build 1 -week 4,Build 2 -week 1,Build 2 -week 2,Build 2 -week 3,Build 2 -week 4,NULL,NULL,NULL,NULL,NULL,NULL,NULL,NULL,NULL,NULL,NULL,NULL,NULL,NULL,NULL,NULL,NULL,NULL,NULL,NULL
A2-B,W,Under40,8.0,Base 2 -week 4,Base 3 -week 1,Base 3 -week 2,Base 3 -week 3,Base 3 -week 4,Build 1 -week 1,Build 1 -week 2,Build 1 -week 4,NULL,NULL,NULL,NULL,NULL,NULL,NULL,NULL,NULL,NULL,NULL,NULL,NULL,NULL,NULL,NULL,NULL,NULL,NULL,NULL,NULL,NULL,NULL,NULL,NULL,NULL,NULL,NULL,NULL,NULL,NULL,NULL,NULL,NULL,NULL,NULL,NULL,NULL,NULL,NULL
A2-B,S,Under40,29.0,Base 2 -week 1,Base 2 -week 4,Base 2 -week 1,Base 2 -week 2,Base 2 -week 3,Base 2 -week 4,Build 1 -week 1,Build 1 -week 2,Build 1 -week 4,Base 3 -week 1,Base 3 -week 2,Base 3 -week 3,Base 3 -week 4,Build 1 -week 1,Build 1 -week 2,Build 1 -week 3,Build 1 -week 4,Base 3 -week 1,Base 3 -week 2,Base 3 -week 3,Base 3 -week 4,Build 1 -week 1,Build 1 -week 2,Build 1 -week 3,Build 1 -week 4,Build 2 -week 1,Build 2 -week 2,Build 2 -week 3,Build 2 -week 4,NULL,NULL,NULL,NULL,NULL,NULL,NULL,NULL,NULL,NULL,NULL,NULL,NULL,NULL,NULL,NULL,NULL,NULL,NULL
A2-B,S,Under40,30.0,Base 2 -week 4,Base 2 -week 3,Base 2 -week 4,Base 2 -week 1,Base 2 -week 2,Base 2 -week 3,Base 2 -week 4,Build 1 -week 1,Build 1 -week 2,Build 1 -week 4,Base 3 -week 1,Base 3 -week 2,Base 3 -week 3,Base 3 -week 4,Build 1 -week 1,Build 1 -week 2,Build 1 -week 3,Build 1 -week 4,Base 3 -week 1,Base 3 -week 2,Base 3 -week 3,Base 3 -week 4,Build 1 -week 1,Build 1 -week 2,Build 1 -week 3,Build 1 -week 4,Build 2 -week 1,Build 2 -week 2,Build 2 -week 3,Build 2 -week 4,NULL,NULL,NULL,NULL,NULL,NULL,NULL,NULL,NULL,NULL,NULL,NULL,NULL,NULL,NULL,NULL,NULL,NULL
A2-B,S,Under40,31.0,Base 2 -week 4,Base 2 -week 2,Base 2 -week 3,Base 2 -week 4,Base 2 -week 1,Base 2 -week 2,Base 2 -week 3,Base 2 -week 4,Build 1 -week 1,Build 1 -week 2,Build 1 -week 4,Base 3 -week 1,Base 3 -week 2,Base 3 -week 3,Base 3 -week 4,Build 1 -week 1,Build 1 -week 2,Build 1 -week 3,Build 1 -week 4,Base 3 -week 1,Base 3 -week 2,Base 3 -week 3,Base 3 -week 4,Build 1 -week 1,Build 1 -week 2,Build 1 -week 3,Build 1 -week 4,Build 2 -week 1,Build 2 -week 2,Build 2 -week 3,Build 2 -week 4,NULL,NULL,NULL,NULL,NULL,NULL,NULL,NULL,NULL,NULL,NULL,NULL,NULL,NULL,NULL,NULL,NULL
A2-B,S,Under40,32.0,Base 2 -week 4,Base 2 -week 1,Base 2 -week 2,Base 2 -week 3,Base 2 -week 4,Base 2 -week 1,Base 2 -week 2,Base 2 -week 3,Base 2 -week 4,Build 1 -week 1,Build 1 -week 2,Build 1 -week 4,Base 3 -week 1,Base 3 -week 2,Base 3 -week 3,Base 3 -week 4,Build 1 -week 1,Build 1 -week 2,Build 1 -week 3,Build 1 -week 4,Base 3 -week 1,Base 3 -week 2,Base 3 -week 3,Base 3 -week 4,Build 1 -week 1,Build 1 -week 2,Build 1 -week 3,Build 1 -week 4,Build 2 -week 1,Build 2 -week 2,Build 2 -week 3,Build 2 -week 4,NULL,NULL,NULL,NULL,NULL,NULL,NULL,NULL,NULL,NULL,NULL,NULL,NULL,NULL,NULL,NULL
A2-B,W,Under40,12.0,Base 2 -week 1,Base 2 -week 2,Base 2 -week 3,Base 2 -week 4,Base 3 -week 1,Base 3 -week 2,Base 3 -week 3,Base 3 -week 4,Build 1 -week 1,Build 1 -week 2,Build 1 -week 3,Build 1 -week 4,NULL,NULL,NULL,NULL,NULL,NULL,NULL,NULL,NULL,NULL,NULL,NULL,NULL,NULL,NULL,NULL,NULL,NULL,NULL,NULL,NULL,NULL,NULL,NULL,NULL,NULL,NULL,NULL,NULL,NULL,NULL,NULL,NULL,NULL,NULL,NULL
A2-B,W,Under40,13.0,Base 2 -week 4,Base 2 -week 1,Base 2 -week 2,Base 2 -week 3,Base 2 -week 4,Base 3 -week 1,Base 3 -week 2,Base 3 -week 3,Base 3 -week 4,Build 1 -week 1,Build 1 -week 2,Build 1 -week 3,Build 1 -week 4,NULL,NULL,NULL,NULL,NULL,NULL,NULL,NULL,NULL,NULL,NULL,NULL,NULL,NULL,NULL,NULL,NULL,NULL,NULL,NULL,NULL,NULL,NULL,NULL,NULL,NULL,NULL,NULL,NULL,NULL,NULL,NULL,NULL,NULL,NULL
A2-B,W,Under40,14.0,Base 2 -week 4,Base 2 -week 1,Base 2 -week 2,Base 2 -week 3,Base 2 -week 4,Base 3 -week 1,Base 3 -week 2,Base 3 -week 3,Base 3 -week 4,Build 1 -week 1,Build 1 -week 2,Build 1 -week 4,Build 2 -week 2,Build 2 -week 4,NULL,NULL,NULL,NULL,NULL,NULL,NULL,NULL,NULL,NULL,NULL,NULL,NULL,NULL,NULL,NULL,NULL,NULL,NULL,NULL,NULL,NULL,NULL,NULL,NULL,NULL,NULL,NULL,NULL,NULL,NULL,NULL,NULL,NULL
A2-B,W,Under40,15.0,Base 2 -week 4,Base 2 -week 1,Base 2 -week 2,Base 2 -week 3,Base 2 -week 4,Base 3 -week 1,Base 3 -week 2,Base 3 -week 3,Base 3 -week 4,Build 1 -week 1,Build 1 -week 2,Build 1 -week 4,Build 2 -week 1,Build 2 -week 2,Build 2 -week 4,NULL,NULL,NULL,NULL,NULL,NULL,NULL,NULL,NULL,NULL,NULL,NULL,NULL,NULL,NULL,NULL,NULL,NULL,NULL,NULL,NULL,NULL,NULL,NULL,NULL,NULL,NULL,NULL,NULL,NULL,NULL,NULL,NULL
A2-B,W,Under40,16.0,Base 2 -week 4,Base 2 -week 1,Base 2 -week 2,Base 2 -week 3,Base 2 -week 4,Base 3 -week 1,Base 3 -week 2,Base 3 -week 3,Base 3 -week 4,Build 1 -week 1,Build 1 -week 2,Build 1 -week 3,Build 1 -week 4,Build 2 -week 1,Build 2 -week 2,Build 2 -week 4,NULL,NULL,NULL,NULL,NULL,NULL,NULL,NULL,NULL,NULL,NULL,NULL,NULL,NULL,NULL,NULL,NULL,NULL,NULL,NULL,NULL,NULL,NULL,NULL,NULL,NULL,NULL,NULL,NULL,NULL,NULL,NULL
A2-B,W,Under40,17.0,Base 2 -week 4,Base 2 -week 1,Base 2 -week 2,Base 2 -week 3,Base 2 -week 4,Base 3 -week 1,Base 3 -week 2,Base 3 -week 3,Base 3 -week 4,Build 1 -week 1,Build 1 -week 2,Build 1 -week 3,Build 1 -week 4,Build 2 -week 1,Build 2 -week 2,Build 2 -week 3,Build 2 -week 4,NULL,NULL,NULL,NULL,NULL,NULL,NULL,NULL,NULL,NULL,NULL,NULL,NULL,NULL,NULL,NULL,NULL,NULL,NULL,NULL,NULL,NULL,NULL,NULL,NULL,NULL,NULL,NULL,NULL,NULL,NULL
A2-B,W,Under40,18.0,Base 2 -week 4,Base 2 -week 2,Base 2 -week 4,Base 3 -week 1,Base 3 -week 2,Base 3 -week 4,Base 3 -week 1,Base 3 -week 2,Base 3 -week 3,Base 3 -week 4,Build 1 -week 1,Build 1 -week 2,Build 1 -week 3,Build 1 -week 4,Build 2 -week 1,Build 2 -week 2,Build 2 -week 3,Build 2 -week 4,NULL,NULL,NULL,NULL,NULL,NULL,NULL,NULL,NULL,NULL,NULL,NULL,NULL,NULL,NULL,NULL,NULL,NULL,NULL,NULL,NULL,NULL,NULL,NULL,NULL,NULL,NULL,NULL,NULL,NULL
A2-B,W,Under40,19.0,Base 2 -week 4,Base 2 -week 1,Base 2 -week 2,Base 2 -week 4,Base 3 -week 1,Base 3 -week 2,Base 3 -week 4,Base 3 -week 1,Base 3 -week 2,Base 3 -week 3,Base 3 -week 4,Build 1 -week 1,Build 1 -week 2,Build 1 -week 3,Build 1 -week 4,Build 2 -week 1,Build 2 -week 2,Build 2 -week 3,Build 2 -week 4,NULL,NULL,NULL,NULL,NULL,NULL,NULL,NULL,NULL,NULL,NULL,NULL,NULL,NULL,NULL,NULL,NULL,NULL,NULL,NULL,NULL,NULL,NULL,NULL,NULL,NULL,NULL,NULL,NULL
A2-B,W,Under40,20.0,Base 2 -week 4,Base 2 -week 1,Base 2 -week 2,Base 2 -week 3,Base 2 -week 4,Base 3 -week 1,Base 3 -week 2,Base 3 -week 4,Base 3 -week 1,Base 3 -week 2,Base 3 -week 3,Base 3 -week 4,Build 1 -week 1,Build 1 -week 2,Build 1 -week 3,Build 1 -week 4,Build 2 -week 1,Build 2 -week 2,Build 2 -week 3,Build 2 -week 4,NULL,NULL,NULL,NULL,NULL,NULL,NULL,NULL,NULL,NULL,NULL,NULL,NULL,NULL,NULL,NULL,NULL,NULL,NULL,NULL,NULL,NULL,NULL,NULL,NULL,NULL,NULL,NULL
A2-B,W,Under40,21.0,Base 2 -week 4,Base 2 -week 1,Base 2 -week 2,Base 2 -week 3,Base 2 -week 4,Base 3 -week 1,Base 3 -week 2,Base 3 -week 3,Base 3 -week 4,Base 3 -week 1,Base 3 -week 2,Base 3 -week 3,Base 3 -week 4,Build 1 -week 1,Build 1 -week 2,Build 1 -week 3,Build 1 -week 4,Build 2 -week 1,Build 2 -week 2,Build 2 -week 3,Build 2 -week 4,NULL,NULL,NULL,NULL,NULL,NULL,NULL,NULL,NULL,NULL,NULL,NULL,NULL,NULL,NULL,NULL,NULL,NULL,NULL,NULL,NULL,NULL,NULL,NULL,NULL,NULL,NULL
A2-B,W,Under40,22.0,Base 2 -week 1,Base 2 -week 4,Base 2 -week 1,Base 2 -week 2,Base 2 -week 3,Base 2 -week 4,Base 3 -week 1,Base 3 -week 2,Base 3 -week 3,Base 3 -week 4,Base 3 -week 1,Base 3 -week 2,Base 3 -week 3,Base 3 -week 4,Build 1 -week 1,Build 1 -week 2,Build 1 -week 3,Build 1 -week 4,Build 2 -week 1,Build 2 -week 2,Build 2 -week 3,Build 2 -week 4,NULL,NULL,NULL,NULL,NULL,NULL,NULL,NULL,NULL,NULL,NULL,NULL,NULL,NULL,NULL,NULL,NULL,NULL,NULL,NULL,NULL,NULL,NULL,NULL,NULL,NULL
A2-B,W,Under40,23.0,Base 1 -week 4,Base 2 -week 1,Base 2 -week 4,Base 2 -week 1,Base 2 -week 2,Base 2 -week 3,Base 2 -week 4,Base 3 -week 1,Base 3 -week 2,Base 3 -week 3,Base 3 -week 4,Base 3 -week 1,Base 3 -week 2,Base 3 -week 3,Base 3 -week 4,Build 1 -week 1,Build 1 -week 2,Build 1 -week 3,Build 1 -week 4,Build 2 -week 1,Build 2 -week 2,Build 2 -week 3,Build 2 -week 4,NULL,NULL,NULL,NULL,NULL,NULL,NULL,NULL,NULL,NULL,NULL,NULL,NULL,NULL,NULL,NULL,NULL,NULL,NULL,NULL,NULL,NULL,NULL,NULL,NULL
A2-B,W,Under40,24.0,Base 1 -week 4,Base 2 -week 1,Base 2 -week 2,Base 2 -week 4,Base 2 -week 1,Base 2 -week 2,Base 2 -week 3,Base 2 -week 4,Base 3 -week 1,Base 3 -week 2,Base 3 -week 3,Base 3 -week 4,Base 3 -week 1,Base 3 -week 2,Base 3 -week 3,Base 3 -week 4,Build 1 -week 1,Build 1 -week 2,Build 1 -week 3,Build 1 -week 4,Build 2 -week 1,Build 2 -week 2,Build 2 -week 3,Build 2 -week 4,NULL,NULL,NULL,NULL,NULL,NULL,NULL,NULL,NULL,NULL,NULL,NULL,NULL,NULL,NULL,NULL,NULL,NULL,NULL,NULL,NULL,NULL,NULL,NULL
A2-B,W,Under40,25.0,Base 1 -week 4,Base 2 -week 1,Base 2 -week 2,Base 2 -week 3,Base 2 -week 4,Base 2 -week 1,Base 2 -week 2,Base 2 -week 3,Base 2 -week 4,Base 3 -week 1,Base 3 -week 2,Base 3 -week 3,Base 3 -week 4,Base 3 -week 1,Base 3 -week 2,Base 3 -week 3,Base 3 -week 4,Build 1 -week 1,Build 1 -week 2,Build 1 -week 3,Build 1 -week 4,Build 2 -week 1,Build 2 -week 2,Build 2 -week 3,Build 2 -week 4,NULL,NULL,NULL,NULL,NULL,NULL,NULL,NULL,NULL,NULL,NULL,NULL,NULL,NULL,NULL,NULL,NULL,NULL,NULL,NULL,NULL,NULL,NULL
A2-B,W,Under40,26.0,Base 1 -week 1,Base 1 -week 4,Base 2 -week 1,Base 2 -week 2,Base 2 -week 3,Base 2 -week 4,Base 2 -week 1,Base 2 -week 2,Base 2 -week 3,Base 2 -week 4,Base 3 -week 1,Base 3 -week 2,Base 3 -week 3,Base 3 -week 4,Base 3 -week 1,Base 3 -week 2,Base 3 -week 3,Base 3 -week 4,Build 1 -week 1,Build 1 -week 2,Build 1 -week 3,Build 1 -week 4,Build 2 -week 1,Build 2 -week 2,Build 2 -week 3,Build 2 -week 4,NULL,NULL,NULL,NULL,NULL,NULL,NULL,NULL,NULL,NULL,NULL,NULL,NULL,NULL,NULL,NULL,NULL,NULL,NULL,NULL,NULL,NULL
A2-B,W,Under40,27.0,Base 1 -week 1,Base 1 -week 2,Base 1 -week 4,Base 2 -week 1,Base 2 -week 2,Base 2 -week 3,Base 2 -week 4,Base 2 -week 1,Base 2 -week 2,Base 2 -week 3,Base 2 -week 4,Base 3 -week 1,Base 3 -week 2,Base 3 -week 3,Base 3 -week 4,Base 3 -week 1,Base 3 -week 2,Base 3 -week 3,Base 3 -week 4,Build 1 -week 1,Build 1 -week 2,Build 1 -week 3,Build 1 -week 4,Build 2 -week 1,Build 2 -week 2,Build 2 -week 3,Build 2 -week 4,NULL,NULL,NULL,NULL,NULL,NULL,NULL,NULL,NULL,NULL,NULL,NULL,NULL,NULL,NULL,NULL,NULL,NULL,NULL,NULL,NULL
A2-B,W,Under40,28.0,Base 1 -week 4,Base 1 -week 1,Base 1 -week 2,Base 1 -week 4,Base 2 -week 1,Base 2 -week 2,Base 2 -week 3,Base 2 -week 4,Base 2 -week 1,Base 2 -week 2,Base 2 -week 3,Base 2 -week 4,Base 3 -week 1,Base 3 -week 2,Base 3 -week 3,Base 3 -week 4,Base 3 -week 1,Base 3 -week 2,Base 3 -week 3,Base 3 -week 4,Build 1 -week 1,Build 1 -week 2,Build 1 -week 3,Build 1 -week 4,Build 2 -week 1,Build 2 -week 2,Build 2 -week 3,Build 2 -week 4,NULL,NULL,NULL,NULL,NULL,NULL,NULL,NULL,NULL,NULL,NULL,NULL,NULL,NULL,NULL,NULL,NULL,NULL,NULL,NULL
A2-B,W,Under40,29.0,Base 1 -week 1,Base 1 -week 4,Base 1 -week 1,Base 1 -week 2,Base 1 -week 4,Base 2 -week 1,Base 2 -week 2,Base 2 -week 3,Base 2 -week 4,Base 2 -week 1,Base 2 -week 2,Base 2 -week 3,Base 2 -week 4,Base 3 -week 1,Base 3 -week 2,Base 3 -week 3,Base 3 -week 4,Base 3 -week 1,Base 3 -week 2,Base 3 -week 3,Base 3 -week 4,Build 1 -week 1,Build 1 -week 2,Build 1 -week 3,Build 1 -week 4,Build 2 -week 1,Build 2 -week 2,Build 2 -week 3,Build 2 -week 4,NULL,NULL,NULL,NULL,NULL,NULL,NULL,NULL,NULL,NULL,NULL,NULL,NULL,NULL,NULL,NULL,NULL,NULL,NULL
A2-B,W,Under40,30.0,Base 1 -week 4,Base 1 -week 2,Base 1 -week 4,Base 1 -week 1,Base 1 -week 2,Base 1 -week 4,Base 2 -week 1,Base 2 -week 2,Base 2 -week 3,Base 2 -week 4,Base 2 -week 1,Base 2 -week 2,Base 2 -week 3,Base 2 -week 4,Base 3 -week 1,Base 3 -week 2,Base 3 -week 3,Base 3 -week 4,Base 3 -week 1,Base 3 -week 2,Base 3 -week 3,Base 3 -week 4,Build 1 -week 1,Build 1 -week 2,Build 1 -week 3,Build 1 -week 4,Build 2 -week 1,Build 2 -week 2,Build 2 -week 3,Build 2 -week 4,NULL,NULL,NULL,NULL,NULL,NULL,NULL,NULL,NULL,NULL,NULL,NULL,NULL,NULL,NULL,NULL,NULL,NULL
A2-B,W,Under40,31.0,Base 1 -week 4,Base 1 -week 1,Base 1 -week 2,Base 1 -week 4,Base 1 -week 1,Base 1 -week 2,Base 1 -week 4,Base 2 -week 1,Base 2 -week 2,Base 2 -week 3,Base 2 -week 4,Base 2 -week 1,Base 2 -week 2,Base 2 -week 3,Base 2 -week 4,Base 3 -week 1,Base 3 -week 2,Base 3 -week 3,Base 3 -week 4,Base 3 -week 1,Base 3 -week 2,Base 3 -week 3,Base 3 -week 4,Build 1 -week 1,Build 1 -week 2,Build 1 -week 3,Build 1 -week 4,Build 2 -week 1,Build 2 -week 2,Build 2 -week 3,Build 2 -week 4,NULL,NULL,NULL,NULL,NULL,NULL,NULL,NULL,NULL,NULL,NULL,NULL,NULL,NULL,NULL,NULL,NULL
A2-B,W,Under40,32.0,Base 1 -week 1,Base 1 -week 4,Base 1 -week 1,Base 1 -week 2,Base 1 -week 4,Base 1 -week 1,Base 1 -week 2,Base 1 -week 4,Base 2 -week 1,Base 2 -week 2,Base 2 -week 3,Base 2 -week 4,Base 2 -week 1,Base 2 -week 2,Base 2 -week 3,Base 2 -week 4,Base 3 -week 1,Base 3 -week 2,Base 3 -week 3,Base 3 -week 4,Base 3 -week 1,Base 3 -week 2,Base 3 -week 3,Base 3 -week 4,Build 1 -week 1,Build 1 -week 2,Build 1 -week 3,Build 1 -week 4,Build 2 -week 1,Build 2 -week 2,Build 2 -week 3,Build 2 -week 4,NULL,NULL,NULL,NULL,NULL,NULL,NULL,NULL,NULL,NULL,NULL,NULL,NULL,NULL,NULL,NULL
